CustomerID,Recency,Frequency,Monetary,AveragePurchase,Cluster,PCA1,PCA2
12347.0,96,5,2540.29,508.058,0,0.798478436918951,1.600822394039851
12348.0,221,1,367.0,367.0,0,-0.720862275979277,-1.1310885486057396
12350.0,312,1,334.4,334.4,0,-0.8558079193637109,-1.1338452468311426
12352.0,275,3,1296.38,432.1266666666667,0,-0.05303595149006757,0.05456666643095032
12355.0,97,1,459.4,459.4,0,-0.340228099690257,-1.1424189502350945
12356.0,129,1,481.46000000000004,481.46000000000004,0,-0.2502046303500708,-1.1539299422051306
12357.0,183,1,6207.67,6207.67,2,23.231560316990432,-2.9622666634799466
12358.0,4,2,1168.06,584.03,0,0.4409958613244087,-0.3959982747961661
12359.0,10,3,3495.73,1165.2433333333333,0,3.61436696017798,1.4583329424924725
12362.0,31,5,2135.79,427.158,0,0.3225437873210506,1.2832212825110618
12363.0,37,1,299.1,299.1,0,-0.9967707426123309,-1.083435713816742
12364.0,302,1,310.32,310.32,0,-0.9544190346424921,-1.124843812351296
12367.0,213,1,168.9,168.9,0,-1.533136479051565,-1.0676520755929608
12370.0,69,1,938.39,938.39,0,1.6244400459224837,-1.2890358708009855
12371.0,31,1,1527.96,1527.96,0,4.042721829432323,-1.4689954538376204
12372.0,36,1,515.7,515.7,0,-0.10850591664174447,-1.1514030587465607
12373.0,343,1,364.6,364.6,0,-0.7323894595426461,-1.1477729343152825
12375.0,305,1,230.3,230.3,0,-1.2826130382890413,-1.100110198477536
12378.0,306,1,4008.62,4008.62,0,14.211817152503986,-2.288353159428115
12380.0,158,1,607.5500000000001,607.5500000000001,0,0.26647501643551275,-1.1977245388983522
12381.0,1,5,1845.31,369.062,0,-0.0194652996977438,1.05276122246274
12383.0,10,2,750.61,375.305,0,-0.5086157764327686,-0.5584790907097601
12384.0,30,2,585.27,292.635,0,-0.8849731909809585,-0.62535226235753
12386.0,193,2,401.9,200.95,0,-1.3043166333599847,-0.719646945184145
12388.0,99,2,334.95000000000005,167.47500000000002,0,-1.4553022911580502,-0.7321311619997659
12393.0,40,2,884.1,442.05,0,-0.2053947439159708,-0.5110843703102592
12394.0,154,2,1272.48,636.24,0,0.6764370380433025,-0.37701170340363377
12395.0,6,7,1762.63,251.80428571428573,0,-0.47084566415983814,1.3994314711698688
12397.0,244,1,1195.09,1195.09,0,2.674719318625174,-1.3947707412578443
12399.0,3,3,820.6,273.53333333333336,0,-0.8418475730308952,-0.20203162805783847
12401.0,100,1,84.3,84.3,0,-1.8785103267672145,-1.0248968607324893
12406.0,96,1,1621.25,1621.25,0,4.4243953178405615,-1.5076219823960582
12407.0,187,1,719.06,719.06,0,0.7233638054956808,-1.236934426446025
12408.0,153,2,1396.78,698.39,0,0.9591827354795632,-0.3287438149894661
12409.0,66,1,6207.08,6207.08,2,23.2307568036244,-2.9453567824960882
12410.0,253,2,693.3299999999999,346.66499999999996,0,-0.6422607742933866,-0.6153912540995607
12413.0,193,2,673.45,336.725,0,-0.6866509577091906,-0.6145115560205477
12414.0,189,2,319.61,159.805,0,-1.4914376270171825,-0.750935202488302
12415.0,71,10,44582.79,4458.279,3,34.11024279498573,42.518795363217826
12417.0,182,4,1572.48,393.12,0,-0.06342596466007644,0.5596428889501036
12420.0,154,1,600.39,600.39,0,0.23716795031695082,-1.194901290278416
12422.0,216,1,147.7,147.7,0,-1.62011661085937,-1.0614145242666075
12423.0,90,3,548.92,182.97333333333333,0,-1.2956218536454889,-0.3831920811888081
12427.0,62,2,586.08,293.04,0,-0.8835727556145684,-0.6296128389047806
12428.0,33,6,6580.52,1096.7533333333333,0,4.767878194099687,5.319131289404165
12429.0,455,1,1281.5,1281.5,0,3.0261621840707367,-1.452103547666235
12431.0,3,7,3055.05,436.4357142857143,0,0.7829732013637984,2.5479487548601942
12433.0,90,5,9033.92,1806.784,2,8.453378071529778,6.849438822151705
12436.0,336,1,509.01,509.01,0,-0.14008442391771625,-1.1921823351907812
12437.0,10,7,2040.81,291.5442857142857,0,-0.20103832477027161,1.6459738301239994
12441.0,486,1,173.55,173.55,0,-1.5178380611960374,-1.108137770540877
12442.0,182,1,172.06,172.06,0,-1.5197495195502817,-1.06421450450769
12444.0,1,2,1636.08,818.04,0,1.5055922210532005,-0.21436721784958834
12447.0,68,1,476.49,476.49,0,-0.26974347973202195,-1.143647580939657
12449.0,93,3,2724.58,908.1933333333333,0,2.3286159278182135,0.9675529582110841
12450.0,187,1,96.0,96.0,0,-1.831731655025365,-1.0410120066774586
12451.0,215,2,4927.87,2463.935,0,8.990118290616882,1.029517703405281
12455.0,187,3,477.46000000000004,159.15333333333334,0,-1.4160018161084316,-0.4414371550619892
12457.0,245,1,196.35,196.35,0,-1.4210092564095969,-1.0808579634679698
12461.0,126,2,826.88,413.44,0,-0.33673477826364484,-0.5455312213119344
12462.0,100,1,762.11,762.11,0,0.9011084163646996,-1.2380355236916454
12463.0,7,1,350.57,350.57,0,-0.7852839917949678,-1.0953322586896745
12464.0,284,1,213.89999999999998,213.89999999999998,0,-1.3495774484978038,-1.0919513796285076
12468.0,219,1,508.95000000000005,508.95000000000005,0,-0.13871446989043723,-1.1754391137300466
12471.0,152,12,10309.97,859.1641666666666,2,5.612490155941773,10.514689229808418
12472.0,153,2,1899.38,949.69,0,2.102393078260226,-0.13415332854636552
12473.0,61,3,1726.51,575.5033333333333,0,0.6664431848388435,0.3522848382917446
12474.0,4,3,1179.64,393.21333333333337,0,-0.24376186111145637,0.020803957522503524
12476.0,220,1,311.2,311.2,0,-0.9496776725328986,-1.1133991876886777
12477.0,39,2,3415.19,1707.595,0,5.551818165818482,0.4690148688130006
12478.0,182,1,680.99,680.99,0,0.5673122926716168,-1.2242485254572237
12480.0,30,2,1952.93,976.465,0,2.2258964019506005,-0.09583848462420153
12481.0,163,3,2070.23,690.0766666666667,0,1.2376133700023446,0.5511688139590941
12483.0,36,4,1185.46,296.365,0,-0.588317117438193,0.2949005376557444
12484.0,153,3,2017.24,672.4133333333333,0,1.1494791702507554,0.5196892880665583
12489.0,163,1,334.93,334.93,0,-0.8515764602266426,-1.1127133696244245
12490.0,97,4,2463.06,615.765,0,1.1502266554506144,1.2290210775311414
12491.0,334,1,460.40000000000003,460.40000000000003,0,-0.3394006677709216,-1.1766109404539224
12492.0,154,1,136.82,136.82,0,-1.6638778600925463,-1.0491308088928122
12494.0,338,2,210.82,105.41,0,-1.7409485697977651,-0.8143537133927259
12500.0,71,3,745.03,248.34333333333333,0,-0.968673547157935,-0.25868382728996553
12501.0,163,1,2169.39,2169.39,0,6.671327302665274,-1.68956285790588
12502.0,189,4,3021.07,755.2675,0,1.908657696827084,1.627669137141896
12504.0,91,1,449.4,449.4,0,-0.38115404628121274,-1.1384167717337024
12507.0,157,1,46.75,46.75,0,-2.033285726574515,-1.021236953118314
12508.0,61,1,275.19,275.19,0,-1.0951543168267834,-1.0793478049490577
12512.0,245,2,138.03,69.015,0,-1.9052316615903937,-0.8292419327807923
12516.0,5,1,583.2,583.2,0,0.16873178264370736,-1.1681973248646245
12517.0,30,4,2085.64,521.41,0,0.6373142560545269,0.9600707976321269
12518.0,1,3,1207.16,402.3866666666667,0,-0.19787678951091603,0.038323832999048846
12519.0,154,1,340.84,340.84,0,-0.8272159401241584,-1.1132852917374547
12520.0,38,1,987.42,987.42,0,1.8259344569919953,-1.3000222097641596
12523.0,10,3,398.7,132.9,0,-1.5447578410754592,-0.4650493909164062
12524.0,71,4,2962.6,740.65,0,1.8306836355974612,1.601386889298123
12526.0,90,2,797.38,398.69,0,-0.40333803304719384,-0.5518067133037192
12528.0,130,2,552.64,276.32,0,-0.9605743566549741,-0.6522798643889127
12530.0,31,3,1244.68,414.8933333333334,0,-0.13578921694695645,0.05733699200376274
12532.0,91,1,349.83000000000004,349.83000000000004,0,-0.7894788544924289,-1.1071067930216103
12534.0,337,1,1089.18,1089.18,0,2.2391104009950054,-1.3747608548630885
12535.0,93,2,716.35,358.175,0,-0.5876897239485108,-0.5836077417015195
12536.0,31,1,4279.71,4279.71,0,15.32732352668265,-2.3342885533756297
12538.0,61,1,363.95,363.95,0,-0.7311600416753565,-1.107258558293291
12539.0,71,1,1715.85,1715.85,0,4.812684043765295,-1.5337955550257258
12540.0,40,8,5047.38,630.9225,0,2.393033019108711,4.57540466449582
12541.0,61,2,757.44,378.72,0,-0.4937847208697958,-0.5631248384889966
12544.0,275,1,372.7,372.7,0,-0.6982330986532999,-1.140599857383717
12547.0,252,1,159.4,159.4,0,-1.5726335258361002,-1.0702395670355909
12552.0,334,1,120.0,120.0,0,-1.7353408577387643,-1.0695715033383637
12553.0,1,4,1356.57,339.1425,0,-0.35487628352514533,0.42617888248306246
12556.0,34,1,312.9,312.9,0,-0.9401371366733922,-1.0873463208579746
12557.0,40,3,8183.46,2727.82,2,11.422912830542336,4.365316757461545
12558.0,302,1,269.96,269.96,0,-1.1199306270840377,-1.1121525324394748
12559.0,312,1,75.60000000000001,75.60000000000001,0,-1.9171161483991916,-1.0524650872379977
12560.0,243,1,697.7,697.7,0,0.6349954952563366,-1.2382225523858483
12561.0,70,1,238.85,238.85,0,-1.2443046723602942,-1.069207110593294
12562.0,217,2,1304.3700000000001,652.1850000000001,0,0.7481036449475889,-0.37367034699412377
12567.0,127,6,4643.61,773.935,0,2.719136694286309,3.6498029172170896
12569.0,1,18,2534.95,140.83055555555555,0,-0.4526221186629038,3.8975201151853676
12571.0,64,1,248.35,248.35,0,-1.2052634224049135,-1.0713367447351259
12572.0,333,1,487.68,487.68,0,-0.22751479821840814,-1.1850462459162983
12576.0,131,4,1076.6299999999999,269.15749999999997,0,-0.7377956747655492,0.20100684058265395
12577.0,244,2,461.91,230.955,0,-1.1685227325342271,-0.7037031146326133
12580.0,160,1,415.7,415.7,0,-0.5203067951744651,-1.1376828224460005
12583.0,1,9,5093.2699999999995,565.9188888888889,0,2.1837372834379103,4.8585921556666
12584.0,158,4,835.94,208.985,0,-1.065855582922805,0.01952356575533587
12587.0,302,1,144.0,144.0,0,-1.6364777079546295,-1.072544167283553
12589.0,30,1,515.1800000000001,515.1800000000001,0,-0.11055550306555795,-1.1503818845455667
12590.0,6,2,9864.26,4932.13,2,20.22128217059927,2.9706035988654422
12592.0,67,2,437.6,218.8,0,-1.2213733551275294,-0.6878142151234202
12593.0,220,2,321.8,160.9,0,-1.4868844415575462,-0.7545185444088618
12594.0,64,3,850.83,283.61,0,-0.7923320723366244,-0.1919770964816352
12596.0,37,1,269.95,269.95,0,-1.1163114492444186,-1.0742694400449484
12597.0,96,1,912.66,912.66,0,1.518551430621662,-1.284804489018521
12598.0,30,4,1200.32,300.08,0,-0.5680031240339757,0.3067245427477171
12599.0,34,4,636.3,159.075,0,-1.3359424239095632,-0.11008130889184098
12600.0,30,3,884.02,294.67333333333335,0,-0.7365735731087921,-0.16650467985282513
12601.0,40,3,325.46,108.48666666666666,0,-1.6671775748620452,-0.5148227232431832
12602.0,1,1,153.12,153.12,0,-1.5949202456992961,-1.0323860658307282
12607.0,62,1,1579.51,1579.51,0,4.253694117266941,-1.489636690036264
12609.0,188,1,512.8,512.8,0,-0.12249790189597631,-1.172218514476767
12610.0,217,1,946.75,946.75,0,1.656679238671922,-1.3128202824696238
12614.0,161,1,315.6,315.6,0,-0.9308188828041181,-1.106349127410314
12615.0,152,2,1079.8,539.9,0,0.23819612081425023,-0.4513252896027781
12616.0,216,1,457.7,457.7,0,-0.34884322986632876,-1.1588946226973453
12617.0,61,1,355.53,355.53,0,-0.7656894670558773,-1.10461087303914
12619.0,183,2,871.84,435.92,0,-0.235256371273579,-0.536271923855247
12621.0,6,5,3424.84,684.9680000000001,0,1.8424461843111957,2.328527058677617
12623.0,130,1,305.1,305.1,0,-0.9734499697040121,-1.0986161429554824
12625.0,6,1,967.2,967.2,0,1.7434566103002844,-1.2890898093460998
12626.0,184,2,2440.39,1220.195,0,3.3325423578246705,0.07087703010066593
12627.0,184,3,2441.14,813.7133333333333,0,1.8551962408990497,0.7785172911655452
12628.0,183,3,786.46,262.15333333333336,0,-0.9012051662174019,-0.24896374068360272
12633.0,1,2,434.43,217.215,0,-1.2276722206546857,-0.6796072855661656
12635.0,32,2,1689.18,844.59,0,1.6259449261128436,-0.19823985212029094
12637.0,93,4,3630.15,907.5375,0,2.7392145619429886,2.0908790300304356
12638.0,183,1,671.69,671.69,0,0.5291602792166996,-1.2214670657038307
12643.0,40,5,3094.14,618.828,0,1.4521410130140981,2.056415263989919
12644.0,306,1,477.91,477.91,0,-0.26720748945066075,-1.178114584168791
12645.0,183,2,893.9200000000001,446.96000000000004,0,-0.1850333621836524,-0.5277232610206595
12646.0,213,1,615.28,615.28,0,0.2974151719409308,-1.2080171282946148
12647.0,32,7,2260.07,322.8671428571429,0,0.011362070268133184,1.8376031272143996
12648.0,126,1,318.05,318.05,0,-0.9202883013329928,-1.1021165226563274
12649.0,36,1,375.0,375.0,0,-0.6854999963376185,-1.1071596721362227
12650.0,182,1,314.44,314.44,0,-0.9358659583058003,-1.1089861703611368
12651.0,101,1,114.0,114.0,0,-1.7567279471294586,-1.034379026265544
12652.0,10,1,919.98,919.98,0,1.5497577201014214,-1.274813161989702
12654.0,303,1,171.23000000000002,171.23000000000002,0,-1.5248245065460764,-1.081249636548466
12659.0,61,1,91.68,91.68,0,-1.847707149555922,-1.0216427311973653
12662.0,90,5,1618.21,323.642,0,-0.2884044466523139,0.856510801887496
12664.0,1,4,2294.8,573.7,0,0.922475324391129,1.1185715277640904
12667.0,1,1,620.13,620.13,0,0.3202325983573495,-1.1792382618569826
12669.0,4,2,1607.73,803.865,0,1.4410660790131755,-0.2257722517670414
12670.0,61,2,1273.54,636.77,0,0.6801326247511752,-0.3633075880845316
12673.0,243,1,389.62,389.62,0,-0.6284041925382963,-1.1413462016615203
12674.0,93,2,993.8000000000001,496.90000000000003,0,0.04339604923989937,-0.4761880631029557
12676.0,125,3,800.15,266.71666666666664,0,-0.8775988590820671,-0.23217098503572198
12678.0,219,2,2073.52,1036.76,0,2.4975790753138645,-0.07616619629069354
12679.0,1,2,906.38,453.19,0,-0.15417814728553758,-0.496883489153867
12680.0,32,2,361.83,180.915,0,-1.3932358309303574,-0.7121468998326853
12681.0,34,7,5368.29,766.8985714285715,0,3.02662056200042,4.598425467844497
12682.0,3,16,7288.08,455.505,2,2.813521759326999,8.357953152474664
12683.0,6,10,4300.7,430.07,0,1.3391811585948414,4.321998394923439
12684.0,67,3,916.26,305.42,0,-0.6833782659551926,-0.151771219256284
12685.0,30,3,2019.54,673.18,0,1.1550094578335315,0.5386996957045475
12686.0,639,1,89.14,89.14,0,-1.8661067400390812,-1.1034651926219368
12689.0,247,1,511.03,511.03,0,-0.1305713722956865,-1.1800955833321396
12691.0,1,2,479.5,239.75,0,-1.1251563230241157,-0.6621576372892246
12693.0,6,2,454.01,227.005,0,-1.1832047536978532,-0.6727412579813284
12694.0,95,1,439.5,439.5,0,-0.42180802493601,-1.1358754704206437
12695.0,245,2,248.2,124.1,0,-1.6546397724854482,-0.7865876671790485
12697.0,30,1,223.68,223.68,0,-1.305962569386434,-1.058719146827631
12700.0,128,4,4939.99,1234.9975,0,4.522010539625824,3.0525084882247
12701.0,37,1,337.08,337.08,0,-0.8410192490313126,-1.0953785981341595
12704.0,244,3,1120.85,373.6166666666666,0,-0.345010879864211,-0.05001340553764255
12705.0,129,2,2319.67,1159.835,0,3.0587131760301496,0.03200002122914403
12708.0,61,4,792.87,198.2175,0,-1.1231533933622166,0.0016043644751443376
12709.0,1,6,4051.34,675.2233333333334,0,2.094808082155051,3.161473773507863
12710.0,246,2,430.06,215.03,0,-1.2409961373595766,-0.7163202923034836
12712.0,10,8,2680.03,335.00375,0,0.2512891822169476,2.4173970783399663
12713.0,90,1,848.55,848.55,0,1.2557267658193079,-1.2637873165620086
12716.0,182,1,375.59000000000003,375.59000000000003,0,-0.6850970317002374,-1.128214905906426
12717.0,34,2,1030.98,515.49,0,0.12878031913733867,-0.4533595192134375
12719.0,215,2,644.95,322.475,0,-0.7517807171470554,-0.6286905858841808
12720.0,4,13,3029.32,233.0246153846154,0,0.0705918378571192,3.6238215724274414
12721.0,95,4,2026.6299999999999,506.65749999999997,0,0.5560774121624743,0.9072314364156254
12722.0,4,1,302.92,302.92,0,-0.9806495770238429,-1.0799197946064916
12723.0,182,3,376.69,125.56333333333333,0,-1.5837984228385669,-0.503304731692317
12724.0,40,2,363.14,181.57,0,-1.390366610559453,-0.7127832557408157
12725.0,639,1,427.8,427.8,0,-0.477302084532296,-1.2099574833785613
12726.0,30,3,1363.9,454.6333333333334,0,0.06282482136123269,0.13152043264406788
12727.0,216,4,1903.54,475.885,0,0.38682548988881904,0.7990976567698639
12728.0,40,1,252.54,252.54,0,-1.187749238749115,-1.0692236615348936
12731.0,36,3,2705.2,901.7333333333332,0,2.2971194321283814,0.9636649477239677
12735.0,193,1,319.77,319.77,0,-0.9141601901928532,-1.1122345743451052
12736.0,40,1,234.0,234.0,0,-1.2637795886962473,-1.0633937227448746
12738.0,666,1,155.35,155.35,0,-1.5949602758286114,-1.1281445213224466
12739.0,335,1,975.54,975.54,0,1.7731138088644534,-1.3387406510909041
12740.0,154,1,427.6,427.6,0,-0.47142342872107357,-1.1405671412208442
12744.0,221,3,8209.58,2736.5266666666666,2,11.46392432782875,4.355665626948963
12747.0,152,5,2226.18,445.236,0,0.42742601425604065,1.3389728829290761
12748.0,5,106,14154.13,133.52952830188678,2,5.3476629621927465,28.564081427285828
12749.0,67,4,3518.29,879.5725,0,2.5872820714056637,2.0120453882254563
12750.0,278,1,275.88,275.88,0,-1.0953219177859235,-1.1105834510788721
12753.0,100,4,12940.51,3235.1275,2,15.414691368573584,8.960714777908905
12754.0,161,2,61.62,30.81,0,-2.0778730875559637,-0.8468181880416682
12755.0,252,2,3811.95,1905.975,0,6.451343644979313,0.5921806242992961
12757.0,5,6,3439.82,573.3033333333334,0,1.448335371713496,2.6381049170174276
12758.0,130,1,1570.19,1570.19,0,4.214534680491106,-1.4964261356127149
12759.0,99,1,444.8,444.8,0,-0.4001285991034067,-1.1381138384499956
12762.0,302,1,1436.93,1436.93,0,3.665675493617412,-1.4791085016837269
12763.0,578,1,320.08,320.08,0,-0.9182065464853277,-1.1673651862622547
12766.0,101,3,2554.2000000000003,851.4000000000001,0,2.044681353827338,0.8605964621538592
12772.0,31,1,892.47,892.47,0,1.4366524072153306,-1.2691643965739123
12775.0,280,2,634.25,317.125,0,-0.7770166417721864,-0.6421245882525825
12778.0,96,2,255.93,127.965,0,-1.6349991783746103,-0.7622963241216993
12779.0,221,5,2298.15,459.63,0,0.5113126138813187,1.3872716005083747
12781.0,154,1,277.48,277.48,0,-1.0870478156716392,-1.0933616174259335
12782.0,213,1,252.25,252.25,0,-1.1913279748394037,-1.0938616439936124
12783.0,152,2,622.84,311.42,0,-0.8012018064381404,-0.6282454421794578
12785.0,425,1,311.95,311.95,0,-0.9494334762780776,-1.1429383825399675
12787.0,93,1,186.56,186.56,0,-1.4590574621385966,-1.0560521127407119
12789.0,215,1,91.85,91.85,0,-1.8491370515067,-1.0437094407530243
12791.0,698,1,192.60000000000002,192.60000000000002,0,-1.4426444108197662,-1.1444320381155888
12793.0,101,2,545.48,272.74,0,-0.9764598923957015,-0.6509066323405951
12794.0,305,1,317.0,317.0,0,-0.9270665797984068,-1.1273731808451006
12797.0,455,1,254.03,254.03,0,-1.1873709151838445,-1.129013622715815
12802.0,188,1,427.58,427.58,0,-0.47197505521283734,-1.1454209209662267
12808.0,127,3,483.65000000000003,161.21666666666667,0,-1.4048616082672751,-0.4290163198495228
12816.0,216,1,253.55,253.55,0,-1.186038264478359,-1.094699261101748
12817.0,283,1,166.04,166.04,0,-1.5458318429705067,-1.0767587670389944
12820.0,182,1,210.35000000000002,210.35000000000002,0,-1.3627267525882703,-1.0762548689235385
12821.0,97,1,92.72,92.72,0,-1.8439394653113161,-1.0271157163880529
12823.0,246,1,229.5,229.5,0,-1.2850788343059505,-1.0914249881609794
12824.0,31,1,397.12,397.12,0,-0.5947194291553244,-1.1134006328395056
12826.0,61,3,577.1,192.36666666666667,0,-1.2482782217373654,-0.3615457955230714
12827.0,153,2,212.4,106.2,0,-1.734799488520758,-0.7872974965125049
12828.0,152,5,907.51,181.502,0,-1.1270477115572906,0.2733035953649986
12829.0,163,1,207.25,207.25,0,-1.3751770579208087,-1.0725641471481773
12830.0,93,3,2258.56,752.8533333333334,0,1.5523059340886964,0.6781354727442964
12832.0,153,2,383.03,191.515,0,-1.3466857185472911,-0.7212350717178646
12834.0,311,1,312.38,312.38,0,-0.9460955262078327,-1.126778072123727
12836.0,31,3,2161.73,720.5766666666667,0,1.3918599821210107,0.6268625596775058
12838.0,183,2,683.13,341.565,0,-0.6644947791250293,-0.6093343406811076
12839.0,96,5,2203.66,440.73199999999997,0,0.4016524756697062,1.3287784010221166
12840.0,66,2,1296.7,648.35,0,0.7327431339426971,-0.35505550013068066
12841.0,5,13,2167.8,166.75384615384615,0,-0.557703768359166,2.778660312214973
12842.0,253,1,310.73,310.73,0,-0.9520608838429132,-1.117968520865841
12843.0,67,5,1282.36,256.472,0,-0.6839932522226493,0.58838485125302
12844.0,61,2,325.96000000000004,162.98000000000002,0,-1.4752260235021086,-0.7301799580482266
12849.0,122,1,346.39,346.39,0,-0.8040140609184803,-1.1104563175663629
12851.0,246,1,135.18,135.18,0,-1.671874012677769,-1.0617658820836016
12854.0,7,1,420.46999999999997,420.46999999999997,0,-0.4986323487904079,-1.1173124486261539
12855.0,667,1,38.1,38.1,0,-2.075802487600299,-1.0914179756800273
12856.0,30,3,870.96,290.32,0,-0.7583293100258934,-0.17461547415391998
12857.0,70,1,801.6,801.6,0,1.063466602329493,-1.2461649344381256
12865.0,125,1,981.38,981.38,0,1.7999634842860497,-1.3105589784634477
12866.0,342,1,559.12,559.12,0,0.06532789464624222,-1.208797180621389
12867.0,97,2,1124.54,562.27,0,0.34072106420175885,-0.42614153069301214
12868.0,10,4,1176.3400000000001,294.08500000000004,0,-0.6003744129835453,0.29188670589326293
12872.0,455,1,378.53000000000003,378.53000000000003,0,-0.6768111218495423,-1.1681628880533208
12873.0,311,1,374.0,374.0,0,-0.6933991851214094,-1.1461546000763143
12875.0,364,1,293.76000000000005,293.76000000000005,0,-1.0231859840365705,-1.1284989667543188
12877.0,156,4,376.56,94.14,0,-1.691250063947618,-0.31920265936324954
12879.0,93,1,140.5,140.5,0,-1.6479440812629176,-1.0415684568254868
12881.0,99,1,298.0,298.0,0,-1.0021380582317243,-1.0919522950640848
12882.0,183,1,471.84000000000003,471.84000000000003,0,-0.29040096333639476,-1.158623847409047
12883.0,32,1,291.63,291.63,0,-1.0273352700867597,-1.080372041898846
12884.0,2,1,309.05,309.05,0,-0.9554835470849223,-1.0815614985409185
12885.0,125,3,1175.22,391.74,0,-0.2527960837760068,0.0007628295516950434
12886.0,250,2,1378.4,689.2,0,0.9160359533234732,-0.34972544768526526
12888.0,97,1,81.36,81.36,0,-1.8905254834018999,-1.0235435424584618
12891.0,158,2,289.0,144.5,0,-1.5606347399376752,-0.7583551666256669
12893.0,91,1,188.14,188.14,0,-1.4525504447271544,-1.05626306039172
12897.0,39,1,128.8,128.8,0,-1.6951785498339214,-1.0301704364649789
12901.0,36,6,1621.92,270.32,0,-0.4737344559414527,1.0795252960223247
12910.0,7,2,1286.6200000000001,643.3100000000001,0,0.7106301479710277,-0.35052450178294686
12912.0,152,2,804.24,402.12,0,-0.3885906719765164,-0.5580132212467509
12913.0,39,4,1401.49,350.3725,0,-0.2942448843086287,0.4538969909409495
12915.0,667,1,199.65,199.65,0,-1.4133050208279576,-1.1422176850396586
12917.0,278,1,594.0,594.0,0,0.20925062402538708,-1.2106168991846342
12919.0,3,3,676.82,225.60666666666668,0,-1.0813605786925193,-0.291324890279234
12921.0,36,20,7377.78,368.889,2,2.565001923727052,9.118173768149797
12922.0,338,1,405.38,405.38,0,-0.5650864365883193,-1.1598815680402352
12923.0,184,1,176.97,176.97,0,-1.4996418135983534,-1.066044349885119
12924.0,2,2,508.23,254.115,0,-1.0598210838194595,-0.6511772524435682
12925.0,213,1,325.74,325.74,0,-0.8899541659065695,-1.1169707163603058
12928.0,7,2,980.26,490.13,0,0.013785896848298007,-0.46913719861284797
12929.0,343,1,117.85,117.85,0,-1.7442820619943653,-1.0701819204837193
12931.0,33,5,35265.76,7053.152,3,39.37676620458811,28.056572111074235
12933.0,342,1,110.75,110.75,0,-1.7733845112758542,-1.067806368578196
12935.0,151,2,343.78,171.89,0,-1.435935862014232,-0.7361455175768479
12939.0,38,4,6397.92,1599.48,0,6.508149894367647,4.141292936774682
12942.0,455,1,258.75,258.75,0,-1.168014752737757,-1.1304978358274056
12944.0,244,1,317.56,317.56,0,-0.9239275524161916,-1.1188297387548591
12947.0,66,4,950.12,237.53,0,-0.9091347134402734,0.11693661294297253
12948.0,31,2,660.6700000000001,330.33500000000004,0,-0.713482705660955,-0.5963027609135856
12949.0,91,5,3025.07,605.014,0,1.3700155465185102,1.9933069669579648
12950.0,152,2,1531.4,765.7,0,1.2654022306426376,-0.27648035590261044
12951.0,221,2,467.48,233.74,0,-1.1555355740437008,-0.6982588969497541
12952.0,243,1,297.73,297.73,0,-1.0052342279558786,-1.112451213775067
12955.0,121,5,2505.06,501.012,0,0.7566033302283293,1.5687780601853158
12956.0,192,1,108.07,108.07,0,-1.7823030709297494,-1.0455221574752946
12957.0,188,2,1000.2,500.1,0,0.056641300792048876,-0.4872897937728362
12962.0,302,1,95.85000000000001,95.85000000000001,0,-1.8339351701959679,-1.0574033068337465
12963.0,333,2,630.45,315.225,0,-0.7863921317552046,-0.6511718150908258
12965.0,32,1,771.91,771.91,0,0.9422362764401366,-1.231397015041797
12967.0,639,1,1368.4,1368.4,0,3.379987406313041,-1.505730969133245
12970.0,302,2,428.44,214.22,0,-1.2454544511074634,-0.7249523231524792
12971.0,10,35,3877.92,110.79771428571429,2,0.1590177419132377,7.719940430650699
12976.0,6,1,738.6,738.6,0,0.8059950138647707,-1.2172060980516912
12977.0,187,1,39.239999999999995,39.239999999999995,0,-2.064497710203317,-1.023163715106721
12980.0,10,5,4082.94,816.588,0,2.6181719572074185,2.8597918774042332
12981.0,61,1,185.04,185.04,0,-1.464848817783308,-1.0509999634215383
12982.0,37,1,390.54,390.54,0,-0.6217861040381254,-1.1121891983345056
12985.0,30,2,1239.38,619.69,0,0.6028607073800831,-0.3721019975598848
12989.0,2,7,2961.31,423.0442857142857,0,0.6920497822748286,2.4648201519009207
12990.0,122,3,409.5,136.5,0,-1.5283138262735791,-0.4743517874220293
12993.0,33,1,197.1,197.1,0,-1.4150054456772798,-1.0507898441156085
12994.0,33,2,621.82,310.91,0,-0.801878260107205,-0.6116301124903487
12997.0,2,1,307.92,307.92,0,-0.9601175436027356,-1.081206167859542
12999.0,129,1,320.28000000000003,320.28000000000003,0,-0.9111847708289689,-1.1032465800597553
13000.0,425,1,201.75,201.75,0,-1.401350658811733,-1.1082857798074923
13001.0,127,5,3717.6800000000003,743.5360000000001,0,2.185980390733782,2.547886496740643
13003.0,34,2,89.05000000000001,44.525000000000006,0,-2.0137268797790755,-0.8180443916673762
13004.0,71,7,2364.39,337.77,0,0.11202429684852278,1.9246983626513066
13005.0,160,1,321.65,321.65,0,-0.9059947354402572,-1.1081086183898363
13011.0,666,1,50.550000000000004,50.550000000000004,0,-2.0247326962417427,-1.0951899590142486
13012.0,67,2,330.12,165.06,0,-1.465846589592443,-0.7294269996098994
13013.0,36,10,4000.44,400.044,0,1.094486808027827,4.032924476696242
13014.0,153,4,1434.08,358.52,0,-0.2514498561386377,0.461652153456502
13015.0,129,3,979.37,326.45666666666665,0,-0.5791040941440655,-0.12143980571728197
13016.0,125,1,425.25,425.25,0,-0.4806599523967249,-1.1356828263980083
13017.0,302,1,204.0,204.0,0,-1.3904247955043636,-1.0914112831088572
13018.0,91,8,2116.4,264.55,0,-0.2598448514710072,1.891008943375819
13021.0,128,3,952.83,317.61,0,-0.6233014044604299,-0.13777928830267305
13023.0,184,2,689.9,344.95,0,-0.6491095978739414,-0.6068561585459376
13026.0,99,5,975.36,195.072,0,-1.0463327806309857,0.3357118486309002
13027.0,157,2,1536.0,768.0,0,1.2757962974107426,-0.2754141004763838
13029.0,91,1,474.29999999999995,474.29999999999995,0,-0.27904208761435234,-1.1462466248012035
13030.0,547,1,427.74,427.74,0,-0.4762774311331644,-1.1967878419060554
13034.0,578,1,165.86,165.86,0,-1.550644549119995,-1.1188704095526147
13037.0,250,1,326.9,326.9,0,-0.8857081878621891,-1.122624378982173
13038.0,96,1,196.66,196.66,0,-1.4176799912848461,-1.0596569068365587
13040.0,183,2,676.99,338.495,0,-0.678460778935362,-0.6117115503642763
13043.0,38,1,516.42,516.42,0,-0.10558090574259338,-1.1519153505355226
13045.0,336,1,305.28000000000003,305.28000000000003,0,-0.9755570881425946,-1.1281190434059614
13046.0,91,1,431.59,431.59,0,-0.45419075246019996,-1.1328163828528912
13047.0,122,7,1697.41,242.48714285714286,0,-0.5357178208118143,1.3249135308962923
13049.0,184,1,502.90000000000003,502.90000000000003,0,-0.16304138434976623,-1.1685336675674751
13050.0,64,5,1911.92,382.384,0,0.05818570030721759,1.0975859716285576
13052.0,36,1,348.15000000000003,348.15000000000003,0,-0.7956086746591124,-1.098716637804399
13055.0,67,1,344.86,344.86,0,-0.809528748804038,-1.102113330138715
13058.0,1,2,137.70000000000002,68.85000000000001,0,-1.9026121430846619,-0.7944915574369599
13059.0,251,1,183.4,183.4,0,-1.4741985488308678,-1.0776434701661832
13062.0,339,1,346.98,346.98,0,-0.8045917500650374,-1.141660518503135
13064.0,2,2,639.03,319.515,0,-0.762304345188917,-0.6005357171734577
13065.0,698,1,205.86,205.86,0,-1.3882667171682577,-1.148601670712981
13066.0,153,1,151.81,151.81,0,-1.6023918287735957,-1.053701500130305
13069.0,3,14,2825.74,201.8385714285714,0,-0.12754578012198692,3.582503308280647
13075.0,306,1,919.61,919.61,0,1.5441520343707145,-1.3170080018360715
13077.0,120,2,465.55,232.775,0,-1.1585305236157484,-0.6845688674599357
13078.0,1,10,4629.86,462.986,0,1.6070421372141925,4.634909325591549
13079.0,93,2,65.7,32.85,0,-2.0676535312112216,-0.8355184062542521
13081.0,61,6,17893.61,2982.2683333333334,2,16.72618279870297,14.986849280701607
13082.0,217,3,1747.54,582.5133333333333,0,0.699320909176987,0.34304618952905963
13083.0,213,1,111.36,111.36,0,-1.76910122209137,-1.0495585115164943
13085.0,218,1,137.98000000000002,137.98000000000002,0,-1.660004806726565,-1.0586439379019663
13089.0,7,37,27867.5,753.1756756756756,2,13.274060529661908,33.211375362776735
13090.0,122,6,4099.54,683.2566666666667,0,2.144087444731313,3.1853845070300157
13091.0,30,1,345.82,345.82,0,-0.805080857275176,-1.0971263056093417
13092.0,6,2,151.0,75.5,0,-1.8724291189305804,-0.7900569430134093
13093.0,99,4,3470.34,867.585,0,2.5215586421801337,1.9720851839256142
13094.0,39,8,1134.24,141.78,0,-1.1478596379284773,1.0013543079111664
13097.0,94,3,1944.28,648.0933333333334,0,1.0287551390385656,0.4828117919530285
13098.0,34,17,19025.14,1119.125882352941,2,10.505812220834066,20.337897916301188
13099.0,335,1,207.35999999999999,207.35999999999999,0,-1.377101629236303,-1.0971849671795357
13102.0,40,13,3843.97,295.69,0,0.6641954541932635,4.417721689250371
13104.0,182,1,339.48,339.48,0,-0.8331798761765559,-1.116860046698897
13107.0,71,1,566.84,566.84,0,0.10072976152395952,-1.1724871424518482
13108.0,667,1,350.06,350.06,0,-0.7964913781338823,-1.1895143998943918
13109.0,31,2,786.54,393.27,0,-0.42717970954913254,-0.5475699624086254
13110.0,122,3,781.88,260.62666666666667,0,-0.9079921330737214,-0.2430885728859098
13113.0,6,11,4756.24,432.38545454545454,0,1.5588825254581884,4.9511680758636185
13115.0,1,2,1779.6200000000001,889.8100000000001,0,1.8320872719937824,-0.1587931660707531
13117.0,64,5,664.71,132.942,0,-1.4120495940208897,0.0896663312766931
13122.0,185,1,18.72,18.72,0,-2.1486201822110558,-1.0164252750954088
13124.0,32,2,2610.01,1305.005,0,3.720458216886258,0.15827578184588542
13126.0,69,5,1126.69,225.33800000000002,0,-0.8675276860868508,0.46229589206463617
13130.0,185,1,64.0,64.0,0,-1.9629322509485885,-1.030663658504905
13131.0,219,1,324.9,324.9,0,-0.8934817788316286,-1.1175642359359261
13133.0,38,2,109.8,54.9,0,-1.9665843272176236,-0.8105824346730249
13134.0,96,1,360.04,360.04,0,-0.7476779106827716,-1.111032063228862
13136.0,36,1,574.46,574.46,0,0.13246190228454946,-1.169880254178142
13137.0,30,4,2019.3,504.825,0,0.5469957779956653,0.911113369189268
13138.0,667,1,193.23,193.23,0,-1.439632682460136,-1.1401989036463511
13139.0,128,3,1887.38,629.1266666666667,0,0.9334998157445411,0.44261449531817265
13140.0,486,1,159.51,159.51,0,-1.5754144427093997,-1.103722865437756
13141.0,97,1,360.18,360.18,0,-0.7471175992455135,-1.11121902969865
13144.0,40,1,110.95,110.95,0,-1.7683931033130014,-1.02470041270648
13145.0,93,3,499.72,166.57333333333335,0,-1.377622114860329,-0.41417612362153555
13147.0,91,2,356.40000000000003,178.20000000000002,0,-1.4064017793329975,-0.7226828692204756
13148.0,61,5,1698.09,339.618,0,-0.19383980742492668,0.9252103363042855
13153.0,243,1,486.22,486.22,0,-0.2322590034933677,-1.17172225814026
13155.0,183,2,468.96,234.48,0,-1.151644319740498,-0.6922540471704008
13157.0,7,1,300.12,300.12,0,-0.9921734823468997,-1.079468158799898
13158.0,3,3,944.65,314.8833333333333,0,-0.6352013889140191,-0.12499150301566209
13159.0,333,1,282.56,282.56,0,-1.0686876882483844,-1.120545865948192
13162.0,94,3,1139.86,379.9533333333333,0,-0.31127165199164475,-0.016765937885161675
13166.0,342,1,417.2,417.2,0,-0.5166692609361204,-1.1641701626559366
13167.0,276,2,416.76,208.38,0,-1.2716625823930645,-0.7257579187105541
13168.0,275,1,346.53000000000003,346.53000000000003,0,-0.8055531773003574,-1.1323706503645803
13169.0,154,2,712.88,356.44,0,-0.5964250945075509,-0.5936707487947183
13173.0,213,2,353.65,176.825,0,-1.4143419766065672,-0.7411866507403457
13174.0,578,1,1415.97,1415.97,0,3.57590889060004,-1.51196991229213
13177.0,184,1,282.45,282.45,0,-1.0670807935107858,-1.0992127395060036
13178.0,97,3,1465.06,488.3533333333333,0,0.23041475614747275,0.18476773685898173
13183.0,101,4,1799.42,449.855,0,0.2466598791773218,0.7386979057004835
13184.0,34,5,845.53,169.106,0,-1.1984811165422564,0.24008240796383162
13186.0,155,2,1301.94,650.97,0,0.7434327299941383,-0.3657486861363629
13187.0,192,1,236.02,236.02,0,-1.257595235129557,-1.0857562819727558
13192.0,216,1,447.62,447.62,0,-0.39018011915797335,-1.1557249472386941
13193.0,92,1,117.88,117.88,0,-1.7406922172315418,-1.034312610959818
13198.0,33,3,1824.44,608.1466666666666,0,0.829964631825042,0.41710578431854695
13199.0,122,13,2863.76,220.28923076923078,0,-0.05177613442546303,3.4445654358953264
13200.0,217,1,319.32,319.32,0,-0.9163370756392515,-1.1155237077651148
13203.0,33,2,309.86,154.93,0,-1.5114602309266552,-0.732410948444964
13207.0,4,1,197.52000000000004,197.52000000000004,0,-1.4128825265614768,-1.0467765611400406
13208.0,1,4,692.14,173.035,0,-1.2594633558291752,-0.06415551878749337
13209.0,91,4,2330.79,582.6975,0,0.9702307652732782,1.1322664506243534
13210.0,155,1,353.48,353.48,0,-0.7753946052597614,-1.1174029073375145
13211.0,215,1,775.94,775.94,0,0.9562352297950085,-1.258822861835229
13212.0,92,2,291.47,145.735,0,-1.5541049020559914,-0.7479646112356644
13213.0,96,2,548.6,274.3,0,-0.9692941027247564,-0.6489839531163228
13217.0,94,2,137.02,68.51,0,-1.9054433845274001,-0.8080485490297423
13218.0,247,1,62.63999999999999,62.63999999999999,0,-1.9693657958552664,-1.039098482250338
13220.0,158,2,643.09,321.545,0,-0.7552241743284334,-0.6212629554345857
13224.0,34,2,2155.95,1077.975,0,2.6876289847122727,-0.017807470797411074
13225.0,62,3,3428.0,1142.6666666666667,0,3.5008220839223325,1.4088367951971135
13226.0,38,1,108.21000000000001,108.21000000000001,0,-1.7796018955979782,-1.0235529280180662
13230.0,60,7,1567.12,223.8742857142857,0,-0.6612558836373628,1.218036199697754
13232.0,5,3,473.83,157.94333333333333,0,-1.419534989634224,-0.41767587125557054
13233.0,163,1,304.24,304.24,0,-0.9774325249449536,-1.1030628398797813
13235.0,36,1,1031.07,1031.07,0,2.004965574849815,-1.3134621501280102
13240.0,246,2,334.11,167.055,0,-1.4592433168060641,-0.7534690331992566
13242.0,67,2,104.0,52.0,0,-1.9801775142035922,-0.8169733601242526
13244.0,124,1,121.74000000000001,121.74000000000001,0,-1.72530479800127,-1.0401005777961783
13248.0,156,2,465.68,232.84,0,-1.1587320594558923,-0.6896644908418753
13249.0,124,2,419.57000000000005,209.78500000000003,0,-1.263171548797539,-0.7029426111427592
13253.0,187,2,1030.4,515.2,0,0.12534781546734597,-0.47545438600788403
13255.0,698,1,225.7,225.7,0,-1.306905220784703,-1.1548403970125483
13259.0,92,1,292.32,292.32,0,-1.025334383101135,-1.0891656057025854
13260.0,92,1,557.62,557.62,0,0.06262957811645808,-1.1725897028434717
13263.0,6,13,2727.1,209.77692307692308,0,-0.14983615280151352,3.3271044531287974
13265.0,2,4,1802.3,450.575,0,0.251948240674877,0.7549746577013122
13266.0,61,5,1601.99,320.398,0,-0.30712434794731747,0.8475481323147295
13267.0,10,11,2592.29,235.66272727272727,0,-0.1298247168158998,2.870564010496566
13268.0,7,3,843.88,281.29333333333335,0,-0.8031223038702873,-0.18814556844175212
13269.0,2,8,2941.9900000000002,367.74875000000003,0,0.48844099527233875,2.6578102838030744
13270.0,486,1,590.0,590.0,0,0.1899741953025178,-1.2390912769650084
13271.0,303,1,217.38,217.38,0,-1.33556880805308,-1.095761593137429
13272.0,32,2,276.56,138.28,0,-1.5871903592409564,-0.7451606896834676
13276.0,154,2,590.9300000000001,295.46500000000003,0,-0.873811686831669,-0.6408858499123786
13280.0,94,2,422.85,211.425,0,-1.255296523649969,-0.6973844050981239
13282.0,281,1,344.70000000000005,344.70000000000005,0,-0.8131406632808458,-1.1326528625290833
13283.0,31,2,93.66,46.83,0,-2.0031995708819332,-0.8158307189679079
13285.0,338,1,796.83,796.83,0,1.0402037730559583,-1.2829737762038231
13291.0,157,1,361.11,361.11,0,-0.7441325006100877,-1.1200880619656908
13292.0,334,1,329.37,329.37,0,-0.8767392197435611,-1.1354083040107625
13294.0,251,2,873.74,436.87,0,-0.23187386265646648,-0.5452564427916291
13297.0,276,2,1638.8999999999999,819.4499999999999,0,1.508208265848,-0.2525847848037279
13298.0,121,1,360.0,360.0,0,-0.7481872465858856,-1.1145930651398734
13301.0,248,2,306.99,153.495,0,-1.520957897673291,-0.7642549076451451
13302.0,156,1,63.75,63.75,0,-1.9635569226884804,-1.0264396927359545
13305.0,38,6,1086.21,181.035,0,-1.0400433115961085,0.6212533654958258
13307.0,33,1,15.0,15.0,0,-2.1617760349638373,-0.9935281475858107
13309.0,2,3,1007.09,335.69666666666666,0,-0.5311731654720633,-0.08607076531687063
13310.0,29,1,314.38,314.38,0,-0.9339987713739895,-1.0870969937173531
13311.0,4,2,598.57,299.285,0,-0.8543619940479741,-0.6164864087485761
13313.0,128,3,934.04,311.34666666666664,0,-0.6546023460126762,-0.14944864702530514
13314.0,121,2,276.32,138.16,0,-1.5889655317498772,-0.7579755546897631
13316.0,303,1,1514.17,1514.17,0,3.982413797553262,-1.5035397119890306
13317.0,245,1,959.7,959.7,0,1.7093989222389132,-1.3208948445554012
13318.0,120,3,640.76,213.58666666666667,0,-1.143046407472269,-0.3304439798842875
13319.0,61,15,6712.74,447.51599999999996,0,2.518589439819632,7.59801738531512
13320.0,67,2,508.61,254.305,0,-1.0598545201875078,-0.6603214366866423
13323.0,153,3,530.25,176.75,0,-1.327593053207155,-0.40379233657242425
13324.0,32,5,4649.83,929.966,0,3.2861289998007273,3.3147733166050126
13327.0,158,4,2084.42,521.105,0,0.6338853499521935,0.9408737355222992
13329.0,122,2,789.0,394.5,0,-0.42284110554024334,-0.5596253610217061
13330.0,124,2,805.11,402.555,0,-0.3862250395343939,-0.5536739757602027
13334.0,162,2,2731.84,1365.92,0,3.9957762948076514,0.18686180690065657
13338.0,218,1,487.02,487.02,0,-0.22863299736588383,-1.1684002396963689
13340.0,130,1,3678.03,3678.03,0,12.85853753014392,-2.1592404926328648
13344.0,161,3,2543.72,847.9066666666666,0,2.026394736233166,0.8455113614320745
13348.0,183,1,233.76,233.76,0,-1.2667389199390506,-1.0837591318142403
13351.0,245,1,373.94,373.94,0,-0.692733644375551,-1.1367014817915657
13352.0,62,1,397.97999999999996,397.97999999999996,0,-0.5916208435224399,-1.1181023006850717
13355.0,94,1,674.7,674.7,0,0.542733203894159,-1.2096916212563067
13359.0,154,1,439.56,439.56,0,-0.4223768815059873,-1.1443279863086884
13362.0,129,1,768.83,768.83,0,0.9282657938304786,-1.2442939934504245
13365.0,183,2,2225.37,1112.685,0,2.84347322535179,-0.012228825734813764
13368.0,193,1,35.400000000000006,35.400000000000006,0,-2.0803279687508893,-1.0228138788910763
13369.0,455,1,308.28000000000003,308.28000000000003,0,-0.9648980735100622,-1.146072639941194
13370.0,639,1,754.87,754.87,0,0.8639733500528459,-1.3128052762615983
13372.0,32,1,378.64,378.64,0,-0.6705175382151323,-1.1077325043648412
13373.0,62,3,3312.25,1104.0833333333333,0,3.3080022869732923,1.3369513097184207
13375.0,2,1,778.65,778.65,0,0.9702905810258267,-1.2292281250669652
13376.0,336,1,249.76,249.76,0,-1.2032380497965742,-1.1106606722289465
13379.0,304,1,299.53,299.53,0,-0.9986951741150502,-1.1217367624211037
13381.0,32,2,1177.98,588.99,0,0.463173085226503,-0.3961599807906311
13382.0,252,1,222.99,222.99,0,-1.3118584474575599,-1.0902355652911089
13384.0,91,2,1305.44,652.72,0,0.7522777744126457,-0.35524523441355155
13394.0,34,4,1218.27,304.5675,0,-0.5436203757347722,0.3193994663703016
13395.0,158,1,307.72,307.72,0,-0.9630923958972086,-1.1034424166000032
13396.0,61,1,973.72,973.72,0,1.7694346987379557,-1.2990019119065521
13397.0,96,2,678.62,339.31,0,-0.6735515464805428,-0.598644408652869
13402.0,247,2,621.23,310.615,0,-0.8061760432379071,-0.6424483861330814
13404.0,36,2,252.49,126.245,0,-1.641995056109328,-0.7550515890408469
13408.0,4,22,10221.25,464.60227272727275,2,4.203829741125373,12.357238716323891
13410.0,219,1,140.4,140.4,0,-1.6500944846161967,-1.059547854773116
13414.0,218,1,467.7,467.7,0,-0.30786203517486954,-1.162325028400621
13417.0,213,1,404.83,404.83,0,-0.5656154184783773,-1.1418407195373605
13418.0,36,11,3642.99,331.1809090909091,0,0.6897365246416824,3.8768014741394574
13419.0,154,1,221.06,221.06,0,-1.318419571012373,-1.0756202395115393
13422.0,184,1,2626.3,2626.3,0,8.54477118726515,-1.8362408966249868
13426.0,32,5,2017.32,403.464,0,0.1828752456841909,1.1873380551633255
13427.0,33,2,464.86,232.43,0,-1.1588983464638563,-0.6723999548144814
13429.0,62,1,165.72,165.72,0,-1.5440916676174197,-1.0450676953253195
13431.0,2,2,1269.1,634.55,0,0.6708483421883455,-0.35659296390405004
13434.0,246,1,72.84,72.84,0,-1.9275229887135952,-1.0421629487411106
13435.0,217,3,1137.28,379.0933333333333,0,-0.31726837191261326,-0.03595023697830446
13436.0,121,1,196.89,196.89,0,-1.417082089081934,-1.0633028107687843
13437.0,122,4,2374.81,593.7025,0,1.029733545225022,1.1603209817141176
13441.0,93,1,296.64,296.64,0,-1.0076323854298417,-1.0906669812415364
13447.0,183,2,654.01,327.005,0,-0.7307309215479758,-0.6206086641296215
13448.0,220,4,1423.26,355.815,0,-0.267106132075266,0.4440900423598054
13450.0,32,4,1289.34,322.335,0,-0.4468346233208893,0.37213341486513885
13451.0,5,3,1852.51,617.5033333333333,0,0.8771112104323211,0.43854081228451547
13455.0,486,1,692.94,692.94,0,0.612118975429691,-1.271460958682622
13456.0,154,2,884.7600000000001,442.38000000000005,0,-0.2054680835303515,-0.5271243643740255
13458.0,7,8,5803.16,725.395,0,3.077375998913153,5.270437958709795
13460.0,61,1,75.98,75.98,0,-1.9120909949804084,-1.016705835889744
13461.0,334,1,560.8,560.8,0,0.07232787239585647,-1.2081819142682646
13462.0,341,1,151.5,151.5,0,-1.606259762878256,-1.0804773415433524
13464.0,1,1,674.68,674.68,0,0.5439357045933828,-1.1963916146614881
13466.0,127,1,307.9,307.9,0,-0.9619260643809555,-1.099067778762076
13467.0,275,1,782.46,782.46,0,0.9821442581070507,-1.2694496803933273
13468.0,1,21,3397.3,161.7761904761905,0,0.03154929139414764,5.216342042932268
13470.0,336,1,49.5,49.5,0,-2.024480653918079,-1.0476885286426898
13471.0,121,2,985.1800000000001,492.59000000000003,0,0.023402322574636814,-0.48352785827102807
13473.0,40,2,422.64,211.32,0,-1.255028338781798,-0.6897467775407272
13475.0,189,2,525.26,262.63,0,-1.0236676170831527,-0.671314164810181
13476.0,283,1,727.6,727.6,0,0.757059382289017,-1.2533423930866239
13477.0,6,2,421.59,210.795,0,-1.2569470523706527,-0.6852932348426204
13483.0,215,1,140.34,140.34,0,-1.6502852894281435,-1.0589572148591742
13484.0,7,1,313.8,313.8,0,-0.9360734183082391,-1.0837698612080673
13486.0,157,2,819.61,409.805,0,-0.35369924072025416,-0.5527771696824578
13487.0,67,1,215.65,215.65,0,-1.339403695765686,-1.0614829962089225
13488.0,10,4,4038.12,1009.53,0,3.2957910096768197,2.40381600298709
13489.0,218,1,51.36,51.36,0,-2.015223194667265,-1.0314061116888358
13491.0,40,5,655.48,131.096,0,-1.4225986081132032,0.08563784066868485
13492.0,97,2,676.1,338.05,0,-0.6792973323691929,-0.5997630144585195
13493.0,99,1,439.28,439.28,0,-0.42276546704883133,-1.1363780637940675
13494.0,343,1,316.26000000000005,316.26000000000005,0,-0.930626089340077,-1.132572327998696
13495.0,244,3,1483.39,494.46333333333337,0,0.2589190483077548,0.17513876643164916
13497.0,311,2,348.05,174.025,0,-1.428433274765625,-0.7573632234189156
13499.0,61,1,323.62,323.62,0,-0.8965486076606769,-1.0945767119393823
13500.0,94,2,668.8,334.4,0,-0.6958604237556116,-0.6021605090760774
13502.0,69,1,74.56,74.56,0,-1.9180247434427384,-1.0174028597447782
13504.0,184,1,295.93,295.93,0,-1.0118009058469593,-1.1034515515280887
13506.0,578,1,301.12,301.12,0,-0.9959592668196118,-1.1614031776614586
13507.0,182,2,842.69,421.345,0,-0.30154693945548905,-0.5474149191352571
13508.0,68,1,110.97,110.97,0,-1.7686978223790428,-1.0287091113319045
13509.0,38,3,265.3,88.43333333333334,0,-1.7673662703319166,-0.5518986580657076
13510.0,96,3,1239.67,413.22333333333336,0,-0.14503280577421862,0.044934269068941046
13513.0,217,1,205.1,205.1,0,-1.3847398033070748,-1.0796070082723441
13515.0,190,1,203.4,203.4,0,-1.3913383778147665,-1.0752129736033404
13517.0,31,1,516.24,516.24,0,-0.10622238030406284,-1.1508581467913428
13520.0,1,3,1592.45,530.8166666666667,0,0.4439507661391544,0.27760468569957386
13521.0,121,2,805.77,402.885,0,-0.38468237220904566,-0.5529896154790597
13522.0,91,1,125.80000000000001,125.80000000000001,0,-1.708199420762981,-1.0366601270492288
13523.0,183,2,1545.79,772.895,0,1.2977054482987007,-0.2753402518729001
13524.0,250,1,159.20000000000002,159.20000000000002,0,-1.5734260781606824,-1.0698907902504482
13525.0,221,1,282.88,282.88,0,-1.06582845923455,-1.1046368522186634
13527.0,32,3,921.09,307.03000000000003,0,-0.6748488872419733,-0.14376857967136358
13531.0,486,1,305.45,305.45,0,-0.9769317419928691,-1.149613980163504
13532.0,183,1,210.31,210.31,0,-1.3629045998883629,-1.0763852340458506
13533.0,66,1,124.14999999999999,124.14999999999999,0,-1.7146205752272161,-1.0325677013758046
13534.0,131,7,1746.18,249.45428571428573,0,-0.4885303223232635,1.3669506318825317
13536.0,121,2,1009.0,504.5,0,0.0775831231417583,-0.4743055236369758
13538.0,33,4,728.55,182.1375,0,-1.210335009217419,-0.041859939797621926
13539.0,284,1,164.1,164.1,0,-1.5538013658315244,-1.0762916734935053
13548.0,68,2,682.41,341.205,0,-0.6645441030537018,-0.5931746334798625
13549.0,4,3,370.2,123.39999999999999,0,-1.5921511176335388,-0.4818913976902271
13552.0,125,3,909.34,303.11333333333334,0,-0.6957069054849552,-0.16435952793491404
13557.0,30,2,584.06,292.03,0,-0.8877254482725714,-0.6258207352755486
13558.0,92,3,445.93,148.64333333333335,0,-1.4672132866614567,-0.4474389710388437
13560.0,302,1,174.37,174.37,0,-1.511933925436053,-1.082094072410461
13561.0,128,1,141.85999999999999,141.85999999999999,0,-1.642850302793451,-1.04699912343438
13562.0,129,1,603.27,603.27,0,0.24932379074271083,-1.1922333318498022
13564.0,546,1,540.0,540.0,0,-0.01589861991359076,-1.23194527241567
13565.0,101,1,110.17999999999999,110.17999999999999,0,-1.7723933158887923,-1.0331778198913328
13569.0,517,1,118.32,118.32,0,-1.7447579398854098,-1.095201829609088
13570.0,68,1,239.49,239.49,0,-1.241652483910573,-1.0691224734297058
13571.0,124,5,983.75,196.75,0,-1.0367877868264288,0.33891855887651545
13575.0,1,1,147.41,147.41,0,-1.618336281200813,-1.0305905453080202
13576.0,61,8,3233.78,404.2225,0,0.7516598537122683,2.915892492614286
13577.0,7,2,728.45,364.225,0,-0.5589793168715561,-0.5666298973618275
13579.0,578,1,164.70000000000002,164.70000000000002,0,-1.5554015720940333,-1.1185056453133255
13581.0,284,1,118.0,118.0,0,-1.7428520202308122,-1.0617954395010634
13583.0,157,1,781.03,781.03,0,0.9779098159918407,-1.2521327165883855
13584.0,192,1,142.4,142.4,0,-1.6415197961894554,-1.056317292246673
13587.0,154,1,712.4,712.4,0,0.6965077290428558,-1.2301230510049546
13588.0,30,4,1043.85,260.9625,0,-0.7810289344329817,0.19125320074509233
13590.0,4,2,513.41,256.705,0,-1.048066317150245,-0.6494576101522658
13591.0,184,1,340.9,340.9,0,-0.8273842479654849,-1.117592454839154
13592.0,67,2,138.39,69.195,0,-1.9019542677089105,-0.8036586628923023
13593.0,163,1,559.85,559.85,0,0.07079389091192156,-1.183439897814881
13596.0,243,1,285.44,285.44,0,-1.0556340661894414,-1.108586599550184
13599.0,7,11,3283.43,298.49363636363637,0,0.4095521656668031,3.535330518269832
13601.0,6,1,373.2,373.2,0,-0.6924672229573499,-1.1023053626755894
13602.0,184,1,428.89,428.89,0,-0.4665476518571697,-1.1452610801969625
13606.0,60,3,280.53999999999996,93.51333333333332,0,-1.742282889048804,-0.5455787449677004
13610.0,68,2,235.2,117.6,0,-1.6817647504769813,-0.7663199009733345
13611.0,32,1,535.08,535.08,0,-0.028975577819804976,-1.1569253643600175
13614.0,32,1,302.15,302.15,0,-0.9841939927704798,-1.0836800762068828
13617.0,5,1,131.10999999999999,131.10999999999999,0,-1.6852359038503057,-1.0260367516402624
13623.0,91,2,342.84999999999997,171.42499999999998,0,-1.4372225118134554,-0.7279289915668824
13626.0,341,1,257.23,257.23,0,-1.1726735223221454,-1.1137243441468425
13627.0,31,1,304.29,304.29,0,-0.9754042935346275,-1.084210060138456
13629.0,91,5,3604.0,720.8,0,2.0524694387622953,2.461163155882769
13630.0,127,3,984.6999999999999,328.2333333333333,0,-0.5701975973703721,-0.11784377126119194
13631.0,336,1,52.5,52.5,0,-2.0121780082955656,-1.048631884433955
13632.0,68,1,261.58,261.58,0,-1.1510640033101334,-1.0760687165727219
13634.0,37,2,466.29,233.145,0,-1.15570092685609,-0.6724180778003941
13635.0,276,1,1071.03,1071.03,0,2.1655219285114793,-1.3603340171546563
13636.0,94,3,657.27,219.09,0,-1.115184445163457,-0.31647407125157756
13637.0,219,1,262.25,262.25,0,-1.150402028248448,-1.0978638224950046
13642.0,128,1,354.8,354.8,0,-0.7696085165074567,-1.1139585174983844
13643.0,122,3,519.44,173.14666666666668,0,-1.3451725003420245,-0.406074549637774
13645.0,33,1,252.1,252.1,0,-1.1894569425978692,-1.068084700288804
13649.0,486,1,197.8,197.8,0,-1.418391675747388,-1.115763229853604
13650.0,2,3,792.58,264.1933333333333,0,-0.8885103114205608,-0.21929025119189882
13651.0,244,1,15.0,15.0,0,-2.1646903722654,-1.023689162686459
13652.0,547,1,308.8,308.8,0,-0.9640363212470752,-1.1593869293016943
13654.0,37,2,798.24,399.12,0,-0.4006498459049539,-0.5438977595059509
13655.0,7,1,383.65,383.65,0,-0.6496268193973878,-1.1057343285480257
13656.0,193,1,162.70000000000002,162.70000000000002,0,-1.558285706168908,-1.0628436096337632
13662.0,36,1,305.24,305.24,0,-0.9715775158797945,-1.0852235054700023
13666.0,62,1,20.6,20.6,0,-2.13921164519713,-0.9994344311825175
13668.0,37,9,2249.39,249.9322222222222,0,-0.2458479582066343,2.200470579557434
13672.0,39,2,186.39000000000001,93.19500000000001,0,-1.7923870764620673,-0.7810722036650788
13673.0,153,1,213.6,213.6,0,-1.3489983377685633,-1.073131484911064
13675.0,34,1,178.38000000000002,178.38000000000002,0,-1.4917877663868886,-1.045046247177643
13678.0,34,1,232.6,232.6,0,-1.2694379511693317,-1.0620958308451094
13680.0,121,3,3029.9700000000003,1009.9900000000001,0,2.836956947402096,1.1532102325148785
13681.0,157,2,531.08,265.54,0,-1.009987502165747,-0.6644866664063491
13682.0,219,1,59.5,59.5,0,-1.9818558282366388,-1.0341086936019979
13685.0,62,5,2519.15,503.83000000000004,0,0.7740278044970261,1.5885983942250985
13686.0,66,1,72.0,72.0,0,-1.9284815649652387,-1.0161690332043112
13689.0,154,1,910.0,910.0,0,1.5068419873790655,-1.2922587524562892
13690.0,31,1,172.25,172.25,0,-1.5168847362001798,-1.04268982724557
13692.0,67,1,14.95,14.95,0,-2.162450687911826,-0.9983724937732803
13694.0,67,18,19940.56,1107.808888888889,2,10.881430129422146,21.482191576236836
13695.0,3,9,1724.47,191.60777777777778,0,-0.6937365351927577,1.715647552382194
13697.0,334,1,151.29999999999998,151.29999999999998,0,-1.6069832550772092,-1.0794138487605642
13699.0,157,1,308.58000000000004,308.58000000000004,0,-0.9595518254602956,-1.1035699020606369
13700.0,7,3,719.98,239.99333333333334,0,-1.009518613520275,-0.26509253734723903
13704.0,1,3,650.53,216.84333333333333,0,-1.1251276195389437,-0.30736616943728023
13705.0,302,2,507.32,253.66,0,-1.0660345708079437,-0.6944125349100762
13706.0,70,1,330.79,330.79,0,-0.8672695928490031,-1.0981178210762685
13709.0,182,8,3079.64,384.955,0,0.610511012094181,2.7578075985912776
13710.0,122,1,180.48,180.48,0,-1.4843913726622078,-1.0582855977900927
13711.0,220,2,252.06,126.03,0,-1.6455145436377758,-0.7815196198655706
13712.0,160,1,228.84,228.84,0,-1.286597582182077,-1.0789243347273951
13715.0,224,5,1079.34,215.868,0,-0.925485646690367,0.4018742917785615
13717.0,153,2,389.25,194.625,0,-1.3325377513127195,-0.7188268886186284
13718.0,160,1,192.5,192.5,0,-1.4356236294894549,-1.0674971515758693
13719.0,183,1,330.79,330.79,0,-0.8688303516882286,-1.1142704026230612
13721.0,275,1,524.14,524.14,0,-0.0771955476288283,-1.1882204577267845
13722.0,311,1,1463.47,1463.47,0,3.77438859033178,-1.4887405447128819
13723.0,189,1,199.85000000000002,199.85000000000002,0,-1.4058826964429478,-1.073953726050814
13725.0,162,2,1168.63,584.315,0,0.44011007925222034,-0.41836261473229025
13726.0,334,1,786.98,786.98,0,0.9998653346958764,-1.2793046518910525
13727.0,30,2,333.48,166.74,0,-1.4576929128447529,-0.7228372177524928
13728.0,275,2,377.7,188.85,0,-1.3604943652525638,-0.7407377459059066
13730.0,338,1,306.75,306.75,0,-0.9695564158378149,-1.1288671741427394
13731.0,160,2,610.59,305.295,0,-0.8291760644757236,-0.6341317921110032
13732.0,30,1,491.86,491.86,0,-0.20618806837122827,-1.1430488655281317
13736.0,243,1,374.37,374.37,0,-0.6909426411194055,-1.136550809722589
13741.0,96,2,363.13,181.565,0,-1.3911628298945327,-0.720791946591456
13742.0,32,5,954.87,190.974,0,-1.069561383639578,0.3287302650623495
13743.0,2,4,916.68,229.17,0,-0.9537775738938434,0.10140700956196025
13744.0,216,1,263.2,263.2,0,-1.1464647543926079,-1.0977337222303178
13747.0,698,1,79.6,79.6,0,-1.9060440626011008,-1.1088989699779326
13748.0,160,4,800.8,200.2,0,-1.113724499089252,-0.006694850572604882
13750.0,163,1,325.44,325.44,0,-0.8904938292125263,-1.1097292208047222
13752.0,97,5,887.2900000000001,177.45800000000003,0,-1.1501237776401194,0.26482489106159035
13754.0,34,1,126.6,126.6,0,-1.704131429831468,-1.0287639262204054
13755.0,154,3,759.66,253.22,0,-0.9454488555728486,-0.26146228431910645
13756.0,62,8,3326.6400000000003,415.83000000000004,0,0.8356728270097036,3.0005662413342797
13758.0,101,5,1784.37,356.87399999999997,0,-0.09268375402546825,0.9892188826230045
13759.0,183,1,99.0,99.0,0,-1.8193737613023482,-1.0413835896706072
13762.0,220,1,306.72,306.72,0,-0.968049623329185,-1.1119904430403884
13763.0,154,1,1714.96,1714.96,0,4.807887860811834,-1.5453799783685689
13764.0,193,1,499.89,499.89,0,-0.17550934701715448,-1.168873656052668
13767.0,34,17,8407.1,494.5352941176471,2,3.4643393339084723,9.653560508929637
13769.0,94,6,1670.8000000000002,278.4666666666667,0,-0.42286613038849985,1.1130227927175582
13771.0,184,3,2041.2,680.4,0,1.1889642789828592,0.5301381891150169
13772.0,183,2,903.71,451.855,0,-0.1627650986424215,-0.523932889229418
13777.0,90,18,12215.31,678.6283333333333,2,5.850238532399755,13.669992551569317
13780.0,302,1,243.73000000000002,243.73000000000002,0,-1.2274967586435457,-1.1039044583045126
13781.0,282,1,127.84,127.84,0,-1.7024717185387166,-1.064603760097355
13782.0,156,2,269.14,134.57,0,-1.6057805289547216,-0.7657584307653273
13784.0,40,6,1123.47,187.245,0,-1.0006846283353523,0.6528215792707205
13786.0,517,1,230.39999999999998,230.39999999999998,0,-1.285131099428313,-1.1304456019707558
13787.0,425,1,106.4,106.4,0,-1.7923697455139473,-1.0783027882417802
13790.0,213,1,348.8,348.8,0,-0.7953878298881838,-1.124221977875831
13791.0,247,1,579.0,579.0,0,0.14816556869172337,-1.201468881042905
13792.0,245,1,120.95,120.95,0,-1.7302157497220976,-1.057148287914171
13798.0,2,29,21790.46,751.395172413793,2,10.487076802457317,25.506523290947438
13800.0,284,1,558.32,558.32,0,0.06284828660420727,-1.2002549135043616
13801.0,245,1,324.8,324.8,0,-0.8942509796723187,-1.1212493139306416
13802.0,343,1,969.74,969.74,0,1.7492181977932535,-1.338060375490691
13804.0,91,4,862.25,215.5625,0,-1.0291104733242566,0.04851694858220856
13805.0,306,1,500.24,500.24,0,-0.17563479720042008,-1.1851362957751084
13806.0,154,1,256.38,256.38,0,-1.1735764232166495,-1.0867266816940349
13807.0,517,1,112.6,112.6,0,-1.7682149842056685,-1.0934031645670756
13808.0,155,4,1591.56,397.89,0,-0.0370766070398163,0.5775829663517068
13809.0,162,1,155.05,155.05,0,-1.5892292797274141,-1.0560068131806337
13810.0,30,1,246.01,246.01,0,-1.2143898771361936,-1.0657408584339483
13811.0,96,1,333.0,333.0,0,-0.8585657565603582,-1.102529283030258
13812.0,184,1,139.88,139.88,0,-1.6517435223113597,-1.054381327785777
13813.0,32,1,292.24,292.24,0,-1.0248337321435153,-1.0805638575764034
13814.0,124,1,961.58,961.58,0,1.7187798352025878,-1.3041898870415682
13816.0,184,1,371.69,371.69,0,-0.7011180950597566,-1.1272744297768393
13817.0,60,1,254.28,254.28,0,-1.1808899447905752,-1.0726296718844102
13819.0,39,2,732.05,366.025,0,-0.5512327675848359,-0.5698102760237295
13822.0,243,1,163.62,163.62,0,-1.555203496100965,-1.0702800653862083
13823.0,93,1,650.42,650.42,0,0.4431776040144102,-1.2019137851861377
13824.0,7,3,1371.28,457.0933333333333,0,0.0754363217100471,0.13939140815835904
13831.0,220,2,719.3,359.65,0,-0.582733802370691,-0.600619383324237
13833.0,279,1,384.8,384.8,0,-0.648667676076333,-1.1449764985399367
13835.0,128,2,537.34,268.67,0,-0.995348002490405,-0.6579176438127343
13837.0,6,1,157.54000000000002,157.54000000000002,0,-1.5768634079410893,-1.0344906593608378
13838.0,243,2,450.25,225.125,0,-1.1950306725919158,-0.7080745468248998
13841.0,341,1,85.0,85.0,0,-1.878968407510634,-1.059566288170307
13842.0,1,6,2137.09,356.1816666666667,0,0.0713180453837935,1.524954416073892
13845.0,184,1,312.98,312.98,0,-0.9418808698923419,-1.1088129569417793
13846.0,37,1,252.53,252.53,0,-1.1877488114924792,-1.068791687417002
13848.0,124,2,640.0,320.0,0,-0.7617830572353793,-0.6175992348461962
13850.0,306,1,1595.48,1595.48,0,4.315815066666736,-1.5295366280502092
13851.0,216,2,2405.14,1202.57,0,3.2519209767153923,0.05265518626105936
13854.0,2,11,3696.87,336.0790909090909,0,0.7322517304118215,3.9334520833350175
13856.0,96,1,124.60000000000001,124.60000000000001,0,-1.7131895391376155,-1.0369975007303687
13860.0,121,1,319.45,319.45,0,-0.9144780065835239,-1.101842039361272
13862.0,40,3,1026.16,342.05333333333334,0,-0.4999306485364091,-0.07965935672119229
13863.0,190,1,305.78,305.78,0,-0.9714900915371293,-1.1074065622399176
13865.0,1,2,277.44,138.72,0,-1.5847605447954263,-0.7403887429213235
13867.0,122,2,561.3,280.65,0,-0.9407658867801101,-0.6477834465033894
13868.0,302,2,3192.54,1596.27,0,5.041747515625584,0.3452179187444059
13869.0,125,1,1519.99,1519.99,0,4.008739470533347,-1.4799259327078986
13870.0,152,1,152.75,152.75,0,-1.598523187786749,-1.0538541417453722
13871.0,69,3,1392.0,464.0,0,0.10909596917845477,0.14339689746892204
13873.0,3,3,389.6,129.86666666666667,0,-1.5598202078908199,-0.46970026081219557
13875.0,39,2,724.85,362.425,0,-0.5676098357663335,-0.5725978834697905
13876.0,154,1,122.7,122.7,0,-1.7217823121558422,-1.0446907476352574
13880.0,188,4,837.74,209.435,0,-1.063819336795274,0.016563629299114035
13881.0,37,9,9414.78,1046.0866666666668,2,5.874439440328326,8.88486126567211
13882.0,91,3,435.34000000000003,145.11333333333334,0,-1.4848406119986663,-0.4538728510895898
13883.0,220,3,762.37,254.12333333333333,0,-0.9418460505293698,-0.2692135146185068
13884.0,32,5,787.6,157.52,0,-1.2667424980327133,0.19355277430966433
13885.0,280,1,107.65,107.65,0,-1.7852408995279796,-1.057969089223082
13888.0,3,2,605.63,302.815,0,-0.8382895568337686,-0.6136100615811038
13889.0,124,1,416.90000000000003,416.90000000000003,0,-0.5148885040209277,-1.1329142095794575
13890.0,121,5,913.1500000000001,182.63000000000002,0,-1.1199709975864391,0.28229274121534587
13892.0,160,2,395.73,197.865,0,-1.3178950741252526,-0.7173186443138774
13894.0,312,1,160.85,160.85,0,-1.5675159686261053,-1.0792721143064505
13895.0,30,2,1655.77,827.885,0,1.54997840461534,-0.210889238606358
13899.0,69,1,298.5,298.5,0,-0.9996732565408621,-1.0878212250434216
13900.0,95,1,8.5,8.5,0,-2.1892881127037542,-1.000346688408876
13901.0,248,1,1561.0900000000001,1561.0900000000001,0,4.175586836471293,-1.5104319205903156
13904.0,303,1,131.52,131.52,0,-1.687670525769411,-1.068762750391419
13908.0,97,3,1461.61,487.2033333333333,0,0.2246676434090349,0.18262514571512423
13911.0,128,3,867.47,289.1566666666667,0,-0.7654966344178387,-0.19079134048808366
13914.0,275,1,321.07,321.07,0,-0.9099616298167538,-1.1243647042160427
13917.0,339,1,65.38,65.38,0,-1.9594000858316194,-1.0531108548963743
13919.0,31,2,384.81,192.405,0,-1.3409518762926178,-0.7031068428678111
13924.0,121,2,474.73,237.365,0,-1.1376635737094647,-0.6811576111657369
13925.0,64,3,298.13,99.37666666666667,0,-1.7130361913321703,-0.5352264081367006
13928.0,122,1,131.22,131.22,0,-1.6864008137838762,-1.0427956956975182
13931.0,216,2,1237.53,618.765,0,0.5960836740211435,-0.3994056929188623
13938.0,244,1,71.66,71.66,0,-1.9323344052748654,-1.0415060090641546
13939.0,343,1,184.5,184.5,0,-1.4709582850808616,-1.091140141646328
13940.0,184,1,225.24,225.24,0,-1.3016922455321143,-1.0812229445665764
13941.0,32,2,2123.16,1061.58,0,2.613072710752621,-0.030216813308956536
13947.0,215,1,90.6,90.6,0,-1.854263153849414,-1.0433163758399973
13949.0,152,3,1359.04,453.0133333333333,0,0.053043821568683036,0.1110631034727746
13950.0,160,1,179.30999999999997,179.30999999999997,0,-1.4897142614097718,-1.0633495306136067
13952.0,189,1,1208.31,1208.31,0,2.72969263838364,-1.3910659198039168
13953.0,69,2,911.32,455.66,0,-0.14388087654734816,-0.50469101827969
13954.0,121,1,212.51,212.51,0,-1.3530263142073813,-1.0682145499219717
13955.0,126,2,322.96,161.48,0,-1.4829475835442492,-0.7406327691201462
13956.0,68,2,330.45,165.225,0,-1.465109785992584,-0.7294421774681508
13959.0,282,2,337.44,168.72,0,-1.4521661556766534,-0.7573257199385023
13962.0,129,1,117.6,117.6,0,-1.7423515090859678,-1.039513462801878
13963.0,253,3,548.86,182.95333333333335,0,-1.2979731635277643,-0.4065290851667336
13969.0,31,9,4016.98,446.3311111111111,0,1.2640143959787917,3.8502632071051717
13971.0,31,2,703.36,351.68,0,-0.6163803389014912,-0.5797745717646482
13975.0,122,5,2374.52,474.904,0,0.6027064389129544,1.4631405893188085
13980.0,62,1,200.14,200.14,0,-1.4029393135084505,-1.0558911307704357
13982.0,455,1,428.6,428.6,0,-0.4714799664097953,-1.183907496209537
13983.0,1,7,1279.38,182.76857142857145,0,-0.9395777234697414,0.970863333729907
13984.0,217,3,689.38,229.79333333333332,0,-1.0633935300419872,-0.3141144611330064
13985.0,1,8,3181.1,397.6375,0,0.7048197075610607,2.8763520984744635
13989.0,215,1,369.40999999999997,369.40999999999997,0,-0.7108962785117694,-1.1309887185608811
13990.0,67,1,311.3,311.3,0,-0.9471543445012202,-1.0915603233537614
13992.0,91,1,76.8,76.8,0,-1.9091426325973648,-1.021251982458564
13993.0,32,2,845.3,422.65,0,-0.2935384484708129,-0.5249629315066889
13994.0,182,2,924.21,462.105,0,-0.11612213415608663,-0.5158530081626316
13995.0,129,1,310.45,310.45,0,-0.9514964396520709,-1.1001555175837097
13999.0,30,5,1586.57,317.31399999999996,0,-0.32487356970384973,0.8395178607247017
14000.0,6,1,635.66,635.66,0,0.3838502337375973,-1.1848364163340779
14001.0,698,1,301.24,301.24,0,-0.9971246040098181,-1.178594095836606
14002.0,187,1,224.79,224.79,0,-1.303579078450869,-1.0815102707964739
14004.0,246,2,957.0,478.5,0,-0.042422205754239384,-0.5123061440218932
14005.0,128,1,187.16,187.16,0,-1.4570803538935,-1.0612437958824847
14006.0,7,1,357.65,357.65,0,-0.7562497481258365,-1.0975585783570605
14012.0,161,1,328.8,328.8,0,-0.8766872420650595,-1.110499892891881
14013.0,99,1,118.5,118.5,0,-1.738246354645437,-1.0355081735533833
14016.0,338,1,976.58,976.58,0,1.7773372899382138,-1.3394965106971302
14019.0,305,1,416.24,416.24,0,-0.5200950626056666,-1.1585793904201536
14020.0,2,1,331.14,331.14,0,-0.8648950664844828,-1.0885077416839346
14021.0,6,2,433.0,216.5,0,-1.2309939484885848,-0.6808756513760151
14023.0,282,2,584.07,292.035,0,-0.8911833326762656,-0.6618385498798834
14024.0,64,2,327.7,163.85,0,-1.4713096681002913,-0.7299351158473493
14027.0,62,1,104.82,104.82,0,-1.7938353737544397,-1.025917572762636
14029.0,154,1,302.46,302.46,0,-0.9846077864548453,-1.1012166266478685
14030.0,32,7,1816.81,259.5442857142857,0,-0.418644725802212,1.4438443737436208
14031.0,192,8,7549.67,943.70875,0,4.655195756320711,6.839225004642745
14032.0,7,5,1202.68,240.536,0,-0.7770928573417774,0.532568889490244
14034.0,218,2,473.90999999999997,236.95499999999998,0,-1.1408685062451245,-0.6953405790347538
14035.0,30,1,300.32,300.32,0,-0.991670982549961,-1.0828187427751526
14037.0,425,1,111.8,111.8,0,-1.7702249833934234,-1.0800008286660574
14039.0,183,1,152.2,152.2,0,-1.6012068455964457,-1.0581124323690436
14040.0,10,5,2148.57,429.71400000000006,0,0.3378991512730043,1.2965511122504614
14044.0,284,1,173.74,173.74,0,-1.514268864564515,-1.079322990102771
14045.0,193,3,1251.75,417.25,0,-0.12624934847800118,0.03857095292267154
14047.0,163,3,647.37,215.79,0,-1.1326291897117913,-0.3324854570405919
14048.0,162,1,409.93,409.93,0,-0.5439965076386841,-1.1361543212065255
14049.0,248,1,226.93,226.93,0,-1.2956457247728221,-1.0909027330988539
14050.0,122,1,260.38,260.38,0,-1.1567309109159367,-1.0834103070307894
14051.0,31,10,6933.570000000001,693.3570000000001,0,3.480837645682601,6.81560566230253
14053.0,156,2,260.25,130.125,0,-1.6260016589732653,-0.7692003516258111
14054.0,215,1,92.46,92.46,0,-1.8466355135634558,-1.0439012564305816
14056.0,36,11,3969.87,360.8972727272727,0,0.9448193887815475,4.191005109063985
14057.0,32,5,1160.15,232.03000000000003,0,-0.827573345362404,0.494625137434629
14060.0,71,6,1970.1200000000001,328.35333333333335,0,-0.10614723254568459,1.3722033812092413
14062.0,93,2,1965.5,982.75,0,2.2536178759012007,-0.09997720819495592
14064.0,6,3,722.87,240.95666666666668,0,-1.0046905534330954,-0.26315478591415975
14067.0,154,2,374.7,187.35,0,-1.3656468886212887,-0.7246031218654061
14071.0,122,3,307.11,102.37,0,-1.6988781373717408,-0.5379401663262489
14073.0,153,1,151.04,151.04,0,-1.6055495078167075,-1.0534593721438803
14075.0,213,1,316.78,316.78,0,-0.9266980674991426,-1.1141532270637269
14076.0,306,1,122.47,122.47,0,-1.724824942806037,-1.0663457900196895
14077.0,66,2,227.9,113.95,0,-1.6983416538885256,-0.7688603387904215
14078.0,67,3,491.46,163.82,0,-1.3910227561837216,-0.4155893983608104
14079.0,156,1,375.1,375.1,0,-0.6867473511653082,-1.1243443012727616
14080.0,153,1,45.599999999999994,45.599999999999994,0,-2.0379464926293083,-1.0203035606002124
14081.0,70,2,934.52,467.26,0,-0.09112413554320364,-0.4958516708196887
14082.0,425,1,182.25,182.25,0,-1.4813178553580695,-1.1021539671642686
14083.0,38,5,811.3,162.26,0,-1.2388873513449603,0.21184802077900855
14085.0,99,6,1338.71,223.11833333333334,0,-0.7739764893577326,0.8283996460498076
14087.0,152,1,194.42,194.42,0,-1.4276394400900392,-1.066957353686046
14088.0,278,4,12777.66,3194.415,2,15.190520977756202,8.815091249834992
14092.0,276,4,1013.25,253.3125,0,-0.8260870095961809,0.1335070616568318
14096.0,61,6,19798.67,3299.778333333333,2,18.739958391990914,16.6155119773573
14098.0,275,1,147.35,147.35,0,-1.6223668289977573,-1.069738114863179
14099.0,33,4,1206.43,301.6075,0,-0.559726111195581,0.3108047557747834
14102.0,243,2,467.8,233.9,0,-1.1551115688995148,-0.7012797536751257
14104.0,126,1,104.95,104.95,0,-1.7941862287188544,-1.0351068162834558
14107.0,246,3,1288.15,429.3833333333334,0,-0.06634518184470506,0.05360085251760083
14108.0,91,1,306.58,306.58,0,-0.9668419955503292,-1.0935067470308701
14110.0,2,6,2853.15,475.52500000000003,0,0.8282274543227146,2.1369812788475477
14111.0,7,2,142.5,71.25,0,-1.8917769697810853,-0.7934908116700939
14112.0,99,2,1365.42,682.71,0,0.8885973545347268,-0.3331664613132919
14113.0,182,1,471.9,471.9,0,-0.29014109839881896,-1.158499771325343
14114.0,38,1,191.39999999999998,191.39999999999998,0,-1.4384495324856845,-1.0497121841098505
14116.0,64,4,1169.82,292.455,0,-0.6099969050437469,0.27935615971128136
14121.0,31,3,2251.67,750.5566666666667,0,1.5416847124674182,0.6827189792365006
14125.0,30,1,1111.08,1111.08,0,2.333160005753,-1.3377637898838783
14126.0,302,1,62.5,62.5,0,-1.9706995806995742,-1.0469163349541817
14127.0,94,2,572.11,286.055,0,-0.9157908018763085,-0.6395957540704733
14128.0,62,1,331.96,331.96,0,-0.8623610648552159,-1.0973421842386288
14129.0,121,3,519.91,173.3033333333333,0,-1.3443757483206478,-0.4056397172099513
14132.0,4,7,2261.71,323.1014285714286,0,0.013339771970880654,1.8430623891129336
14133.0,306,2,287.64,143.82,0,-1.5657723658683675,-0.7800373082291245
14135.0,40,10,3307.25,330.725,0,0.5304788318295486,3.374887355595113
14138.0,121,2,982.3800000000001,491.19000000000005,0,0.017033462726276705,-0.4846119278333851
14140.0,122,2,935.05,467.525,0,-0.0906368266641675,-0.503079518313758
14141.0,31,2,425.82000000000005,212.91000000000003,0,-1.24767082544217,-0.6872290954562879
14142.0,698,1,311.81,311.81,0,-0.9537782825998296,-1.1819178527411638
14145.0,187,3,2851.2,950.4,0,2.5382449641059477,1.0327524976394669
14146.0,333,1,1225.16,1225.16,0,2.7968035663452957,-1.4169482555637194
14149.0,281,1,446.62,446.62,0,-0.39517878266532735,-1.1647018032776666
14150.0,244,1,352.46000000000004,352.46000000000004,0,-0.7808067750076201,-1.1298041111265777
14156.0,1,24,37347.95,1556.1645833333332,3,20.365936067821707,40.634017048811636
14159.0,216,3,1231.43,410.4766666666667,0,-0.16041668617040616,0.022663708016637085
14161.0,128,3,1110.52,370.17333333333335,0,-0.360616706569336,-0.03984734700560921
14163.0,65,1,909.6,909.6,0,1.5064309048656013,-1.2794110269260273
14165.0,99,1,122.53999999999999,122.53999999999999,0,-1.721678791873786,-1.0367785593522871
14167.0,10,1,148.35,148.35,0,-1.6146057604652255,-1.0321726189183786
14171.0,305,1,363.79,363.79,0,-0.7351863169059408,-1.1420863866695337
14173.0,250,1,114.04,114.04,0,-1.7586219035982493,-1.0556901410726025
14174.0,183,1,134.46,134.46,0,-1.6739564900442407,-1.052534055123362
14175.0,31,1,2016.31,2016.31,0,6.04538749268378,-1.6225580540590743
14176.0,517,1,159.55,159.55,0,-1.5756785802133353,-1.108166682700376
14177.0,216,2,191.33,95.665,0,-1.7835953164625997,-0.8044605415395779
14178.0,30,5,1243.56,248.712,0,-0.7292203984716465,0.5623179378271198
14180.0,61,11,2091.27,190.11545454545455,0,-0.5215032386122349,2.3816833995810818
14184.0,245,1,452.89,452.89,0,-0.36896902040974255,-1.1615274616983617
14185.0,10,1,197.65,197.65,0,-1.4124322840685901,-1.0476750990881702
14188.0,91,4,1426.76,356.69,0,-0.2605593118981503,0.46511263640672207
14189.0,61,6,1974.68,329.11333333333334,0,-0.10118888788921376,1.3775312215994129
14191.0,64,5,1584.07,316.81399999999996,0,-0.3282902269588164,0.8326374432417109
14193.0,276,1,430.85,430.85,0,-0.45978062969537603,-1.1590281803372702
14194.0,31,4,1602.2,400.55,0,-0.020878106359142667,0.6031600038685995
14195.0,341,1,828.4,828.4,0,1.169627177748162,-1.2933298532458248
14199.0,220,1,185.39999999999998,185.39999999999998,0,-1.4655686123036231,-1.0738411348416235
14201.0,62,3,355.12,118.37333333333333,0,-1.6180729281620416,-0.4995474002047634
14204.0,152,1,161.03,161.03,0,-1.564567885868612,-1.0564578037292642
14208.0,185,1,151.74,151.74,0,-1.6031208753088162,-1.058253670880108
14209.0,40,3,1017.23,339.07666666666665,0,-0.5148065084651774,-0.08520525205877094
14210.0,254,2,668.61,334.305,0,-0.6985025204083213,-0.6251049828638997
14211.0,246,1,220.04000000000002,220.04000000000002,0,-1.3238731768356091,-1.0884502728991898
14212.0,32,1,1070.48,1070.48,0,2.1666365776114027,-1.3252829279078142
14214.0,91,3,765.4,255.13333333333333,0,-0.9350168350569803,-0.2488920879181209
14215.0,188,2,342.16,171.08,0,-1.4401317472847266,-0.7420616276347898
14216.0,182,3,1046.3600000000001,348.7866666666667,0,-0.4682421945632866,-0.08741226464681728
14217.0,40,9,973.6899999999999,108.18777777777777,0,-1.3355231245201495,1.0099771200815493
14219.0,213,1,89.94,89.94,0,-1.8569421118361151,-1.0428229511668605
14220.0,190,1,319.42,319.42,0,-0.9155540627734353,-1.11169568657087
14221.0,254,3,1102.8,367.59999999999997,0,-0.37521722763106513,-0.06265262598123111
14223.0,124,2,686.23,343.115,0,-0.6566286319533458,-0.5997004720362786
14224.0,128,1,251.01999999999998,251.01999999999998,0,-1.1951980374089335,-1.081324696159217
14226.0,30,2,337.02000000000004,168.51000000000002,0,-1.4496408543221833,-0.7214666440915127
14227.0,129,1,304.33000000000004,304.33000000000004,0,-0.9765938367219978,-1.0982310717695287
14229.0,71,1,456.97,456.97,0,-0.34983412999121943,-1.1379383088564121
14231.0,96,1,307.76,307.76,0,-0.9620720150644368,-1.0945925163064136
14232.0,188,1,310.79,310.79,0,-0.9509170492972802,-1.1086960800122723
14233.0,6,2,858.25,429.125,0,-0.26372335901887356,-0.5162325865930297
14234.0,91,1,209.48,209.48,0,-1.365037625532343,-1.0629734645869198
14235.0,218,2,1538.31,769.155,0,1.2802080732529608,-0.2832392782587169
14236.0,666,1,189.3,189.3,0,-1.4557353362005025,-1.1388201643602645
14237.0,698,1,161.0,161.0,0,-1.5722322780435731,-1.134495357114262
14239.0,160,5,1161.3,232.26,0,-0.8279856423142024,0.47725776829643907
14240.0,91,1,663.49,663.49,0,0.4968037541600785,-1.2057377855176916
14241.0,96,1,213.70000000000002,213.70000000000002,0,-1.3478009641489703,-1.0650151677309452
14243.0,129,5,1184.56,236.91199999999998,0,-0.8001381312153122,0.5004863317773373
14245.0,250,1,688.35,688.35,0,0.5965555655569554,-1.236283029233109
14246.0,129,1,449.64,449.64,0,-0.3806946915861954,-1.143924081779111
14247.0,191,1,136.76999999999998,136.76999999999998,0,-1.664593949115913,-1.0544039846788693
14250.0,32,3,1904.05,634.6833333333333,0,0.9625951525768466,0.46668979446372416
14251.0,121,1,482.28000000000003,482.28000000000003,0,-0.24673141101224338,-1.1530442471918432
14256.0,425,1,523.86,523.86,0,-0.08041559832247958,-1.2095738911156375
14257.0,125,4,2479.58,619.895,0,1.1723310441244246,1.2372100565164699
14258.0,32,5,7609.18,1521.836,2,6.774668073629421,5.706340885559151
14262.0,61,3,1124.36,374.78666666666663,0,-0.33663621674097965,-0.021674946425276786
14264.0,126,2,333.97,166.985,0,-1.4579043167833752,-0.7363700527338777
14270.0,10,1,492.65000000000003,492.65000000000003,0,-0.20267213118811522,-1.140438418562582
14273.0,37,2,218.7,109.35,0,-1.7188673589473442,-0.7682769288518212
14276.0,5,2,778.54,389.27,0,-0.4450173393197458,-0.5469507808276024
14277.0,36,1,1637.43,1637.43,0,4.491576308072204,-1.5041332226585336
14282.0,122,4,1178.4,294.6,0,-0.5991167763668152,0.2773973012299348
14284.0,91,1,343.15,343.15,0,-0.8168727454118921,-1.105006254126393
14285.0,303,1,300.6,300.6,0,-0.994293418484561,-1.1219302827871258
14286.0,37,1,2050.08,2050.08,0,6.1837914014237825,-1.6340347549465915
14287.0,333,1,93.35,93.35,0,-1.8446155476602986,-1.0610484161930955
14288.0,67,1,426.6,426.6,0,-0.47432266440929227,-1.1278166309313875
14289.0,7,2,225.78,112.89,0,-1.7023488811484282,-0.7612474855439869
14290.0,276,1,728.5,728.5,0,0.760846860151652,-1.2526247974272995
14291.0,33,5,2478.31,495.662,0,0.7262853705520613,1.5597393306645815
14292.0,2,4,1430.06,357.515,0,-0.25483726237954873,0.4802699069691784
14293.0,162,3,815.1700000000001,271.72333333333336,0,-0.8530891407272791,-0.2281318489311298
14297.0,62,2,710.1,355.05,0,-0.6014777561882696,-0.5815963006463776
14298.0,91,10,16044.25,1604.425,2,10.892107830428511,15.448175652764588
14299.0,1,4,1647.72,411.93,0,0.04150937952637013,0.6410410364043518
14304.0,340,1,383.45,383.45,0,-0.6550464001391434,-1.1532715236051447
14307.0,2,4,1895.36,473.84,0,0.37864461643848335,0.8236508453843457
14309.0,30,5,1446.41,289.28200000000004,0,-0.4900968912399399,0.7262490312639712
14311.0,37,1,310.26,310.26,0,-0.9510049008965815,-1.0869449973602487
14312.0,38,5,1047.19,209.43800000000002,0,-0.9608156524497804,0.4024800426218428
14315.0,126,3,652.35,217.45000000000002,0,-1.1238223124814315,-0.32410377491992404
14317.0,184,1,508.58000000000004,508.58000000000004,0,-0.13974837530447437,-1.1703197545322706
14320.0,40,1,352.51,352.51,0,-0.7777840777882302,-1.1006594210191543
14321.0,71,1,326.82,326.82,0,-0.8835639059145883,-1.0970123901120234
14326.0,37,1,183.85,183.85,0,-1.4693973786105503,-1.0471951288356371
14329.0,38,1,578.02,578.02,0,0.1470334177063466,-1.1712855894495016
14331.0,156,1,79.0,79.0,0,-1.9010184741073712,-1.031235084674886
14332.0,245,1,466.3,466.3,0,-0.313976194477108,-1.1657442620853171
14333.0,276,1,415.2,415.2,0,-0.5239594310261539,-1.15410700762617
14334.0,69,3,1017.01,339.00333333333333,0,-0.5155735397452648,-0.08948723384559398
14335.0,246,1,359.25,359.25,0,-0.7529894111322503,-1.1322251261331997
14336.0,130,2,764.45,382.225,0,-0.47879285505455177,-0.570273873673606
14338.0,338,1,8.25,8.25,0,-2.1936696552778887,-1.0350032729118517
14339.0,37,1,309.52,309.52,0,-0.9540395534834681,-1.0867123029317365
14340.0,220,1,134.7,134.7,0,-1.6734833233240978,-1.0578984219692416
14341.0,128,3,688.81,229.60333333333332,0,-1.06311378277996,-0.30174650969433303
14342.0,122,1,91.03999999999999,91.03999999999999,0,-1.8511742474880708,-1.0301610171331728
14344.0,99,4,604.13,151.0325,0,-1.3806379963047835,-0.14311335356619082
14345.0,334,1,108.97999999999999,108.97999999999999,0,-1.78053257599213,-1.0661062430651163
14346.0,33,1,759.14,759.14,0,0.8898542028818457,-1.2275244070898403
14350.0,69,1,282.93,282.93,0,-1.0635239873217062,-1.082925208486755
14352.0,38,3,464.94000000000005,154.98000000000002,0,-1.434800013200976,-0.42791405054116033
14353.0,128,1,90.6,90.6,0,-1.8530615076634616,-1.030880317480962
14354.0,91,2,163.62,81.81,0,-1.8448977798926,-0.7973210585887625
14355.0,455,1,174.4,174.4,0,-1.5139241388240894,-1.1039738154963321
14360.0,122,4,2128.23,532.0575,0,0.6940276314512193,0.9783504857020567
14364.0,6,3,1763.8,587.9333333333333,0,0.7293216386892742,0.3833053298468446
14367.0,34,9,4814.65,534.9611111111111,0,1.9452993984070244,4.593958272869306
14375.0,158,1,257.68,257.68,0,-1.1683005248807306,-1.0877072420016998
14377.0,339,1,302.45,302.45,0,-0.9872040199218766,-1.1276579740414552
14383.0,184,2,1005.6,502.8,0,0.06897935002867561,-0.4846273153901739
14387.0,153,1,840.82,840.82,0,1.2231567913490349,-1.2703620247101846
14388.0,64,6,2281.92,380.32,0,0.22354286600411766,1.639766206747078
14389.0,215,2,1043.46,521.73,0,0.1546672607708155,-0.47440038542170576
14390.0,6,3,1097.16,365.72,0,-0.38118712535485577,-0.030705383237527917
14393.0,219,1,67.95,67.95,0,-1.947203376399893,-1.0367658124140615
14395.0,61,6,2135.23,355.87166666666667,0,0.06852317971095634,1.5147876838358107
14396.0,215,2,487.99,243.995,0,-1.1088008035037067,-0.6894604282083134
14397.0,5,8,1405.1,175.6375,0,-0.9022953158234014,1.2536131401382087
14401.0,66,5,1718.14,343.62800000000004,0,-0.1702735393770497,0.9406988168726192
14403.0,189,3,1180.01,393.33666666666664,0,-0.24570072874142113,-0.0054107492532200485
14404.0,183,2,260.28,130.14,0,-1.6263063458675746,-0.7730482029820726
14406.0,3,1,156.75,156.75,0,-1.580061668546307,-1.0338134127372174
14407.0,130,1,357.18,357.18,0,-0.7598760416971811,-1.1149927994918465
14408.0,185,3,1459.14,486.38000000000005,0,0.2193375856431914,0.1685121731057404
14409.0,94,3,519.6,173.20000000000002,0,-1.3445192308738183,-0.40197277350515603
14410.0,124,4,354.21999999999997,88.55499999999999,0,-1.7212228334371524,-0.3311148946963374
14411.0,312,1,1063.0,1063.0,0,2.132094614157354,-1.3629549233364189
14413.0,364,1,122.7,122.7,0,-1.7246828374322791,-1.0747088195363768
14414.0,93,2,359.9,179.95,0,-1.3984683285727992,-0.7216136686665876
14415.0,66,7,3283.72,469.1028571428571,0,1.003935950105385,2.742076515070671
14418.0,182,1,897.35,897.35,0,1.4545790949672763,-1.2922833451232703
14419.0,62,4,607.66,151.915,0,-1.3753210389912278,-0.13521939455046084
14420.0,335,1,387.52,387.52,0,-0.6382867507856376,-1.1538366269643157
14421.0,6,1,455.18,455.18,0,-0.3562769269128029,-1.128084131931563
14422.0,90,1,382.01,382.01,0,-0.6574986637564773,-1.1170829129430526
14423.0,220,1,265.2,265.2,0,-1.1383182387447692,-1.098934398889278
14426.0,130,3,1719.33,573.11,0,0.6535294972900889,0.3379626837813653
14427.0,154,1,321.74,321.74,0,-0.9055427839208263,-1.1072792598663994
14428.0,275,2,710.71,355.355,0,-0.6030322159302627,-0.6118070298485709
14431.0,70,1,470.36,470.36,0,-0.29490950967094254,-1.14200587700523
14432.0,32,3,671.28,223.76,0,-1.090989824398256,-0.2989108097139761
14434.0,62,3,552.0,184.0,0,-1.2901043612218512,-0.37727686559530205
14436.0,305,1,89.06,89.06,0,-1.8618215941969676,-1.0556970078247705
14437.0,455,1,63.0,63.0,0,-1.97076237960675,-1.0689438704473508
14438.0,192,1,131.9,131.9,0,-1.684579055868252,-1.0530155469772446
14440.0,333,2,1273.95,636.975,0,0.6773083369661574,-0.4020293995991124
14441.0,90,2,646.26,323.13,0,-0.7470744974344079,-0.6103154962549355
14443.0,312,2,608.4,304.2,0,-0.8362568505333979,-0.656707055704276
14446.0,30,3,657.4,219.13333333333333,0,-1.1140839176840964,-0.3072449711632484
14447.0,252,1,265.0,265.0,0,-1.1395803999236318,-1.103445690888126
14448.0,424,1,102.35000000000001,102.35000000000001,0,-1.8089645050792145,-1.0768863147240428
14449.0,160,3,714.7,238.23333333333335,0,-1.020427434599015,-0.29024194288666605
14450.0,5,2,322.22,161.11,0,-1.4829595271782257,-0.7236231460757432
14451.0,62,1,302.59,302.59,0,-0.9828039654996212,-1.0881067310421424
14452.0,155,1,127.37,127.37,0,-1.7026450058285891,-1.046302181349856
14453.0,308,1,119.93,119.93,0,-1.7352688068166833,-1.0658329685154768
14456.0,32,3,1465.0,488.3333333333333,0,0.23121258799390043,0.19402178237369994
14457.0,312,1,113.64,113.64,0,-1.7611186019057232,-1.0644268386712405
14459.0,157,1,1837.92,1837.92,0,5.312090859984536,-1.584473817331813
14460.0,312,1,30.0,30.0,0,-2.1041163618613936,-1.0381260792107667
14462.0,33,7,1446.82,206.6885714285714,0,-0.7775860622555899,1.1150302190730508
14463.0,305,1,220.2,220.2,0,-1.3240319452181695,-1.0969342339802766
14465.0,70,3,1058.6200000000001,352.8733333333334,0,-0.44627217465549146,-0.06378866472746925
14466.0,61,5,1832.45,366.49,0,-0.03545363817842884,1.033791956783336
14472.0,65,3,651.16,217.0533333333333,0,-1.1249621163860686,-0.3161232784330495
14473.0,311,1,85.0,85.0,0,-1.8785540467568573,-1.0552779921844329
14475.0,131,2,622.17,311.085,0,-0.8024357310884974,-0.6255030373489099
14477.0,127,1,358.0,358.0,0,-0.7564718824849832,-1.1148218204762048
14479.0,455,1,174.4,174.4,0,-1.5139241388240894,-1.1039738154963321
14482.0,91,3,827.27,275.75666666666666,0,-0.831951946614327,-0.21046828673827844
14483.0,283,1,137.1,137.1,0,-1.6645113644090181,-1.0676585281725894
14485.0,334,1,165.75,165.75,0,-1.5477255119954365,-1.0839576791551582
14487.0,32,2,555.3199999999999,277.65999999999997,0,-0.9531248694806351,-0.637233821396801
14488.0,276,1,1064.28,1064.28,0,2.137840975860824,-1.3582114666243097
14491.0,667,1,127.2,127.2,0,-1.7104139126116538,-1.1194356426806038
14493.0,91,3,1602.54,534.18,0,0.45951590635053075,0.271006100536595
14495.0,64,1,40.599999999999994,40.599999999999994,0,-2.0572216317639596,-1.0060093561900105
14496.0,343,2,538.8100000000001,269.40500000000003,0,-0.9949739364720821,-0.6880812951912618
14497.0,284,1,475.37,475.37,0,-0.27731986485828575,-1.174171125875879
14498.0,188,1,147.02,147.02,0,-1.6225184738302814,-1.0571982873671049
14499.0,191,1,126.02000000000001,126.02000000000001,0,-1.7086784292632522,-1.0510236264268358
14500.0,2,2,305.85,152.925,0,-1.5201531752877255,-0.7295322517399364
14501.0,96,1,184.28,184.28,0,-1.4684489088870842,-1.0557639919379378
14502.0,183,3,943.53,314.51,0,-0.6395532827894476,-0.15141684475152184
14503.0,182,2,770.87,385.435,0,-0.4649081945659293,-0.5752213034097169
14504.0,68,2,408.15,204.075,0,-1.2883739252005872,-0.6993592471127411
14505.0,67,4,2969.98,742.495,0,1.8407863719113264,1.6074049361678147
14506.0,245,3,1250.45,416.81666666666666,0,-0.12913315249758206,0.030330553362514445
14507.0,128,3,615.31,205.10333333333332,0,-1.1855522715553763,-0.3473930166721642
14508.0,32,1,137.56,137.56,0,-1.659158140440301,-1.0319244329787693
14511.0,124,3,875.33,291.7766666666667,0,-0.7523479642523723,-0.1853381861274398
14512.0,219,1,148.95999999999998,148.95999999999998,0,-1.6149909357732923,-1.0622395632975263
14514.0,10,2,907.49,453.745,0,-0.15177765750035632,-0.49774022180169486
14515.0,220,3,1349.07,449.69,0,0.03549628096092661,0.09515118801950095
14517.0,183,1,78.0,78.0,0,-1.9054922806599413,-1.0347800991317508
14518.0,184,1,174.37,174.37,0,-1.5103041064711982,-1.0652267748660227
14520.0,121,1,105.60000000000001,105.60000000000001,0,-1.7914515953750136,-1.034596494040584
14522.0,124,1,482.07,482.07,0,-0.24763403228119707,-1.1534070418850422
14524.0,122,2,321.95,160.975,0,-1.485189674174761,-0.7404520356998798
14525.0,32,2,1451.63,725.815,0,1.0856154057635672,-0.290211539455266
14527.0,2,19,3456.48,181.92,0,0.11759552015458086,4.9795016768227125
14528.0,303,1,364.21999999999997,364.21999999999997,0,-0.7333953136497957,-1.1419357146005567
14529.0,62,1,261.62,261.62,0,-1.150817095884411,-1.075223635452764
14530.0,155,3,1399.21,466.40333333333336,0,0.11991876772607402,0.13558148727962238
14533.0,32,4,1062.08,265.52,0,-0.7562373565686563,0.2044206444713479
14534.0,3,10,2442.42,244.24200000000002,0,-0.1726025551004553,2.559916646694127
14535.0,62,3,2864.19,954.73,0,2.5616105960792375,1.0586877190179163
14538.0,184,1,281.75,281.75,0,-1.0699514108227053,-1.0989926231547085
14540.0,284,1,195.9,195.9,0,-1.4233933222328834,-1.0862912448809166
14541.0,1,3,319.1,106.36666666666667,0,-1.6772335832782126,-0.5131977586571794
14542.0,158,1,103.25,103.25,0,-1.8015997127089738,-1.039146430386671
14543.0,30,8,1633.68,204.21,0,-0.6958040604637066,1.4588205146940725
14546.0,221,2,1061.28,530.64,0,0.19511763236926694,-0.46835871618987934
14547.0,182,3,957.6,319.2,0,-0.6161012457701704,-0.14253585593052198
14548.0,4,1,326.4,326.4,0,-0.8843608706183057,-1.0873031259327939
14549.0,343,1,289.24,289.24,0,-1.0414319175801803,-1.1240758368387005
14552.0,34,1,165.07,165.07,0,-1.5463705041321059,-1.0408608919837294
14553.0,183,4,717.79,179.4475,0,-1.2270559963434529,-0.07124205780424897
14555.0,70,1,197.94,197.94,0,-1.4120717498326338,-1.0563428821197411
14560.0,60,10,1027.95,102.795,0,-1.3241482405563763,1.2101958506445394
14561.0,127,1,222.07,222.07,0,-1.313904755641061,-1.0720783695739784
14562.0,61,8,1974.31,246.78875,0,-0.38800432149994324,1.7655147306943988
14565.0,216,1,538.8000000000001,538.8000000000001,0,-0.01626170987105202,-1.184396674254548
14567.0,337,1,800.76,800.76,0,1.0563340508465764,-1.2840666290908516
14569.0,121,1,227.39,227.39,0,-1.2920051919197155,-1.0728935946466471
14570.0,252,2,218.06,109.03,0,-1.7232926837433213,-0.7992575040791251
14572.0,182,1,135.05,135.05,0,-1.671523157713354,-1.0525766385627817
14573.0,36,4,1016.47,254.1175,0,-0.8183882601449612,0.17018971714687037
14576.0,666,1,35.400000000000006,35.400000000000006,0,-2.0868610566354353,-1.0904260122683596
14577.0,364,1,346.90000000000003,346.90000000000003,0,-0.8052651212431182,-1.1452089423369298
14578.0,182,1,168.63,168.63,0,-1.5338155443786885,-1.0631359343863436
14583.0,158,2,404.73,202.365,0,-1.2973961148481286,-0.7135482486072428
14584.0,95,1,354.01,354.01,0,-0.7723924163588974,-1.1089929748888896
14586.0,130,1,237.36,237.36,0,-1.2512437078603624,-1.0773151691887142
14587.0,10,7,1293.47,184.78142857142856,0,-0.926033314111091,0.982093338270794
14589.0,639,1,39.75,39.75,0,-2.068649295804392,-1.087934411778407
14591.0,67,1,250.22,250.22,0,-1.1976362093755912,-1.072353599443602
14592.0,183,2,425.25,212.625,0,-1.251066771159007,-0.709177147374197
14594.0,302,2,379.83,189.915,0,-1.3560224072606033,-0.7437725450904002
14595.0,92,1,141.75,141.75,0,-1.6428041668950777,-1.0418185785389849
14597.0,339,1,165.1,165.1,0,-1.5504601453392772,-1.0844680013980297
14600.0,162,1,393.33000000000004,393.33000000000004,0,-0.6120711467499242,-1.1309344191615247
14603.0,69,1,660.0,660.0,0,0.48279554097199084,-1.2014955978908786
14606.0,6,38,5057.57,133.09394736842106,2,0.7904243394970001,9.382911139303838
14607.0,275,1,1000.0,1000.0,0,1.8742501010142318,-1.3378555533372714
14608.0,60,3,1198.2,399.40000000000003,0,-0.21361753381548954,0.02432565766191308
14616.0,37,1,158.4,158.4,0,-1.5737648223082048,-1.039192327206404
14618.0,193,1,211.8,211.8,0,-1.3569324061471069,-1.0782831994174704
14619.0,129,1,394.44,394.44,0,-0.6070633710404401,-1.1265663352198312
14620.0,342,1,235.35,235.35,0,-1.2624146297541352,-1.1069870791087442
14621.0,91,4,1482.66,370.665,0,-0.18445435375087316,0.5063655795775964
14622.0,127,1,320.58000000000004,320.58000000000004,0,-0.9099268822164657,-1.1030550292398236
14623.0,153,2,367.52,183.76,0,-1.3819646529216008,-0.7272400427579213
14624.0,31,1,210.25,210.25,0,-1.361051224981678,-1.054639000601596
14626.0,94,2,1595.3,797.65,0,1.4115498082107318,-0.24344963424612798
14628.0,37,2,671.96,335.98,0,-0.6878854250660007,-0.5927892967682563
14629.0,213,1,354.18,354.18,0,-0.7733250854051433,-1.1259137292614998
14636.0,275,1,309.66,309.66,0,-0.9567526920010458,-1.120776807689931
14639.0,33,2,754.1,377.05,0,-0.5009951241282435,-0.5604155690229924
14640.0,31,2,802.3100000000001,401.15500000000003,0,-0.3913093810460463,-0.5414643277663498
14642.0,1,1,96.12,96.12,0,-1.828670512527049,-1.0144623057966893
14644.0,276,1,643.26,643.26,0,0.4112876891973074,-1.2258209148781507
14645.0,99,2,597.09,298.545,0,-0.8590405337833527,-0.6306390209010904
14646.0,3,28,87617.39,3129.1925,3,48.67558820191441,93.70485663833296
14649.0,36,3,1098.21,366.07,0,-0.3798523648404124,-0.03434158626657602
14651.0,6,2,654.6,327.3,0,-0.7269441833469316,-0.595079288869467
14653.0,121,4,1229.72,307.43,0,-0.529233439259073,0.31541325057488934
14655.0,333,2,1173.47,586.735,0,0.4487572521221441,-0.44093201017969885
14656.0,342,1,133.11,133.11,0,-1.6816887925693884,-1.074837513742426
14657.0,156,2,222.86,111.43,0,-1.7110486838769041,-0.7836765519602868
14658.0,243,1,124.01,124.01,0,-1.7176394271368824,-1.0578246244222034
14659.0,189,4,840.8199999999999,210.20499999999998,0,-1.0596398881568292,0.018693656850323537
14662.0,30,2,514.82,257.41,0,-1.045218253951308,-0.6526282268818364
14664.0,183,1,389.04,389.04,0,-0.629953982517762,-1.1325872275701272
14665.0,32,3,1498.44,499.48,0,0.2869179358122669,0.21478939044633505
14667.0,69,13,4831.65,371.6653846153846,0,1.3840815644936828,5.382338165959963
14669.0,7,3,1269.99,423.33,0,-0.09329557663093135,0.07648617425652904
14670.0,252,2,411.53,205.765,0,-1.283227214149659,-0.7243521689972575
14672.0,163,1,285.28000000000003,285.28000000000003,0,-1.0551852452792376,-1.0971008312789854
14673.0,182,3,1044.94,348.31333333333333,0,-0.4706076728498322,-0.08829414274081082
14676.0,122,2,933.6,466.8,0,-0.09393498622849672,-0.5036409114799785
14680.0,64,7,13441.85,1920.2642857142857,2,10.858371676321532,11.766078970513005
14681.0,6,1,393.95,393.95,0,-0.6073739240682995,-1.1088302402318404
14682.0,219,1,31.200000000000003,31.200000000000003,0,-2.097910785275681,-1.0252097039710626
14684.0,128,2,519.26,259.63,0,-1.0364726403683884,-0.6649176358439545
14688.0,4,10,3229.3,322.93,0,0.4675589422204529,3.306100588291947
14690.0,34,1,216.71,216.71,0,-1.3346009641499101,-1.0570991896707078
14691.0,36,3,1619.94,539.98,0,0.489261005891533,0.2896740883666741
14696.0,3,5,1465.45,293.09000000000003,0,-0.46727924594191217,0.7454954733428413
14697.0,220,2,188.60999999999999,94.30499999999999,0,-1.7898374569872249,-0.8060854104839843
14698.0,121,1,157.16,157.16,0,-1.580010125942752,-1.050809635573129
14699.0,97,1,109.13000000000001,109.13000000000001,0,-1.7766439937561684,-1.0322758725662735
14700.0,153,2,1513.75,756.875,0,1.2252418556448121,-0.2834568090219979
14701.0,190,2,528.89,264.445,0,-1.0154246572334402,-0.6700516892556544
14702.0,101,9,1666.21,185.13444444444445,0,-0.7448526449114043,1.6472900043526382
14704.0,5,1,110.12,110.12,0,-1.7713134143891573,-1.0194364056207101
14708.0,126,3,1126.37,375.45666666666665,0,-0.33418568051785513,-0.029717962163032352
14709.0,91,7,2611.89,373.1271428571428,0,0.3518479571433033,2.1416998322888827
14710.0,31,1,172.91,172.91,0,-1.5141781541632269,-1.0428973655196485
14711.0,93,4,964.91,241.2275,0,-0.8893718182439279,0.12399183402433045
14712.0,61,1,495.6,495.6,0,-0.1912789429407309,-1.1486561549333123
14713.0,61,7,1908.8999999999999,272.7,0,-0.3297087094220823,1.5215048315585569
14715.0,10,2,485.25,242.625,0,-1.1122017226330803,-0.6612179118051464
14719.0,62,3,947.1,315.7,0,-0.631935015437266,-0.13190360155528702
14720.0,32,3,663.81,221.26999999999998,0,-1.1034335728493085,-0.30354998532111077
14723.0,275,3,419.39,139.79666666666665,0,-1.513952009600985,-0.4900800023375965
14727.0,69,1,268.58,268.58,0,-1.1223716422160614,-1.0784128232852033
14729.0,698,1,313.49,313.49,0,-0.9468888010512221,-1.1824461319842723
14730.0,121,4,1378.02,344.505,0,-0.327330661204669,0.4248553162679244
14731.0,36,1,127.66,127.66,0,-1.6998121190950988,-1.0293831316657107
14732.0,2,7,2367.39,338.1985714285714,0,0.1158876284100554,1.9372264171597648
14733.0,40,3,3901.83,1300.61,0,4.290446072780619,1.7062493605705065
14735.0,182,3,767.29,255.76333333333332,0,-0.9331253110606398,-0.2607261517529855
14737.0,182,2,730.55,365.275,0,-0.5566197763823169,-0.5908319051076591
14738.0,6,3,630.33,210.11,0,-1.158846441205572,-0.3206259118424387
14739.0,185,6,3392.32,565.3866666666667,0,1.3956385363032109,2.5717667203221826
14740.0,342,1,521.1,521.1,0,-0.09058763420974292,-1.1968417182267548
14741.0,667,1,184.5,184.5,0,-1.4754333812216498,-1.1374537382937693
14744.0,31,2,308.75,154.375,0,-1.5139574048877176,-0.7325548181938402
14745.0,127,1,341.07,341.07,0,-0.8258998126147,-1.109498149294165
14747.0,251,1,328.2,328.2,0,-0.8803908534508924,-1.1231761096912505
14748.0,36,5,1415.75,283.15,0,-0.5263223649767154,0.7006138156222618
14755.0,101,1,488.46000000000004,488.46000000000004,0,-0.22111172052734807,-1.1521286961312667
14759.0,213,1,755.12,755.12,0,0.8708824932250179,-1.2519900862447901
14761.0,1,2,255.9,127.95,0,-1.6337552737717407,-0.7487283351974563
14765.0,60,1,158.61,158.61,0,-1.5732213136925244,-1.0425460557009627
14766.0,67,3,960.07,320.02333333333337,0,-0.6103982633259273,-0.12456341693385142
14768.0,247,1,133.20000000000002,133.20000000000002,0,-1.6800075708137534,-1.0612862104608956
14769.0,152,1,341.96999999999997,341.96999999999997,0,-0.8225543195560934,-1.1133547360197729
14775.0,1,2,717.0,358.5,0,-0.5849405323149883,-0.5702053083392915
14776.0,219,1,214.56,214.56,0,-1.3459730848276679,-1.082867609933192
14778.0,247,2,730.86,365.43,0,-0.556812434246574,-0.6000031910897922
14779.0,252,1,38.0,38.0,0,-2.070480585360472,-1.0320651026823922
14788.0,302,1,310.99,310.99,0,-0.9516714437867974,-1.1250544951446786
14789.0,30,1,197.64,197.64,0,-1.4127495333898497,-1.0505308185594489
14790.0,3,2,428.62,214.31,0,-1.240915228890285,-0.6821426163071149
14792.0,154,1,6.2,6.2,0,-2.1995350504967757,-1.0080570977411254
14794.0,91,3,531.11,177.03666666666666,0,-1.3253040940391885,-0.39439576301793133
14796.0,34,7,3536.6600000000003,505.2371428571429,0,1.2497551830212064,2.971343516800681
14798.0,312,1,75.68,75.68,0,-1.916788077849258,-1.0524902433924315
14800.0,31,7,2765.19,395.02714285714285,0,0.5013931020537894,2.2864565824230425
14801.0,92,1,193.14,193.14,0,-1.4320598473814248,-1.0579782632433576
14803.0,99,1,188.64,188.64,0,-1.450610499991076,-1.057563831953164
14804.0,333,1,353.27,353.27,0,-0.7787143309257459,-1.1427807619483128
14808.0,65,2,443.06,221.53,0,-1.2089264543729752,-0.6854143930777656
14810.0,101,3,463.64,154.54666666666665,0,-1.4378357494969418,-0.43772682529613804
14813.0,578,2,155.43,77.715,0,-1.8702531511853622,-0.870105300229348
14815.0,275,2,778.5,389.25,0,-0.4488375698158555,-0.5855609314085037
14817.0,161,1,580.79,580.79,0,0.15669398140731583,-1.189738634838854
14819.0,184,1,187.35,187.35,0,-1.4570746597444573,-1.0693083609228968
14820.0,183,1,139.1,139.1,0,-1.654928398148087,-1.0539931120805188
14821.0,486,1,48.800000000000004,48.800000000000004,0,-2.029423074998882,-1.0689098922207656
14823.0,5,1,110.78,110.78,0,-1.7686068323522042,-1.0196439438947884
14824.0,93,2,497.41,248.705,0,-1.0856890722342218,-0.6683742381238285
14825.0,32,6,976.08,162.68,0,-1.1563752012317545,0.5279593324719202
14828.0,163,1,582.0,582.0,0,0.1616284244248114,-1.1904050080737225
14829.0,61,3,549.1899999999999,183.0633333333333,0,-1.2947715308764387,-0.378879047356422
14834.0,1,2,529.55,264.775,0,-1.0113129532346765,-0.6427798938620913
14836.0,30,2,79.05,39.525,0,-2.03641755970843,-0.8213442958776779
14837.0,32,1,303.94,303.94,0,-0.9768534142157134,-1.0842429451623377
14841.0,31,2,1169.69,584.845,0,0.44433052291487685,-0.3992266578310807
14842.0,216,3,1901.52,633.84,0,0.9558391906121622,0.43881701224486724
14844.0,7,3,2521.01,840.3366666666667,0,1.9906907938156186,0.8534207750647796
14849.0,3,15,4256.8,283.7866666666667,0,0.8203492860005741,5.162063159437642
14850.0,343,1,325.75,325.75,0,-0.8917087203541935,-1.135556476818398
14852.0,1,3,1692.88,564.2933333333334,0,0.6112500508699719,0.3399758244177181
14853.0,6,1,214.5,214.5,0,-1.3432771763883036,-1.05240184131766
14854.0,69,2,655.36,327.68,0,-0.7260856503995934,-0.6037904629871631
14855.0,3,1,339.3,339.3,0,-0.8314456824163724,-1.091216612635705
14856.0,275,2,308.11,154.055,0,-1.5187832784123456,-0.767680746207489
14857.0,31,1,650.6,650.6,0,0.44477210830956637,-1.193107908162807
14863.0,61,1,266.76,266.76,0,-1.1297247510260457,-1.0766969751756026
14865.0,302,2,52.2,26.1,0,-2.1012472473028403,-0.8706202989172069
14866.0,31,4,6181.32,1545.33,0,6.213356883826172,3.9824476091032035
14867.0,158,3,710.28,236.76,0,-1.027762778173081,-0.29270105731539026
14868.0,33,5,1806.42,361.284,0,-0.06575156942285221,1.0167584957161648
14869.0,333,1,334.39,334.39,0,-0.8561389807100963,-1.1368439095019505
14871.0,182,1,167.63,167.63,0,-1.5379164262528597,-1.062821482455922
14878.0,5,2,254.01,127.005,0,-1.638109502269887,-0.750031854950164
14880.0,158,1,234.07,234.07,0,-1.2651223459299104,-1.0802830319244425
14882.0,183,1,247.9,247.9,0,-1.2087524502382712,-1.0882054821104037
14883.0,6,1,310.56,310.56,0,-0.9493464635554275,-1.082608093753972
14886.0,341,1,364.8,364.8,0,-0.7315416591175601,-1.1475499383023087
14889.0,163,1,135.9,135.9,0,-1.6677749796429167,-1.0501280019125865
14891.0,219,1,449.38,449.38,0,-0.38300400313480987,-1.1567072122348239
14895.0,61,10,4899.95,489.995,0,1.825948253675924,4.882503214906548
14896.0,455,1,257.22,257.22,0,-1.1742891020052386,-1.1300167243738604
14897.0,2,2,789.96,394.98,0,-0.41900005343427016,-0.5421004960854012
14898.0,70,2,266.85,133.425,0,-1.6098015123127323,-0.754351929640749
14901.0,2,5,784.01,156.802,0,-1.2705600987823227,0.19493984956377475
14903.0,156,3,1725.35,575.1166666666667,0,0.6631986799079452,0.3379848268794111
14904.0,152,1,628.48,628.48,0,0.35238934621266904,-1.2034483586049043
14905.0,218,1,307.6,307.6,0,-0.9644132232296626,-1.1119812743401012
14907.0,30,4,2187.35,546.8375,0,0.7757871593310841,1.0351304908326573
14910.0,122,2,212.44,106.22,0,-1.734280332029736,-0.7828507706190679
14911.0,1,75,59175.7,789.0093333333333,3,27.70751236872018,72.43436156091403
14912.0,160,1,482.78999999999996,482.78999999999996,0,-0.24517863023632602,-1.1587794024579947
14913.0,38,3,926.56,308.8533333333333,0,-0.6658196705001911,-0.14122914508392992
14915.0,93,2,307.48,153.74,0,-1.5177024833053148,-0.7419089995447159
14916.0,155,1,266.48,266.48,0,-1.1321713283126473,-1.0900455893908236
14918.0,126,1,765.4200000000001,765.4200000000001,0,0.9143232227149329,-1.242792882769099
14920.0,36,2,977.77,488.885,0,0.007721612040212378,-0.4742465989742891
14921.0,91,1,413.06,413.06,0,-0.5301800935885903,-1.1269895885821766
14924.0,129,1,310.05,310.05,0,-0.9531367924017392,-1.1000297368115408
14929.0,152,1,223.88,223.88,0,-1.3068274600769585,-1.0762211075562702
14930.0,69,1,1104.13,1104.13,0,2.3041202077476024,-1.3411531337490838
14931.0,213,1,198.4,198.4,0,-1.4121604637635174,-1.076928407540402
14932.0,455,1,363.53,363.53,0,-0.738324349962109,-1.163446109096995
14934.0,311,1,828.84,828.84,0,1.1718459265265746,-1.2891799161093362
14936.0,99,6,4640.5,773.4166666666666,0,2.7162359533801403,3.6511465438854684
14937.0,337,1,759.56,759.56,0,0.8873777176307269,-1.2711112095574761
14944.0,61,7,2711.94,387.42,0,0.44932088385574565,2.2348650025353525
14947.0,337,1,178.5,178.5,0,-1.4954807041751326,-1.0883957708666228
14948.0,250,2,360.76,180.38,0,-1.398680666706996,-0.7437227867699385
14952.0,2,5,3717.92,743.5840000000001,0,2.1879898105209845,2.565948350156889
14958.0,129,2,392.28,196.14,0,-1.325314246516651,-0.7142231336963784
14959.0,128,2,401.82,200.91,0,-1.3036008191510406,-0.7103866106308182
14960.0,333,1,132.97,132.97,0,-1.6821386078056393,-1.0735070016764046
14961.0,93,3,2087.12,695.7066666666666,0,1.2667160767328134,0.5716642189173659
14963.0,96,2,604.59,302.295,0,-0.8419396516855815,-0.6273064335461892
14964.0,190,1,206.21,206.21,0,-1.3798148997483457,-1.0760965835278256
14965.0,246,2,599.0,299.5,0,-0.8567264292231557,-0.650912180923266
14968.0,91,1,147.59,147.59,0,-1.6188412047247924,-1.0435120346131186
14970.0,304,2,917.06,458.53,0,-0.13407053976279393,-0.5360603275662057
14971.0,244,2,500.21,250.105,0,-1.081405828179871,-0.6888745916903715
14972.0,278,1,114.77,114.77,0,-1.7560149965336296,-1.0599221005686263
14974.0,303,1,114.39,114.39,0,-1.7579186322739617,-1.0633761888232947
14976.0,69,1,115.57000000000001,115.57000000000001,0,-1.7498475777829816,-1.0302985334113737
14981.0,160,1,102.12,102.12,0,-1.806261333277039,-1.039076986104353
14984.0,5,1,110.17999999999999,110.17999999999999,0,-1.771067361476707,-1.0194552727365354
14987.0,455,1,163.2,163.2,0,-1.5598540158148055,-1.1004519538756088
14988.0,6,1,334.54,334.54,0,-0.8510073162128045,-1.090148651045485
14995.0,252,2,233.23000000000002,116.61500000000001,0,-1.6887871109220267,-0.7933841700573546
14997.0,2,1,278.4,278.4,0,-1.0811755765282667,-1.0719235468734922
14998.0,7,1,183.64,183.64,0,-1.4698442030503496,-1.0428407979443743
15002.0,224,2,893.15,446.575,0,-0.18735109167211317,-0.5338820513310025
15005.0,101,11,2423.07,220.2790909090909,0,-0.26313350252963186,2.694898509546437
15007.0,279,1,156.91,156.91,0,-1.5832176463811853,-1.0733160481161275
15010.0,244,1,308.94,308.94,0,-0.9592771541715466,-1.116119163114624
15012.0,698,1,191.06,191.06,0,-1.4489597689059899,-1.1439477821427393
15017.0,183,1,125.58,125.58,0,-1.7103723210868804,-1.049741721981217
15018.0,334,3,496.21000000000004,165.40333333333334,0,-1.3867978754408616,-0.45080528830659133
15021.0,187,4,941.4300000000001,235.35750000000002,0,-0.9226369539241526,0.09322746118179104
15023.0,130,5,3378.25,675.65,0,1.7858122992003904,2.2731508835814416
15024.0,30,6,1072.12,178.68666666666664,0,-1.0548268859805043,0.6103511711175283
15025.0,183,1,377.01,377.01,0,-0.6792875914640405,-1.1288043708471538
15026.0,161,1,108.97999999999999,108.97999999999999,0,-1.7781430956453512,-1.0413770695465752
15027.0,91,2,411.9,205.95,0,-1.280161878767286,-0.7011950618237545
15028.0,333,2,300.67,150.335,0,-1.5365073463238617,-0.7788519794744423
15031.0,90,3,557.18,185.72666666666666,0,-1.281862099668823,-0.37806228326177566
15032.0,486,2,2770.6,1385.3,0,4.079464415710593,0.155554830337844
15033.0,125,3,380.34,126.77999999999999,0,-1.5769308587121018,-0.4928901699930461
15034.0,30,3,1643.96,547.9866666666667,0,0.5293571093400504,0.3054491502523865
15035.0,32,1,252.73000000000002,252.73000000000002,0,-1.1868595749920154,-1.0681398618054405
15038.0,1,6,705.49,117.58166666666666,0,-1.4419787218314257,0.301059359470797
15039.0,71,20,8524.26,426.213,2,3.2878701547155336,10.28100436919335
15043.0,122,1,537.0,537.0,0,-0.02234496688272669,-1.1703940000240496
15044.0,7,6,2619.79,436.63166666666666,0,0.5814812961268534,1.9367638034136778
15045.0,34,1,346.76,346.76,0,-0.8012812764139587,-1.0979936632220546
15046.0,70,7,2622.5,374.64285714285717,0,0.36243077713542915,2.154126763276145
15048.0,215,3,315.97,105.32333333333334,0,-1.6854034038642285,-0.5457314614086686
15049.0,38,1,121.17000000000002,121.17000000000002,0,-1.726454466508721,-1.027628225036332
15051.0,4,1,377.74,377.74,0,-0.6738215951983613,-1.1034470880406457
15053.0,187,3,697.79,232.59666666666666,0,-1.0489695408446562,-0.30460321108341043
15057.0,99,1,358.5,358.5,0,-0.7540347048443727,-1.1109766368545997
15058.0,68,4,767.59,191.8975,0,-1.1576674897377965,-0.0180523095380124
15059.0,101,2,381.89,190.945,0,-1.3485605290361486,-0.714243396521309
15060.0,333,1,16.61,16.61,0,-2.1593172226841886,-1.0369173750525316
15061.0,6,28,31902.3,1139.367857142857,2,16.430274003588018,35.83474367402425
15062.0,189,1,353.06,353.06,0,-0.7775865845011937,-1.122130906310728
15063.0,67,1,370.79999999999995,370.79999999999995,0,-0.7031518729880399,-1.1102702132138547
15065.0,303,1,299.38,299.38,0,-0.9992964943710498,-1.1215466514320114
15067.0,311,1,848.05,848.05,0,1.250623867329401,-1.2952205376927377
15070.0,667,1,106.2,106.2,0,-1.796532431969247,-1.1128321521417475
15071.0,99,2,982.07,491.035,0,0.016632203510120513,-0.4815871994310052
15073.0,158,2,861.96,430.98,0,-0.2573840475389313,-0.5365235607513358
15078.0,94,11,3272.2200000000003,297.4745454545455,0,0.39960272546773323,3.5121191822936164
15079.0,36,3,528.32,176.10666666666668,0,-1.3291920977413925,-0.3882665911862525
15081.0,215,2,191.45,95.725,0,-1.7833085533011157,-0.8042711382159478
15087.0,283,1,306.94,306.94,0,-0.9680175868997984,-1.1210650440354168
15088.0,276,1,864.19,864.19,0,1.3172955216579292,-1.2952927798662248
15089.0,185,2,1580.61,790.305,0,1.3768791456484142,-0.2621449589286462
15090.0,253,1,381.32,381.32,0,-0.6625796323451754,-1.1401656826343114
15091.0,276,1,480.71,480.71,0,-0.25531065944920517,-1.1747067535880977
15092.0,128,2,457.81,228.905,0,-1.1762463681118656,-0.6887090910606846
15093.0,224,2,1844.13,922.065,0,1.9757411721113225,-0.16569331118444508
15097.0,213,1,248.08,248.08,0,-1.208428652254697,-1.0925503794437539
15098.0,66,3,39916.5,13305.5,3,64.28439673625421,24.069116313019318
15100.0,71,3,876.0,292.0,0,-0.7504998209685978,-0.17734609914184918
15101.0,333,1,215.25,215.25,0,-1.3447180471988411,-1.099380106511505
15103.0,122,1,411.68,411.68,0,-0.536267483353849,-1.130986884103598
15104.0,311,1,374.64,374.64,0,-0.69077462072194,-1.1463558493117842
15105.0,276,1,541.03,541.03,0,-0.007945464799204327,-1.1936744940311368
15106.0,6,2,637.38,318.69,0,-0.7661126714143471,-0.6017463166779632
15107.0,40,4,243.5,60.875,0,-1.8708021754923472,-0.4008165365598469
15108.0,188,2,432.05,216.025,0,-1.2356686002243333,-0.7072591230061183
15109.0,129,1,484.95,484.95,0,-0.23589255260921382,-1.1550273794423025
15110.0,217,1,206.9,206.9,0,-1.3773582159335667,-1.0801730217471033
15111.0,61,3,1567.48,522.4933333333333,0,0.40152627504354443,0.253520702173588
15114.0,39,6,1860.49,310.08166666666665,0,-0.22159147615029307,1.2830533284339358
15117.0,33,2,675.73,337.865,0,-0.6792549620982407,-0.590757901737966
15119.0,129,1,266.4,266.4,0,-1.132140286209308,-1.0863039100486322
15123.0,302,1,1129.84,1129.84,0,2.406335678878208,-1.3825434583705163
15124.0,339,1,90.75,90.75,0,-1.8553607126838987,-1.0610885003711736
15125.0,62,2,375.0,187.5,0,-1.363693804468811,-0.7113361971984727
15127.0,215,1,406.53,406.53,0,-0.5586715433425382,-1.1426611742181358
15128.0,62,3,1096.6,365.5333333333333,0,-0.38289346343829,-0.03905798532146709
15129.0,217,2,509.7,254.85,0,-1.0594470178011368,-0.6813409038220958
15133.0,39,2,657.72,328.86,0,-0.7203032506307703,-0.5985884512273021
15134.0,67,3,505.27000000000004,168.42333333333335,0,-1.3680176469321774,-0.4070128233762682
15136.0,152,3,839.8,279.93333333333334,0,-0.8119216330129115,-0.21140617929143057
15139.0,163,1,122.10000000000001,122.10000000000001,0,-1.7243671495064778,-1.0457885652727665
15144.0,1,6,3023.9,503.98333333333335,0,1.0087354148544057,2.283100808324653
15145.0,212,2,580.59,290.295,0,-0.8981320738718439,-0.6531798695117732
15150.0,153,5,2067.45,413.48999999999995,0,0.2402982051745246,1.2105539601326458
15152.0,62,5,2079.93,415.986,0,0.2562667650772079,1.2336473719952044
15153.0,122,1,329.25,329.25,0,-0.8743031762417729,-1.1050666114789343
15156.0,120,3,961.49,320.49666666666667,0,-0.6087648223710542,-0.13125752841490235
15157.0,126,2,850.61,425.305,0,-0.2827586910487918,-0.5363437317709581
15159.0,32,14,6671.65,476.5464285714285,0,2.5995813908556826,7.380255193044163
15164.0,254,2,648.26,324.13,0,-0.7447904839490823,-0.6329838455760308
15165.0,698,1,487.75,487.75,0,-0.23226912565816604,-1.2372425253795638
15171.0,10,1,1289.5,1289.5,0,3.065115590245126,-1.3910094393191414
15172.0,333,1,376.1,376.1,0,-0.6850911977384195,-1.1499596995198411
15179.0,341,1,102.0,102.0,0,-1.8092534156497255,-1.0649119709874766
15180.0,517,1,87.5,87.5,0,-1.8711471192473632,-1.08551042111349
15181.0,245,1,254.48,254.48,0,-1.1826249930640307,-1.0991370541833854
15182.0,126,1,252.37,252.37,0,-1.1896342228285506,-1.0814633198662278
15184.0,61,2,406.76,203.38,0,-1.2914389250208562,-0.6988968078202072
15187.0,36,8,2001.52,250.19,0,-0.3630373449227664,1.793941446447545
15189.0,7,18,6206.29,344.7938888888889,0,1.938162445073164,7.607761582390725
15192.0,3,3,1044.32,348.1066666666666,0,-0.4691681348154376,-0.06309235539007785
15193.0,62,1,499.32,499.32,0,-0.17603747439394046,-1.1499688593140103
15194.0,122,8,4224.03,528.00375,0,1.6468707787803434,3.811649903095678
15195.0,152,1,3861.0,3861.0,0,13.608572022108236,-2.219920512731771
15197.0,341,1,216.75,216.75,0,-1.3386772205885917,-1.1009953300033708
15198.0,124,2,193.64,96.82,0,-1.7770703007761208,-0.7904154097939525
15199.0,31,3,964.65,321.55,0,-0.6022715300323966,-0.11657309437721786
15201.0,190,3,632.47,210.82333333333335,0,-1.1578229781011249,-0.34559843300569754
15203.0,343,1,211.94,211.94,0,-1.3584300864536065,-1.0997687026171004
15205.0,247,1,476.29999999999995,476.29999999999995,0,-0.272994999785649,-1.1691746677885928
15206.0,99,2,201.29999999999998,100.64999999999999,0,-1.7593016192771025,-0.7838761252172757
15208.0,120,3,546.6,182.20000000000002,0,-1.2999009394871426,-0.38892119208881243
15211.0,62,2,894.4100000000001,447.20500000000004,0,-0.18224755666995673,-0.5102374217042212
15212.0,7,1,101.8,101.8,0,-1.8054603756325125,-1.0171060519586597
15214.0,37,5,1068.19,213.638,0,-0.9360466338588875,0.41959391489297115
15215.0,246,1,300.04,300.04,0,-0.995802626901921,-1.1136064273329287
15218.0,189,1,647.75,647.75,0,0.43090229499828814,-1.2147967456867093
15220.0,252,1,316.11,316.11,0,-0.9299843273347468,-1.1195173290519809
15221.0,486,1,403.25,403.25,0,-0.5758654946989354,-1.1803673789587494
15223.0,251,1,300.85,300.85,0,-0.9925499727094719,-1.1145758493942162
15224.0,364,1,11.6,11.6,0,-2.1802908136526886,-1.039773210066522
15226.0,312,1,154.41,154.41,0,-1.5939256478957673,-1.0772470438745347
15227.0,128,3,594.33,198.11,0,-1.2205013803241958,-0.3604224549904621
15228.0,245,2,2133.2599999999998,1066.6299999999999,0,2.633104136710963,-0.05675332103016073
15234.0,130,1,197.0,197.0,0,-1.416755300301908,-1.0646238892768929
15235.0,160,7,1121.97,160.28142857142856,0,-1.0944773723718397,0.8083041928172646
15237.0,121,1,83.6,83.6,0,-1.881670996606778,-1.0276785515713058
15238.0,61,3,1071.99,357.33,0,-0.4238757222806878,-0.05419885894812049
15240.0,7,3,1045.38,348.46000000000004,0,-0.46745760334992803,-0.06300582482225559
15241.0,96,5,1119.71,223.942,0,-0.8761287698999667,0.4527956121097415
15244.0,215,2,631.57,315.785,0,-0.7822147688510055,-0.6338708897214445
15245.0,219,1,486.24,486.24,0,-0.23184549725286308,-1.168297910390169
15247.0,94,1,356.0,356.0,0,-0.764217849404171,-1.1094757910308997
15249.0,3,7,3636.29,519.47,0,1.3468344795028757,3.064278533922946
15251.0,4,4,6339.32,1584.83,0,6.4288386347526885,4.102907523093319
15252.0,96,2,740.78,370.39,0,-0.5321628578469455,-0.5745780643685412
15253.0,2,2,466.75,233.375,0,-1.1541711932873104,-0.667236968674487
15254.0,247,1,300.36,300.36,0,-0.9945041567273122,-1.1138499951501928
15255.0,245,1,890.85,890.85,0,1.427053205202233,-1.2992448291458647
15257.0,342,1,317.15,317.15,0,-0.9269624924469392,-1.132709247017242
15258.0,189,1,315.66,315.66,0,-0.9309595665951927,-1.1103704041129552
15260.0,188,3,808.38,269.46,0,-0.86475923758171,-0.2360652399063632
15264.0,184,1,393.74,393.74,0,-0.6106936497342839,-1.1342080948426387
15265.0,34,1,793.88,793.88,0,1.032305027165424,-1.2385914103522206
15266.0,224,1,119.3,119.3,0,-1.7366921522868364,-1.0536276350388634
15267.0,1,3,1527.76,509.25333333333333,0,0.3361882377189953,0.23742954914996994
15270.0,39,3,1013.5,337.8333333333333,0,-0.5210062415166816,-0.08737879145825289
15271.0,5,8,1328.66,166.0825,0,-0.9714640372325825,1.1837941876255202
15274.0,213,1,332.58000000000004,332.58000000000004,0,-0.861904133887239,-1.1191215675643904
15275.0,303,1,615.14,615.14,0,0.295597966217217,-1.2208379929819784
15276.0,245,1,135.31,135.31,0,-1.6713270860090006,-1.0616638176350273
15281.0,1,3,1025.19,341.73,0,-0.501007834442379,-0.07468698162348097
15288.0,157,2,548.01,274.005,0,-0.9714786460111974,-0.6579319172310971
15289.0,61,2,617.25,308.625,0,-0.8126598859203752,-0.6174018784700118
15290.0,122,7,3202.81,457.5442857142857,0,0.9246716364013277,2.6621973541036885
15291.0,5,10,3157.42,315.742,0,0.40906632626614714,3.237782095479728
15296.0,36,2,878.26,439.13,0,-0.2186231177849044,-0.5127736568850589
15297.0,61,2,380.26,190.13,0,-1.3517156342999799,-0.7091567518925156
15298.0,124,5,2145.34,429.06800000000004,0,0.3325169938749659,1.2776452969850314
15299.0,276,5,3307.01,661.402,0,1.699816652306047,2.194709319923486
15300.0,184,1,496.44,496.44,0,-0.1895330812569117,-1.1665023080969508
15301.0,219,3,1345.28,448.4266666666667,0,0.02919659812266706,0.09294038616534317
15304.0,62,4,391.5,97.875,0,-1.6696116964709309,-0.29474061451139477
15306.0,124,2,829.73,414.865,0,-0.3302245647248835,-0.544141906965477
15307.0,216,1,205.3,205.3,0,-1.3839058149071146,-1.0795269554588993
15308.0,69,1,310.47,310.47,0,-0.950585700507034,-1.0915852146505696
15311.0,1,41,32300.0,787.8048780487804,2,15.415830385560378,38.535420360737774
15312.0,128,1,318.15999999999997,318.15999999999997,0,-0.9198648283770859,-1.102436998767732
15315.0,184,1,336.96,336.96,0,-0.843541722549719,-1.1163535142332925
15318.0,182,1,312.62,312.62,0,-0.9433295633167917,-1.1084138678477693
15319.0,342,1,204.5,204.5,0,-1.3889268355723134,-1.0972862370552336
15326.0,71,1,311.71,311.71,0,-0.9455282310333137,-1.0922610214433508
15330.0,62,2,714.96,357.48,0,-0.5904232351657586,-0.5797146656202864
15332.0,486,4,1661.06,415.265,0,0.052972267227337944,0.5815582047024769
15334.0,187,1,127.53,127.53,0,-1.7024308495327503,-1.050926676043656
15339.0,245,1,316.17,316.17,0,-0.9296415902464154,-1.1185355937711021
15342.0,306,1,406.09,406.09,0,-0.5617328256536294,-1.155530646525902
15344.0,90,2,255.25,127.625,0,-1.6364630293298856,-0.761701938961097
15346.0,40,1,252.42000000000002,252.42000000000002,0,-1.1882413445740156,-1.069185927303243
15347.0,486,1,201.60000000000002,201.60000000000002,0,-1.4028083246255378,-1.1169581471892067
15349.0,219,2,473.81,236.905,0,-1.141109777550549,-0.695522239004367
15350.0,698,1,115.65,115.65,0,-1.7582072710372327,-1.1202349620696364
15351.0,31,4,772.44,193.11,0,-1.150553420711282,-0.009184220200537219
15353.0,517,1,311.65,311.65,0,-0.9519344471519109,-1.155994821317522
15355.0,61,1,150.8,150.8,0,-1.6052630131549264,-1.0402331293238982
15356.0,122,5,1252.49,250.498,0,-0.719964247895976,0.5563838490232668
15358.0,2,11,5004.54,454.9581818181818,0,1.7527002404148118,5.1904108060520935
15363.0,667,1,326.0,326.0,0,-0.895158596026439,-1.1819486864484448
15364.0,216,1,581.39,581.39,0,0.15839484914989477,-1.1977891819712096
15365.0,246,1,752.6700000000001,752.6700000000001,0,0.8603795358041446,-1.2559368045997186
15367.0,99,2,1416.18,708.09,0,1.0040556852142861,-0.31351382881856105
15370.0,31,2,217.2,108.6,0,-1.7221963760010677,-0.7680000212059092
15373.0,333,2,679.83,339.915,0,-0.6740727391437658,-0.6320534740232565
15374.0,278,1,168.0,168.0,0,-1.5377250543715018,-1.0766603768249752
15376.0,340,1,654.17,654.17,0,0.45514434083645705,-1.238399950208917
15379.0,99,3,1341.3700000000001,447.1233333333334,0,0.024340646700877988,0.10766530014580178
15380.0,333,2,615.4000000000001,307.70000000000005,0,-0.8206247534401407,-0.6569986889884952
15381.0,67,1,314.55,314.55,0,-0.9338264784101641,-1.092582292127632
15382.0,127,2,539.1,269.55,0,-0.9913309071320241,-0.6570932854597236
15386.0,188,1,394.14,394.14,0,-0.609108545085119,-1.1349056484129239
15392.0,2,3,1196.55,398.84999999999997,0,-0.21556505549396288,0.031591645731019136
15393.0,283,1,124.10000000000001,124.10000000000001,0,-1.7178228287732424,-1.063570653077107
15399.0,121,1,266.64,266.64,0,-1.1310455783584996,-1.0852358329157004
15400.0,124,4,649.0,162.25,0,-1.319895113175,-0.11357388239024879
15405.0,280,1,349.1,349.1,0,-0.7950829710093671,-1.1338935078234098
15406.0,39,2,510.71000000000004,255.35500000000002,0,-1.0546911385977127,-0.6555059749280586
15407.0,96,4,1056.44,264.11,0,-0.7647998944048104,0.19111008650857197
15410.0,306,2,727.48,363.74,0,-0.5653154674030935,-0.6097454666908568
15411.0,66,2,382.21,191.105,0,-1.347349238459787,-0.7091164908735197
15414.0,37,2,421.5,210.75,0,-1.257579938501824,-0.6897593191210994
15416.0,156,3,3085.13,1028.3766666666668,0,2.928360697146527,1.1824638371966265
15421.0,1,4,950.36,237.59,0,-0.9079101842229163,0.12640503551632032
15423.0,334,1,43.5,43.5,0,-2.0490583211128537,-1.045515930661101
15426.0,183,3,749.67,249.89,0,-0.9624910437962805,-0.2718118358089689
15427.0,183,2,1112.11,556.055,0,0.3112600414998188,-0.44324714037398216
15433.0,67,1,160.66,160.66,0,-1.564911190026355,-1.0441912845550312
15434.0,122,2,454.20000000000005,227.10000000000002,0,-1.184374775979889,-0.6892491072635487
15442.0,221,1,594.0,594.0,0,0.21003790945756284,-1.2024691368114735
15443.0,121,1,379.51,379.51,0,-0.6681790412208075,-1.1207280223024014
15449.0,158,1,301.78,301.78,0,-0.9874516342297852,-1.1015745721332981
15450.0,91,1,429.84,429.84,0,-0.46136729573999946,-1.1322660919746532
15452.0,61,1,125.4,125.4,0,-1.7094254127588724,-1.032246050291186
15453.0,121,4,910.59,227.6475,0,-0.9637124248322485,0.07990248574266834
15454.0,364,1,179.1,179.1,0,-1.4933930997290292,-1.0924439084121627
15456.0,342,2,204.0,102.0,0,-1.756516540814632,-0.8175659699105836
15462.0,185,2,169.8,84.9,0,-1.8321391267319815,-0.808365022953299
15463.0,61,1,126.14,126.14,0,-1.706390760171986,-1.0324787447196981
15464.0,224,1,1048.85,1048.85,0,2.07528259384891,-1.345926426962387
15465.0,5,7,2168.66,309.8085714285714,0,-0.07694190174793691,1.7602608437150198
15467.0,65,1,288.42,288.42,0,-1.0409548977320031,-1.084079776786654
15469.0,33,1,304.3,304.3,0,-0.9753909087661377,-1.0844990910568186
15471.0,152,1,469.48,469.48,0,-0.29965087178053607,-1.1534505016678485
15473.0,1,6,1363.2,227.20000000000002,0,-0.7467353460524917,0.8633449264437093
15482.0,274,2,2629.3999999999996,1314.6999999999998,0,3.7612200612556856,0.13119070927915621
15483.0,338,3,118.96,39.65333333333333,0,-2.0152874077662064,-0.6856647448786783
15484.0,121,1,674.25,674.25,0,0.5405148823723829,-1.2134095842749038
15485.0,91,3,2575.0,858.3333333333334,0,2.0794687334871496,0.8749435451034212
15488.0,124,1,91.32000000000001,91.32000000000001,0,-1.8500536246135546,-1.0305349500727492
15489.0,6,1,348.26,348.26,0,-0.794743216899177,-1.0944629315308712
15491.0,216,2,921.6300000000001,460.81500000000005,0,-0.12246019244207018,-0.5217119696147942
15492.0,30,1,171.72,171.72,0,-1.5190443915683645,-1.0423802245229175
15493.0,153,3,1095.54,365.18,0,-0.3859161372907587,-0.052724119844557715
15494.0,64,1,1127.38,1127.38,0,2.39953477144771,-1.3477494251337436
15498.0,6,12,6030.88,502.5733333333333,0,2.3936988122969076,6.3769222099914495
15500.0,333,1,266.26,266.26,0,-1.1355320627973735,-1.1154202994823177
15502.0,32,10,9736.98,973.698,2,5.7615704074346255,9.474394515704436
15503.0,364,1,147.09,147.09,0,-1.624662328521246,-1.0823783021193627
15505.0,157,2,1446.18,723.09,0,1.0714923718465583,-0.3101895033659966
15508.0,250,4,481.8,120.45,0,-1.5492695786489967,-0.2549745662853067
15511.0,334,1,229.8,229.8,0,-1.2850640279547776,-1.1040983252986702
15512.0,157,1,19.799999999999997,19.799999999999997,0,-2.1438044930834264,-1.0127624735934482
15513.0,6,10,7650.21,765.021,2,4.0642136926631025,7.498886057461015
15514.0,183,6,2455.31,409.2183333333333,0,0.40518403975529815,1.7709895255619332
15518.0,40,6,1698.61,283.10166666666663,0,-0.39272325456044266,1.1445168872161688
15520.0,121,1,343.5,343.5,0,-0.8158517975097088,-1.1094046082879148
15521.0,36,5,1401.8899999999999,280.378,0,-0.5426608013101215,0.6894130024350064
15522.0,153,1,138.94,138.94,0,-1.6551701784941777,-1.0496545037857772
15525.0,152,2,628.62,314.31,0,-0.7880546600368826,-0.626007612868592
15526.0,183,2,148.44,74.22,0,-1.8806968049535064,-0.8163490386442221
15527.0,32,4,1485.64,371.41,0,-0.17958232843161404,0.5169984013489072
15529.0,99,5,1330.8,266.15999999999997,0,-0.6273332272149752,0.6229569452599096
15530.0,160,1,553.13,553.13,0,0.04327740079286935,-1.1808979512438595
15531.0,90,2,2007.44,1003.72,0,2.3490557341338025,-0.08331056522306224
15533.0,32,1,449.65999999999997,449.65999999999997,0,-0.3792729075115008,-1.1300648804633928
15539.0,302,1,538.46,538.46,0,-0.018843843869096988,-1.1965828757577106
15544.0,3,6,2535.27,422.545,0,0.49219326205005176,1.8650782346470467
15545.0,638,1,135.32999999999998,135.32999999999998,0,-1.676673194245992,-1.1178467840885875
15547.0,32,5,2498.7599999999998,499.75199999999995,0,0.750406038494803,1.5764087262219295
15549.0,218,1,689.58,689.58,0,0.6020416350662146,-1.2320956227225954
15550.0,39,2,280.25,140.125,0,-1.57889379597382,-0.7447326432640653
15551.0,275,1,436.06,436.06,0,-0.43840122310581875,-1.160523531695238
15552.0,189,1,90.12,90.12,0,-1.855872464495743,-1.0394489157256372
15553.0,62,1,437.23,437.23,0,-0.43066122996122397,-1.1304445389541249
15554.0,161,1,217.2,217.2,0,-1.3343456592225547,-1.0754070574568153
15555.0,1,8,2536.88,317.11,0,0.12188049110079535,2.287932873098687
15557.0,30,1,473.65000000000003,473.65000000000003,0,-0.2808651272998839,-1.137322695875152
15561.0,128,1,265.75,265.75,0,-1.1347920474023931,-1.0859565730943288
15568.0,152,1,335.77,335.77,0,-0.8479797871759541,-1.1114051340511582
15569.0,40,1,288.5,288.5,0,-1.0402815265539223,-1.080531352952859
15570.0,70,5,1978.96,395.79200000000003,0,0.1371308780692726,1.1509059831437636
15571.0,183,1,196.43,196.43,0,-1.4198248403018578,-1.072020641251597
15572.0,191,4,1071.02,267.755,0,-0.746262121053178,0.18829019474348874
15573.0,122,1,196.75,196.75,0,-1.4176700245694438,-1.0634017306980543
15574.0,667,1,375.65,375.65,0,-0.6915498109738439,-1.1975612247938838
15576.0,303,1,940.6700000000001,940.6700000000001,0,1.630558042716136,-1.3232015298921658
15577.0,34,3,258.88,86.29333333333334,0,-1.7780056494142453,-0.5553139679178996
15579.0,304,1,149.0,149.0,0,-1.6160009226340257,-1.07440231333472
15581.0,33,6,3390.01,565.0016666666667,0,1.3952961399170742,2.5915192350295215
15582.0,281,1,303.61,303.61,0,-0.9816458994905364,-1.1197320327080542
15587.0,32,1,344.88,344.88,0,-0.8089633102871485,-1.0971166071938034
15589.0,312,1,184.95,184.95,0,-1.4686847154585818,-1.0868504058296145
15594.0,91,2,702.86,351.43,0,-0.6183463568105375,-0.5885447475868175
15596.0,97,3,1014.54,338.18,0,-0.5200748760035554,-0.0950236144832296
15597.0,244,1,324.57,324.57,0,-0.8951803704782523,-1.1210340467871156
15601.0,32,5,2417.3,483.46000000000004,0,0.654379413406833,1.5105776842137169
15602.0,30,4,458.43,114.6075,0,-1.5780479791302788,-0.24077359694888412
15605.0,32,4,1015.48,253.87,0,-0.819680845829177,0.17003089220367806
15606.0,3,4,1384.68,346.17,0,-0.3166335967789755,0.44663754407207723
15607.0,163,1,104.76,104.76,0,-1.795476441204605,-1.0403359687992537
15608.0,30,4,1093.68,273.42,0,-0.7131879672687809,0.2280266203909721
15609.0,127,1,298.48,298.48,0,-1.0005563716356471,-1.0961056415775032
15611.0,101,3,304.6,101.53333333333335,0,-1.7027693175900334,-0.5364971718234071
15612.0,92,2,195.15,97.575,0,-1.7731936808395838,-0.7852566041807488
15615.0,36,9,4307.32,478.5911111111111,0,1.5119380122169945,4.1203985065018776
15618.0,124,3,554.02,184.67333333333332,0,-1.2875957306255565,-0.38488484132535744
15620.0,281,1,450.52,450.52,0,-0.37918534335606013,-1.1659281658063112
15621.0,213,2,248.07,124.035,0,-1.654493484745808,-0.7820638165952255
15622.0,311,1,576.0,576.0,0,0.13497895346115296,-1.2096738900215047
15625.0,337,1,301.14,301.14,0,-0.992548551126789,-1.1269601556135442
15628.0,66,6,1872.98,312.16333333333336,0,-0.20876163705213546,1.2898717394264843
15632.0,64,4,1745.52,436.38,0,0.173788862494489,0.7042098159451345
15636.0,32,2,724.76,362.38,0,-0.567717864942721,-0.5716321261661623
15640.0,40,7,5619.63,802.8042857142857,0,3.2703627769866044,4.820839308663893
15641.0,311,1,453.79,453.79,0,-0.3661898203812971,-1.1712447196046645
15643.0,311,3,664.0,221.33333333333334,0,-1.106970620201373,-0.34331314021660075
15646.0,160,3,447.64000000000004,149.21333333333334,0,-1.465303935447487,-0.4560971286485654
15649.0,163,2,816.0,408.0,0,-0.36199339288978827,-0.5550325042796717
15651.0,275,2,418.98,209.49,0,-1.26659917434531,-0.724755463215156
15652.0,93,1,337.74,337.74,0,-0.8390861404014094,-1.1035909555818697
15653.0,124,1,829.4399999999999,829.4399999999999,0,1.1768893043496178,-1.26263820895564
15655.0,68,1,560.67,560.67,0,0.07546875643570128,-1.1701181444425586
15656.0,281,1,63.910000000000004,63.910000000000004,0,-1.9646272847293493,-1.0443579049859644
15658.0,284,3,583.9000000000001,194.63333333333335,0,-1.2400306608414888,-0.389199050821481
15660.0,342,2,364.3,182.15,0,-1.3918993144960081,-0.7555029874656394
15661.0,224,1,116.0,116.0,0,-1.7502250624716011,-1.0525899436684716
15665.0,68,1,1476.22,1476.22,0,3.830031156333053,-1.4580146093401782
15668.0,189,1,76.32000000000001,76.32000000000001,0,-1.9124646343593041,-1.0351094790858173
15671.0,37,3,1315.72,438.5733333333333,0,-0.017531541579268617,0.10059807914271213
15673.0,2,3,1911.07,637.0233333333333,0,0.9747036383810102,0.47533779764666495
15674.0,67,3,1024.54,341.5133333333333,0,-0.5030022174572051,-0.08452490938472512
15675.0,156,2,225.39,112.695,0,-1.7052939640853502,-0.782697017677157
15676.0,244,2,3267.84,1633.92,0,5.213825451147717,0.3826623521904845
15679.0,66,3,734.66,244.88666666666666,0,-0.9858791418432045,-0.2644093055421173
15680.0,486,1,478.89,478.89,0,-0.2656747897366334,-1.2041525229758494
15681.0,30,4,1183.02,295.755,0,-0.5915561790598771,0.29395753171272376
15687.0,188,4,1469.42,367.355,0,-0.20381969524836974,0.4827292669051596
15689.0,3,1,150.6,150.6,0,-1.6052820920724593,-1.0318795333651236
15690.0,213,1,128.76,128.76,0,-1.697745877480793,-1.0550299751058323
15691.0,341,1,136.8,136.8,0,-1.6665427264285713,-1.075854898166153
15692.0,30,1,191.04,191.04,0,-1.439815353759379,-1.0484554358186655
15694.0,61,8,4404.57,550.57125,0,1.811079625280233,3.9852715011481803
15696.0,183,3,1262.1000000000001,420.70000000000005,0,-0.10886989001142833,0.04642815834953529
15701.0,152,2,574.07,287.035,0,-0.9121336974397578,-0.6471276109495134
15704.0,128,2,1507.32,753.66,0,1.2109615245497605,-0.2823727173501824
15706.0,154,2,181.8,90.9,0,-1.8044158403172492,-0.7992877713577938
15707.0,184,2,496.17,248.085,0,-1.0897664615963802,-0.681862157230024
15708.0,101,3,1226.3,408.76666666666665,0,-0.16737401004851937,0.035916236087708886
15709.0,342,1,133.25,133.25,0,-1.6811146691070045,-1.074881537012685
15712.0,96,1,158.85,158.85,0,-1.5727343349472553,-1.0477674793473128
15713.0,486,1,171.15,171.15,0,-1.5276801776940478,-1.1073830859078648
15716.0,578,1,547.1,547.1,0,0.01277565658899571,-1.238752063506597
15719.0,153,10,3884.94,388.494,0,0.9989044425207603,3.90665259897535
15722.0,219,3,1244.3600000000001,414.7866666666667,0,-0.1389189431999861,0.03026493740068048
15723.0,425,1,203.1,203.1,0,-1.395814468281602,-1.1087102899135617
15727.0,10,2,1339.2,669.6,0,0.8301868014766434,-0.33059605367127115
15729.0,36,1,85.0,85.0,0,-1.8747557398472376,-1.0159686123139196
15730.0,124,2,653.45,326.725,0,-0.7311897840352202,-0.6123918292698736
15732.0,36,2,294.12,147.06,0,-1.5473037577210293,-0.7389337976548018
15733.0,311,1,162.3,162.3,0,-1.5615558778834313,-1.079585126406033
15737.0,37,4,729.73,182.4325,0,-1.2087837483623987,-0.04156089912629968
15738.0,96,5,1549.43,309.886,0,-0.36956651440275745,0.8000693092834358
15739.0,245,1,449.12,449.12,0,-0.3844293450753675,-1.1603419779206718
15743.0,127,2,460.11,230.055,0,-1.1710009926398723,-0.6876756621492192
15745.0,183,1,309.53000000000003,309.53000000000003,0,-0.9560151003331062,-1.1075851545822952
15747.0,33,1,306.82,306.82,0,-0.9650566864432265,-1.0852915099214813
15749.0,40,2,22998.4,11499.2,2,50.0956328791529,8.050858316416077
15750.0,152,5,1273.01,254.602,0,-0.6961892353769175,0.5686785751587834
15752.0,155,4,1525.7,381.425,0,-0.1267415899303289,0.5289797671167554
15753.0,131,1,79.2,79.2,0,-1.8998529971043898,-1.0277243950727417
15754.0,160,1,91.8,91.8,0,-1.8485824342184847,-1.0358318421824007
15755.0,2,1,330.92,330.92,0,-0.8657972604968004,-1.0884385622592418
15756.0,65,4,532.96,133.24,0,-1.4770626606408737,-0.1907751446296263
15757.0,189,2,714.42,357.21,0,-0.5934056424703591,-0.5980775225189418
15759.0,220,1,68.0,68.0,0,-1.9470121443313102,-1.0369244782101117
15762.0,215,1,268.44,268.44,0,-1.1249623213468254,-1.0992385071461985
15763.0,122,1,564.4300000000001,564.4300000000001,0,0.09014222292578666,-1.179019416475518
15764.0,1,4,1697.8700000000001,424.46750000000003,0,0.10978601013613654,0.6780506088555033
15766.0,184,1,315.06,315.06,0,-0.9333510355940661,-1.1094670169570566
15769.0,91,10,21802.68,2180.268,2,15.576945043977569,20.909835782928777
15773.0,243,1,635.6800000000001,635.6800000000001,0,0.380658801420245,-1.2187202436610924
15774.0,304,1,270.8,270.8,0,-1.1165135103599857,-1.1127025584600874
15775.0,129,1,104.9,104.9,0,-1.7944327088879406,-1.0355199232855221
15777.0,7,1,293.96,293.96,0,-1.0174349146917938,-1.0775311349085002
15780.0,37,2,298.13,149.065,0,-1.5381964526061822,-0.7375241983739552
15781.0,162,1,83.35,83.35,0,-1.8832625101054823,-1.0334606097693952
15782.0,32,1,1638.3400000000001,1638.3400000000001,0,4.495363358678204,-1.5038476011171005
15785.0,153,3,998.5699999999999,332.8566666666666,0,-0.5474516509853455,-0.1129464570097316
15787.0,92,1,492.05,492.05,0,-0.20626524637294097,-1.1519710897657185
15796.0,70,4,1318.17,329.5425,0,-0.4081089267267284,0.3879774650829656
15797.0,97,2,1825.2,912.6,0,1.9344372575417894,-0.15486860942117997
15799.0,101,2,481.24,240.62,0,-1.1225797340595094,-0.6757782854426738
15800.0,160,1,244.5,244.5,0,-1.2223777720325575,-1.0838486519577994
15801.0,62,1,869.98,869.98,0,1.34399540108632,-1.2665236118441308
15804.0,90,4,1392.63,348.1575,0,-0.3070117292391523,0.4400684069690072
15805.0,122,6,1053.6100000000001,175.6016666666667,0,-1.0756638979369264,0.5813759363684733
15806.0,130,2,521.88,260.94,0,-1.0305408312748172,-0.6641891428668072
15808.0,192,3,2506.57,835.5233333333334,0,1.9640809871548528,0.8180084523932506
15809.0,70,3,331.26,110.42,0,-1.6579301228961292,-0.515508981943732
15811.0,455,1,289.85,289.85,0,-1.0404773264510356,-1.1402772908635215
15812.0,34,2,822.48,411.24,0,-0.3454722802852005,-0.5340839848389576
15814.0,275,1,456.23999999999995,456.23999999999995,0,-0.3556454268850462,-1.1668691716511488
15815.0,36,3,1192.98,397.66,0,-0.22198167666019175,0.02451446089381948
15819.0,130,1,639.64,639.64,0,0.39845905248118796,-1.2038128917587696
15821.0,92,1,254.18,254.18,0,-1.1817420177820208,-1.0771724090763004
15822.0,182,1,445.27,445.27,0,-0.3993475827079952,-1.1501259164182123
15823.0,667,1,15.0,15.0,0,-2.1705328588936514,-1.0841541360872853
15827.0,96,8,874.96,109.37,0,-1.3832631725361173,0.7563847505682258
15829.0,336,1,310.7,310.7,0,-0.9533303083845873,-1.129823372868847
15830.0,303,1,576.0,576.0,0,0.13508944966215997,-1.2085303444252715
15831.0,1,2,491.82,245.91,0,-1.0971333396913305,-0.6573877312148534
15834.0,160,2,1281.37,640.685,0,0.6965752959110907,-0.3744274417403248
15837.0,184,1,391.98,391.98,0,-0.6179112018328248,-1.1336546594450962
15838.0,64,9,23307.78,2589.753333333333,2,17.740713387327002,21.841390529303865
15839.0,183,1,258.13,258.13,0,-1.166800428665501,-1.091422325358618
15840.0,1,1,113.82,113.82,0,-1.7560849033542205,-1.020028104965154
15841.0,220,2,613.26,306.63,0,-0.823931623199305,-0.641674646321504
15843.0,100,1,118.95000000000002,118.95000000000002,0,-1.736414769827186,-1.0357926201216023
15845.0,193,2,643.84,321.92,0,-0.7540016506056002,-0.6259755916424742
15847.0,334,1,208.59,208.59,0,-1.3720437325059467,-1.0974287998544252
15852.0,188,1,57.5,57.5,0,-1.9896294192060784,-1.0290485505557512
15854.0,213,3,437.71,145.90333333333334,0,-1.4825776624871851,-0.46984005447245153
15855.0,96,1,132.18,132.18,0,-1.6821048545313986,-1.0393810463629654
15856.0,34,14,9479.69,677.1207142857144,2,4.591021829772098,10.155873973922686
15858.0,31,2,661.65,330.825,0,-0.711253604714029,-0.5959233365667607
15860.0,156,4,622.16,155.54,0,-1.3568783694758606,-0.13795538131733276
15862.0,333,2,527.38,263.69,0,-1.020834411958951,-0.6910771900165925
15864.0,245,2,1064.14,532.07,0,0.20129147918278534,-0.470682053354171
15865.0,2,2,603.85,301.925,0,-0.8423245199979573,-0.614156276889073
15867.0,37,5,1155.53,231.106,0,-0.8330885509325024,0.4901768170412314
15869.0,160,2,149.64,74.82,0,-1.877649617012028,-0.8125967438140418
15870.0,153,1,354.09000000000003,354.09000000000003,0,-0.7728654432662653,-1.1173088366160135
15874.0,129,3,3480.1800000000003,1160.0600000000002,0,3.586819676120548,1.4316655155783655
15877.0,121,1,251.02,251.02,0,-1.1951013532330523,-1.0803240937625127
15880.0,578,1,343.28000000000003,343.28000000000003,0,-0.8230660870045581,-1.1746604710480388
15881.0,425,1,114.45000000000002,114.45000000000002,0,-1.7593576464268699,-1.0808341262816747
15882.0,547,2,371.32000000000005,185.66000000000003,0,-1.3787631381698553,-0.7820884261092034
15883.0,152,2,396.48,198.24,0,-1.316078633322006,-0.7158847229420129
15885.0,124,3,379.35,126.45,0,-1.5785662181684406,-0.4933620572956673
15886.0,62,1,181.09,181.09,0,-1.48106111321141,-1.0499008214959016
15889.0,187,2,446.87,223.435,0,-1.2019453228589578,-0.7013783544801133
15894.0,578,1,156.74,156.74,0,-1.5880445918124353,-1.1160026079471685
15898.0,121,3,907.58,302.5266666666667,0,-0.6985835177959445,-0.16488078714062027
15899.0,547,1,56.25,56.25,0,-1.9997140385689867,-1.079972094273685
15901.0,126,1,110.49,110.49,0,-1.7714673431359464,-1.0368488799779922
15903.0,30,1,1405.2,1405.2,0,3.5393113825842057,-1.4302503916595195
15904.0,333,1,164.68,164.68,0,-1.5520996435756738,-1.083478272390078
15906.0,250,2,862.32,431.16,0,-0.25783590044143834,-0.5495349547357136
15907.0,182,1,437.93,437.93,0,-0.429448055664411,-1.147817839248917
15910.0,90,4,553.4,138.35,0,-1.4495799586835048,-0.1792644641811345
15916.0,91,5,878.2,175.64000000000001,0,-1.1607563734742603,0.25833656238920144
15917.0,190,1,123.1,123.1,0,-1.7206391923107058,-1.049962483590475
15918.0,308,1,192.23,192.23,0,-1.4387750473141128,-1.0885678430849681
15919.0,547,1,270.72,270.72,0,-1.1201979030155105,-1.1474125997912346
15920.0,126,4,167.5,41.875,0,-1.975460077975053,-0.4691959429713467
15922.0,698,1,369.5,369.5,0,-0.7171984072788987,-1.2000585846071936
15923.0,667,1,127.08,127.08,0,-1.7109060184365545,-1.1193979084489531
15930.0,276,1,426.63,426.63,0,-0.4770863512043782,-1.1577011931908903
15932.0,2,4,1226.1,306.525,0,-0.5325182509970554,0.3297520127092223
15935.0,7,1,308.82,308.82,0,-0.9564958100416112,-1.0822038905945672
15937.0,184,1,145.35,145.35,0,-1.6293116984596434,-1.056101379845184
15938.0,221,1,105.0,105.0,0,-1.7952933270121054,-1.048702142835245
15939.0,5,6,3563.13,593.855,0,1.578682273337768,2.7435243773623057
15940.0,343,1,35.8,35.8,0,-2.080759419770104,-1.0443811395926161
15944.0,130,1,325.1,325.1,0,-0.89143233222059,-1.1049051815639173
15945.0,455,1,181.0,181.0,0,-1.4868583184545598,-1.1060491982371157
15948.0,333,1,311.0,311.0,0,-0.9520586077469583,-1.129488878849386
15950.0,122,1,418.29,418.29,0,-0.509160654165578,-1.1330654113636855
15951.0,333,1,333.05,333.05,0,-0.8616341624214855,-1.1364225439151854
15952.0,183,3,573.92,191.30666666666664,0,-1.2552606275007625,-0.3809597759634428
15953.0,6,5,1077.83,215.56599999999997,0,-0.9242546424469378,0.431815618661718
15955.0,31,7,2062.4900000000002,294.6414285714286,0,-0.18029659608868087,1.6622308998351345
15957.0,122,1,428.89,428.89,0,-0.4656913062993645,-1.1363986018261558
15965.0,30,3,695.09,231.6966666666667,0,-1.0512987933038862,-0.2838379392177456
15969.0,152,2,443.7,221.85,0,-1.2086723611650168,-0.697602664108262
15970.0,100,1,314.1,314.1,0,-0.9361276720826954,-1.0971579143434038
15971.0,2,6,1680.95,280.15833333333336,0,-0.4108661965082995,1.1348509454093332
15973.0,486,1,307.82000000000005,307.82000000000005,0,-0.9672126519510833,-1.1503592312386033
15974.0,6,4,1633.49,408.3725,0,0.022066910555736174,0.6298249003472868
15976.0,281,1,209.99,209.99,0,-1.3655704605504349,-1.0902930429819713
15980.0,2,2,1638.68,819.34,0,1.511492350315838,-0.21350352502692882
15981.0,7,2,790.8,395.4,0,-0.41715845560539166,-0.5424899912143398
15983.0,455,2,823.55,411.775,0,-0.3488533285640054,-0.5938488024008247
15984.0,152,5,1210.65,242.13000000000002,0,-0.7697004106836426,0.5182829972109303
15985.0,125,1,242.84,242.84,0,-1.2287018150642754,-1.0783236497697797
15986.0,91,1,168.12,168.12,0,-1.5346500998480597,-1.0499677327446768
15987.0,33,3,525.8900000000001,175.2966666666667,0,-1.33319862802961,-0.3893468910020341
15992.0,182,1,41.989999999999995,41.989999999999995,0,-2.0531512249237167,-1.0233137419177352
15993.0,183,3,675.3199999999999,225.10666666666665,0,-1.0863454878840657,-0.3179862275613737
15996.0,2,2,416.07,208.035,0,-1.2694475565426309,-0.6868586277531507
15998.0,275,2,1442.6,721.3,0,1.0617195106470139,-0.3284428612794487
16000.0,152,3,12393.7,4131.233333333334,2,18.43490905354877,6.964038405350259
16003.0,61,2,941.47,470.735,0,-0.07519140733631924,-0.49187436650307576
16005.0,66,1,120.49000000000001,120.49000000000001,0,-1.729629802886682,-1.031416807310461
16006.0,6,1,101.4,101.4,0,-1.807086916357055,-1.0168373279869618
16007.0,5,3,1485.19,495.06333333333333,0,0.26521861591550566,0.2104200647593869
16009.0,153,2,544.95,272.475,0,-0.9783836518878303,-0.6585448775975565
16010.0,129,3,407.5,135.83333333333334,0,-1.5317421700079752,-0.47659447164125934
16011.0,3,9,2203.31,244.8122222222222,0,-0.28473738540265836,2.1623439131021485
16012.0,156,3,1415.29,471.7633333333333,0,0.14669149855140629,0.14542488193320247
16013.0,3,26,19403.16,746.2753846153846,2,9.377055947849113,22.505004727862246
16014.0,65,2,399.45,199.725,0,-1.308121446511186,-0.7022987765114775
16015.0,182,1,203.1,203.1,0,-1.3924581461760108,-1.0739750924279807
16016.0,182,3,810.06,270.02,0,-0.8618777714018023,-0.23416423197826663
16018.0,5,1,161.9,161.9,0,-1.5589697509445775,-1.0357187265779477
16019.0,163,2,723.35,361.675,0,-0.5727344160864225,-0.5909035917626666
16020.0,215,1,518.8,518.8,0,-0.09826553532934867,-1.177964692446584
16025.0,61,1,439.65999999999997,439.65999999999997,0,-0.4206822749818625,-1.1310657139455205
16027.0,70,3,595.87,198.62333333333333,0,-1.2171349050068376,-0.35117534641442694
16029.0,31,33,48851.67,1480.3536363636363,3,25.30899026075115,54.489107985845386
16030.0,284,1,331.24,331.24,0,-0.8683799693825666,-1.1288491691441942
16031.0,124,2,548.94,274.47,0,-0.9689074778752661,-0.6528547256848526
16033.0,6,9,4345.99,482.8877777777777,0,1.5453821890312154,4.160760957255609
16034.0,40,1,153.6,153.6,0,-1.5934904913796037,-1.0381117875389672
16037.0,131,1,303.00000000000006,303.00000000000006,0,-0.9820756336648971,-1.098098737101126
16038.0,302,1,78.45,78.45,0,-1.9052905148065453,-1.0519318432444082
16040.0,215,1,437.37,437.37,0,-0.4322003463431012,-1.1523588717523423
16041.0,91,1,426.6,426.6,0,-0.4746541530123136,-1.1312472677200869
16042.0,40,1,24.95,24.95,0,-2.121068944491716,-0.9976575466902108
16043.0,6,3,466.14000000000004,155.38000000000002,0,-1.4323590326618387,-0.42259461906271223
16045.0,3,2,406.85,203.425,0,-1.2904331142112857,-0.6905712571544413
16048.0,698,2,256.44,128.22,0,-1.6421539751708734,-0.8481506747108122
16053.0,94,2,1511.95,755.975,0,1.2219624980818653,-0.275720062111294
16055.0,281,1,134.8,134.8,0,-1.67391576866936,-1.066649402333561
16057.0,6,5,860.25,172.05,0,-1.1807421588554892,0.25598063069035903
16059.0,215,2,223.55,111.775,0,-1.7102941243252716,-0.7918430550189253
16062.0,7,2,578.18,289.09,0,-0.9007823773762325,-0.6248095877673283
16065.0,455,1,372.09,372.09,0,-0.7032208011192044,-1.166137817621405
16066.0,92,3,1071.82,357.2733333333333,0,-0.4245870861220642,-0.05873567508843869
16070.0,153,1,686.85,686.85,0,0.5917440091829103,-1.22194586098315
16076.0,31,5,1192.3,238.45999999999998,0,-0.7896604909044493,0.5207497649032969
16078.0,342,1,79.2,79.2,0,-1.9027673344059526,-1.05788541017339
16080.0,69,1,130.26,130.26,0,-1.689605623051408,-1.0349178322692687
16081.0,158,2,581.84,290.92,0,-0.8945429835113136,-0.6449769771111473
16085.0,1,1,120.33,120.33,0,-1.7293881623533667,-1.0220751870321996
16086.0,31,3,711.59,237.1966666666667,0,-1.0238264139712656,-0.273733707381435
16091.0,126,1,157.81,157.81,0,-1.5774136128501701,-1.0517287453255486
16094.0,61,3,761.3,253.76666666666665,0,-0.9414323763981588,-0.24715005966842507
16098.0,158,4,1132.79,283.1975,0,-0.6617096647471489,0.2385921915205248
16102.0,278,2,1392.8400000000001,696.4200000000001,0,0.9484943366950633,-0.3481371556719251
16103.0,188,3,638.44,212.81333333333336,0,-1.1478503502687065,-0.3416049323663991
16104.0,92,1,302.36,302.36,0,-0.9841615290844571,-1.0923227030840197
16105.0,221,1,336.96,336.96,0,-0.844052767479377,-1.1216424126158706
16106.0,215,1,108.38,108.38,0,-1.7813494741266518,-1.0489073311628956
16107.0,30,3,1353.74,451.24666666666667,0,0.045899990803977664,0.12521065698563583
16109.0,220,2,611.88,305.94,0,-0.8270705612674254,-0.6422089377486656
16110.0,343,1,409.7,409.7,0,-0.5474396870175295,-1.1619547163773027
16112.0,71,3,159.18,53.06,0,-1.9445999233358626,-0.6225206451533998
16113.0,96,1,161.38,161.38,0,-1.5623591038056026,-1.04856304273128
16115.0,5,2,314.7,157.35,0,-1.500064465056679,-0.7265346471860736
16116.0,6,1,612.78,612.78,0,0.2900220564565623,-1.1776417561660284
16117.0,280,1,232.21,232.21,0,-1.2744350532812272,-1.0971372216764133
16119.0,333,1,113.88000000000001,113.88000000000001,0,-1.7604244427835658,-1.0675041143246538
16120.0,31,4,1309.14,327.285,0,-0.4198641356013788,0.38688831289084524
16121.0,128,1,287.89,287.89,0,-1.0439985227082451,-1.092918538833866
16122.0,40,2,249.84,124.92,0,-1.6480779751377441,-0.7566493562461942
16125.0,517,1,289.35,289.35,0,-1.0433841129459263,-1.1489825432691172
16126.0,61,2,3533.7200000000003,1766.8600000000001,0,5.82112178620362,0.5117611060041413
16128.0,275,2,666.82,333.41,0,-0.7028640940533094,-0.6287998202385185
16133.0,30,14,5523.83,394.5592857142857,0,1.7855725795152704,6.245856781785585
16136.0,31,2,566.04,283.02,0,-0.9287274226075014,-0.6329404404442475
16140.0,215,2,725.18,362.59,0,-0.569290136563505,-0.5976281212456414
16141.0,2,1,620.4,620.4,0,0.32132602443824987,-1.1794661070777257
16142.0,251,1,535.34,535.34,0,-0.030934182035090463,-1.1883116825588087
16143.0,36,4,1594.15,398.5375,0,-0.03190682503728681,0.5965045688633414
16144.0,160,1,175.2,175.2,0,-1.506568885912615,-1.0620571331795734
16145.0,4,5,1686.04,337.20799999999997,0,-0.20725729528406012,0.9236200179482671
16146.0,218,1,75.0,75.0,0,-1.9182783471618607,-1.0388397553240056
16149.0,213,1,116.84,116.84,0,-1.7466283894209125,-1.0512817080952053
16150.0,2,3,1177.47,392.49,0,-0.2473490876821932,0.01974218514412096
16153.0,158,2,485.09000000000003,242.54500000000002,0,-1.1146098372001898,-0.6824354521675937
16156.0,34,4,1004.0500000000001,251.01250000000002,0,-0.8352698235757323,0.1613099227913265
16159.0,283,1,348.2,348.2,0,-0.7988152007714989,-1.1340393306846175
16160.0,215,1,223.49999999999997,223.49999999999997,0,-1.3092559527720748,-1.0851070373930458
16161.0,31,6,1585.57,264.26166666666666,0,-0.5120897723792999,1.0491638836967496
16162.0,341,1,37.4,37.4,0,-2.074170384721179,-1.0445983762822324
16163.0,455,1,441.6,441.6,0,-0.418168502045571,-1.1879953713050198
16168.0,4,12,2104.78,175.39833333333334,0,-0.5613910988048783,2.5616249575288785
16169.0,61,2,918.17,459.085,0,-0.12818941964588848,-0.5008953739326902
16170.0,96,2,635.31,317.655,0,-0.7720641607778579,-0.6154126417763284
16171.0,31,1,73.2,73.2,0,-1.9230770858368273,-1.0115433635372975
16172.0,7,4,788.24,197.06,0,-1.128711049483449,0.005906461348444969
16173.0,93,3,747.7,249.23333333333335,0,-0.9645296462000873,-0.26017039844653433
16174.0,34,2,626.35,313.175,0,-0.7915881667348053,-0.6100191860050644
16175.0,185,1,300.7,300.7,0,-0.992253511332289,-1.1050944304357295
16179.0,62,1,215.83,215.83,0,-1.3385964769027057,-1.0608248815587527
16180.0,247,2,2730.88,1365.44,0,3.992418663581085,0.17433995394787172
16182.0,337,1,2327.0,2327.0,0,7.315264002481477,-1.7639957433777202
16183.0,276,1,338.71000000000004,338.71000000000004,0,-0.8376358855815013,-1.1300545794682115
16184.0,6,3,620.88,206.96,0,-1.174588532619554,-0.32649474845387416
16186.0,6,7,2402.92,343.2742857142857,0,0.1503000549573419,1.9682168167002683
16187.0,122,4,1533.56,383.39,0,-0.11558480971946461,0.5394973959806993
16188.0,37,1,151.65,151.65,0,-1.6014457749588598,-1.0370697766760573
16191.0,39,4,1606.8400000000001,401.71000000000004,0,-0.014671482599445507,0.6054406739488037
16200.0,213,1,530.05,530.05,0,-0.052102990194672016,-1.1812163902647703
16201.0,182,1,509.4,509.4,0,-0.1363580281174026,-1.1702917187161581
16203.0,1,2,385.3,192.65,0,-1.339422965065378,-0.6986288347085244
16205.0,91,3,649.03,216.34333333333333,0,-1.1288694464691598,-0.32116261876179736
16206.0,156,1,121.11,121.11,0,-1.728330338386026,-1.044476655464945
16209.0,2,4,926.42,231.605,0,-0.9405170677694341,0.108594910572413
16210.0,67,11,15447.19,1404.29,2,9.900790072615953,15.218804851253985
16211.0,2,1,547.02,547.02,0,0.020403312511574345,-1.1563916244233787
16212.0,342,1,498.15000000000003,498.15000000000003,0,-0.18470287322196965,-1.189625046423576
16214.0,341,1,206.7,206.7,0,-1.3798910834240112,-1.0978350881026322
16217.0,311,1,183.0,183.0,0,-1.4766676230880895,-1.0860942813657628
16218.0,61,2,920.5,460.25,0,-0.1228896184149314,-0.4999932731897288
16221.0,99,3,864.86,288.2866666666667,0,-0.7694439014130496,-0.18826690448013506
16224.0,251,1,167.47,167.47,0,-1.5395255970864135,-1.072634250914565
16225.0,161,2,416.61,208.305,0,-1.270415388424035,-0.7093775259198293
16229.0,36,1,358.2,358.2,0,-0.7543948118236931,-1.1018768797051375
16230.0,280,2,542.03,271.015,0,-0.986779590063537,-0.6778291936242155
16232.0,128,2,366.47,183.235,0,-1.3840076747365886,-0.7240729888555767
16233.0,486,1,147.39999999999998,147.39999999999998,0,-1.6250761222056116,-1.0999148525603486
16235.0,40,2,429.5,214.75,0,-1.2394246321533153,-0.6870908071129522
16239.0,280,1,347.9,347.9,0,-0.8000040292583726,-1.1335161655069037
16241.0,1,9,1445.4,160.60000000000002,0,-0.9320753649306669,1.4555968892320972
16242.0,97,5,2615.32,523.0640000000001,0,0.8869114414952304,1.6613141559947069
16243.0,183,1,194.15,194.15,0,-1.429174850974968,-1.0713036908502356
16244.0,6,2,1522.75,761.375,0,1.2477435585651906,-0.2589596493836379
16245.0,64,1,315.72,315.72,0,-0.9289870105420062,-1.092521371287638
16248.0,92,1,152.94,152.94,0,-1.5969152987231032,-1.045337295640404
16250.0,698,1,226.14,226.14,0,-1.3051008327600677,-1.1549787558619338
16253.0,245,1,1983.46,1983.46,0,5.907717749740319,-1.6428181528439563
16255.0,160,5,1446.71,289.342,0,-0.49153880869822336,0.7079088571690634
16258.0,247,2,1787.26,893.63,0,1.8460674028276245,-0.19099923192048995
16261.0,159,1,254.96,254.96,0,-1.179468735603602,-1.0869948759504817
16265.0,131,4,2394.36,598.59,0,1.0562255506264253,1.1734619533654147
16271.0,152,2,314.42,157.21,0,-1.5027317187350209,-0.7476557044730929
16274.0,698,1,357.95,357.95,0,-0.764563592925575,-1.1964266648108226
16282.0,254,1,168.3,168.3,0,-1.536163301206229,-1.0733240756154026
16283.0,33,4,1293.0,323.25,0,-0.4418655346873562,0.37469146937590325
16284.0,122,1,424.57,424.57,0,-0.4834071159957836,-1.135040169486734
16292.0,64,1,302.25,302.25,0,-0.984225889387091,-1.0882857037848572
16293.0,93,3,703.34,234.4466666666667,0,-1.038425855207944,-0.2877197732701615
16295.0,1,2,692.3,346.15,0,-0.6411229745487377,-0.5797683505500846
16298.0,188,1,114.3,114.3,0,-1.7566993287531598,-1.0469094202037055
16302.0,217,1,233.22,233.22,0,-1.2694230050053834,-1.0884493965558033
16303.0,71,1,827.1800000000001,827.1800000000001,0,1.1683533486456643,-1.2543515580178426
16306.0,39,4,616.35,154.0875,0,-1.3631723769696857,-0.12551867634313496
16308.0,189,2,1600.0,800.0,0,1.4209282519978055,-0.2552095500074396
16313.0,182,1,106.53,106.53,0,-1.788480308764714,-1.043608469507154
16316.0,99,5,1586.77,317.354,0,-0.3255908355654811,0.8298164078531108
16317.0,3,2,770.89,385.445,0,-0.4623903502123353,-0.549626727339984
16318.0,244,1,328.15,328.15,0,-0.8804992133687198,-1.1221597846980254
16319.0,189,1,404.40000000000003,404.40000000000003,0,-0.5670473090812491,-1.1382748684185802
16320.0,67,1,852.68,852.68,0,1.2729810845375302,-1.2617983094454803
16321.0,162,2,135.9,67.95,0,-1.9089301461753048,-0.8182023144226667
16322.0,121,2,326.75,163.375,0,-1.4742578166953035,-0.7384506875363099
16324.0,278,2,262.12,131.06,0,-1.6234332374970402,-0.7859154183677919
16325.0,129,2,416.02000000000004,208.01000000000002,0,-1.271315413373768,-0.7050317724783934
16326.0,92,7,1727.69,246.81285714285715,0,-0.5059288136089783,1.3561002951741288
16327.0,578,1,535.6,535.6,0,-0.03438448496397195,-1.2351358663067469
16332.0,30,5,991.51,198.302,0,-1.0263418182288642,0.35862638199395025
16333.0,125,14,20637.36,1474.097142857143,2,12.502808717668692,21.17284727869772
16337.0,275,1,151.05,151.05,0,-1.6071935660633243,-1.0709015870057395
16338.0,218,1,214.79999999999998,214.79999999999998,0,-1.344975061152741,-1.082800135196964
16344.0,248,1,101.10000000000001,101.10000000000001,0,-1.8116596909997718,-1.051335246693887
16347.0,275,1,444.29,444.29,0,-0.40465096528139055,-1.1631114710826091
16348.0,153,4,738.35,184.5875,0,-1.198650259212073,-0.05178094407967737
16350.0,71,2,812.17,406.085,0,-0.3694343770136421,-0.5433645822172151
16351.0,40,1,153.9,153.9,0,-1.5922602268173525,-1.0382061231180937
16352.0,303,1,204.92000000000002,204.92000000000002,0,-1.3866657962052518,-1.0918435220843743
16353.0,10,12,3404.21,283.68416666666667,0,0.41658781521960697,3.8236192883805997
16354.0,154,1,29.700000000000003,29.700000000000003,0,-2.1031643264537547,-1.015446718106036
16356.0,161,1,102.0,102.0,0,-1.8067672511270654,-1.0391821950722315
16357.0,67,2,538.83,269.415,0,-0.9911163256812768,-0.6486212287672024
16358.0,121,3,1355.1000000000001,451.70000000000005,0,0.04690862501731197,0.11304744146780177
16359.0,10,8,1520.35,190.04375,0,-0.798077416995497,1.3581657485399274
16360.0,2,4,2512.77,628.1925,0,1.2192163912096878,1.279285543830313
16362.0,31,5,734.77,146.954,0,-1.3290057128108956,0.15100170880192765
16365.0,4,5,619.22,123.84400000000001,0,-1.4648453652122289,0.06148065832143934
16367.0,303,2,804.49,402.245,0,-0.39010763956977945,-0.5795008524504406
16368.0,30,2,497.43,248.715,0,-1.084773422795231,-0.6593610731994758
16370.0,66,1,271.04,271.04,0,-1.1122420367302228,-1.0787575454354532
16372.0,183,2,367.93,183.965,0,-1.3814464306261534,-0.7313695999864503
16374.0,245,1,316.73,316.73,0,-0.9273450963968795,-1.1187116868521383
16376.0,333,1,112.75999999999999,112.75999999999999,0,-1.7650174304826374,-1.0671519281625814
16378.0,190,2,220.1,110.05,0,-1.7177961688674253,-0.7896052035986011
16379.0,213,2,1225.44,612.72,0,0.5686252831084231,-0.40365772082345236
16380.0,92,1,1780.59,1780.59,0,5.0778850837714895,-1.557154980191341
16384.0,32,1,175.4,175.4,0,-1.5039807703216668,-1.0438232940259278
16385.0,62,3,555.89,185.29666666666665,0,-1.2836242833805402,-0.37486101645048897
16386.0,30,1,256.1,256.1,0,-1.173011979025807,-1.0689136784119035
16389.0,342,1,119.65,119.65,0,-1.7368866625957313,-1.0706049907589494
16393.0,128,7,1576.33,225.19,0,-0.6532604747344359,1.2164975315144808
16394.0,221,1,306.89,306.89,0,-0.9673662854357019,-1.112186843068089
16395.0,62,1,214.69,214.69,0,-1.3432714822392609,-1.060466406358072
16398.0,126,1,535.85,535.85,0,-0.02711622913852696,-1.1706041531021811
16400.0,185,1,303.93,303.93,0,-0.9790076628787162,-1.1061101101709918
16401.0,120,2,789.8299999999999,394.91499999999996,0,-0.42092556946351356,-0.5590181254309492
16402.0,578,1,211.8,211.8,0,-1.3622500358205745,-1.1333163312361891
16405.0,70,2,167.25,83.625,0,-1.836350955490118,-0.7929138326445947
16407.0,37,1,60.0,60.0,0,-1.9772915987266413,-1.0082502572529053
16409.0,4,3,1376.56,458.8533333333333,0,0.08427333901990375,0.14309933376841522
16411.0,578,1,131.5,131.5,0,-1.691550850316514,-1.1080658412233237
16414.0,252,1,50.8,50.8,0,-2.0179892973710816,-1.0360900873917904
16418.0,124,1,222.45000000000002,222.45000000000002,0,-1.3123049844534982,-1.0717690317089512
16419.0,99,3,629.02,209.67333333333332,0,-1.1623131965531068,-0.33473319299240323
16422.0,31,20,14663.57,733.1785,2,7.16191369516255,16.54037901120114
16424.0,339,1,133.56,133.56,0,-1.679801959650634,-1.0745501875125283
16425.0,70,1,302.7,302.7,0,-0.9824633646944694,-1.089284866350722
16426.0,124,8,1466.06,183.2575,0,-0.84877770587796,1.292282691978929
16431.0,67,1,298.88,298.88,0,-0.9980872973784254,-1.0876548303779234
16432.0,184,1,287.4,287.4,0,-1.0467814282336387,-1.1007692765615913
16433.0,30,1,184.26,184.26,0,-1.467619332866259,-1.046323451730406
16434.0,61,3,601.1,200.36666666666667,0,-1.2082983070351887,-0.3466408136527591
16438.0,243,2,264.72,132.36,0,-1.617035875329871,-0.7799057703620833
16440.0,61,4,2537.31,634.3275,0,1.251811422209088,1.2889618633123558
16441.0,275,1,170.2,170.2,0,-1.5286616781729476,-1.0769233414733157
16442.0,121,1,179.76,179.76,0,-1.487330195586485,-1.05791624920066
16444.0,216,1,301.32,301.32,0,-0.9901391373492054,-1.1097206298179945
16445.0,183,1,230.51,230.51,0,-1.2800667860301067,-1.0827371630403697
16446.0,90,1,168469.6,168469.6,1,688.6498524403471,-53.972550068380166
16449.0,252,1,416.69,416.69,0,-0.5175176284306175,-1.151144904213799
16454.0,184,1,5.9,5.9,0,-2.2011796758128037,-1.0122510581478728
16455.0,154,4,1088.7,272.175,0,-0.7216806707560091,0.20662653561732014
16456.0,192,3,1694.28,564.76,0,0.6109441157618869,0.3135431305834203
16457.0,220,1,208.36,208.36,0,-1.3714123644726546,-1.0810609511641065
16458.0,2,8,1587.22,198.4025,0,-0.7374578627014501,1.4203871768483989
16460.0,30,1,302.62,302.62,0,-0.9822389542393675,-1.0835419822151227
16462.0,158,2,68.0,34.0,0,-2.063319749397537,-0.8439192285117099
16466.0,5,2,440.63,220.315,0,-1.2136249933766772,-0.6777786186190629
16469.0,160,2,276.88,138.44,0,-1.5882304287601148,-0.7633335255589281
16471.0,69,1,223.95000000000002,223.95000000000002,0,-1.3053940002603177,-1.0643788336304811
16473.0,163,1,149.41,149.41,0,-1.6123720655228653,-1.0543762474925842
16474.0,32,4,824.9300000000001,206.23250000000002,0,-1.0791048131809413,0.029409276439633092
16475.0,2,2,395.0,197.5,0,-1.3173732269015415,-0.6950162512098879
16477.0,69,4,1311.65,327.9125,0,-0.4169717574050058,0.38330879487508696
16478.0,184,2,235.9,117.95,0,-1.6817747304294945,-0.7826302947281254
16484.0,308,1,285.7,285.7,0,-1.05546561853534,-1.1179596650214876
16488.0,183,1,144.23000000000002,144.23000000000002,0,-1.6338908741335891,-1.0556062504835824
16495.0,130,3,684.41,228.13666666666666,0,-1.070471057858944,-0.30476497610294845
16496.0,333,1,414.48,414.48,0,-0.5276993514077327,-1.1620283646094272
16497.0,71,1,279.3,279.3,0,-1.078437812575199,-1.0820696343783824
16498.0,338,1,9.75,9.75,0,-2.187518332466632,-1.035474950807484
16499.0,425,1,218.10000000000002,218.10000000000002,0,-1.3343012401690353,-1.1134270688698877
16500.0,213,3,138.06,46.02,0,-1.9817435558416547,-0.6559349635324123
16503.0,97,1,251.6,251.6,0,-1.1923913531430117,-1.077075839093458
16505.0,122,1,777.6,777.6,0,0.9643272120428403,-1.2460511344835192
16510.0,667,1,248.1,248.1,0,-1.2146172940243678,-1.1574528810685916
16513.0,213,2,211.8,105.9,0,-1.7369929657101029,-0.7961063891047585
16515.0,4,4,1250.3500000000001,312.58750000000003,0,-0.499530754563023,0.34736208108464905
16516.0,91,1,101.69999999999999,101.69999999999999,0,-1.8070306739305044,-1.0290818355260651
16517.0,161,1,162.7,162.7,0,-1.5578437213648795,-1.0582694272488307
16518.0,92,1,293.62,293.62,0,-1.0200032366647125,-1.0895743932121338
16519.0,455,1,103.7,103.7,0,-1.803856487327986,-1.0817420640155153
16520.0,188,2,749.41,374.705,0,-0.51380382826876,-0.5843875814669572
16523.0,32,8,3469.85,433.73125,0,0.965674479665741,3.1356600343026515
16525.0,10,15,7795.37,519.6913333333333,2,3.268266967211871,8.682782056329039
16528.0,182,1,244.41,244.41,0,-1.2230507159540025,-1.0869651016737027
16529.0,307,1,455.25,455.25,0,-0.36014728474450386,-1.1711320466249637
16531.0,247,2,422.91,211.455,0,-1.2572732879260509,-0.7192314845640317
16532.0,224,1,1910.4,1910.4,0,5.608397372541022,-1.6168424876172325
16533.0,304,1,376.97,376.97,0,-0.6811228817792399,-1.146087919912963
16535.0,243,1,593.75,593.75,0,0.20870882443625072,-1.205535274218509
16539.0,152,3,1083.91,361.30333333333334,0,-0.40527592559839587,-0.05980388244301704
16546.0,667,1,299.40000000000003,299.40000000000003,0,-1.0042420538793901,-1.1735842650992265
16549.0,32,5,1831.79,366.358,0,-0.03583111022755925,1.0374039375131452
16550.0,158,2,942.08,471.04,0,-0.0751436721637091,-0.5055036845598888
16551.0,163,3,922.12,307.37333333333333,0,-0.6749424578608298,-0.16185446667108006
16552.0,37,2,379.73,189.865,0,-1.352589679882541,-0.7059313139852624
16553.0,69,3,1182.5,394.1666666666667,0,-0.23989536957596336,0.01328882655932151
16554.0,10,2,314.11,157.055,0,-1.50147553493607,-0.7274777921272161
16555.0,244,1,133.91,133.91,0,-1.6770545086077144,-1.0610806417329075
16556.0,129,2,1075.49,537.745,0,0.2287103024112771,-0.44970628880423613
16558.0,38,9,3085.38,342.82,0,0.46819553332062736,2.980199181338012
16561.0,31,2,511.12,255.56,0,-1.0536480593474813,-0.6542036905744804
16565.0,425,1,173.7,173.7,0,-1.5163803953822323,-1.0994654031591626
16567.0,163,1,557.5600000000001,557.5600000000001,0,0.06140287142006995,-1.1827198028942152
16569.0,182,1,124.2,124.2,0,-1.7160177260481104,-1.0491648351177059
16570.0,153,3,1185.4,395.1333333333334,0,-0.2362246733266915,0.003082616441536512
16571.0,283,1,436.68,436.68,0,-0.43596917254483986,-1.1618620374883326
16572.0,34,3,1009.6,336.53333333333336,0,-0.5274339175301557,-0.089086135014533
16581.0,66,1,105.84,105.84,0,-1.7897077223432887,-1.0268100865297827
16583.0,698,1,233.45,233.45,0,-1.275123386259877,-1.1572773994733165
16586.0,221,1,463.95,463.95,0,-0.3232817782783889,-1.1615746632601267
16589.0,338,1,117.68,117.68,0,-1.7449101517873449,-1.069413747657902
16591.0,304,1,213.5,213.5,0,-1.3514940417499899,-1.094684462846922
16592.0,91,6,1919.63,319.93833333333333,0,-0.15979477353485816,1.326179903214824
16593.0,280,1,185.9,185.9,0,-1.4643468928740908,-1.0825749527785826
16595.0,92,1,360.16,360.16,0,-0.7471305567573674,-1.1104980246623959
16596.0,486,1,120.65,120.65,0,-1.7347747123396884,-1.0915032634215673
16597.0,213,1,90.04,90.04,0,-1.856532023648698,-1.0428543963599028
16600.0,213,2,366.18,183.09,0,-1.3858413287851552,-0.7363354394487978
16602.0,275,1,528.08,528.08,0,-0.061038073044593966,-1.1894593983326462
16603.0,93,1,296.62,296.62,0,-1.007714403067325,-1.090660692202928
16607.0,1,5,842.48,168.496,0,-1.2016207187619397,0.2423347081355135
16609.0,4,3,1439.47,479.8233333333333,0,0.18907069043298463,0.18216901749597114
16610.0,250,1,75.66,75.66,0,-1.9160137499289362,-1.0436214759830165
16611.0,188,1,129.49,129.49,0,-1.6944069330845006,-1.0516859450268117
16612.0,3,4,1187.66,296.915,0,-0.5848661344207737,0.30124121377644786
16614.0,66,1,506.19,506.19,0,-0.14791966401888856,-1.1527009168741242
16616.0,218,1,210.10000000000002,210.10000000000002,0,-1.364249205961345,-1.081322211123982
16618.0,122,1,1206.3,1206.3,0,2.722375271499991,-1.3808566770553168
16620.0,182,1,83.2,83.2,0,-1.8841538828891258,-1.0362723059704149
16621.0,128,2,490.7,245.35,0,-1.1014350108216628,-0.6759751453799969
16623.0,129,1,129.45,129.45,0,-1.6937560588770402,-1.0432397181773756
16625.0,69,1,333.08,333.08,0,-0.8578647613320255,-1.0986949727974051
16626.0,90,6,1618.74,269.79,0,-0.47784177758083257,1.0690877363407951
16628.0,61,2,920.47,460.235,0,-0.12295785619902089,-0.5000048882207542
16629.0,246,1,236.78,236.78,0,-1.255224414261985,-1.0937141982144498
16633.0,5,1,255.8,255.8,0,-1.173896942959911,-1.0652457628445484
16634.0,340,2,217.9,108.95,0,-1.7248720768028776,-0.8118984524698241
16637.0,62,3,850.85,283.6166666666667,0,-0.7922711316907874,-0.19167878926435167
16638.0,161,3,387.18,129.06,0,-1.5660338159265135,-0.4937882053430561
16639.0,122,1,786.36,786.36,0,1.000250937260579,-1.2488057333940135
16642.0,213,1,380.6,380.6,0,-0.6649797862895428,-1.1342215492632421
16643.0,129,1,487.51,487.51,0,-0.2253942950113358,-1.155832376384182
16644.0,36,1,722.41,722.41,0,0.7391873755681635,-1.2164034172840377
16652.0,1,4,5277.22,1319.305,0,4.982885866029804,3.319530432445293
16654.0,219,2,262.8,131.4,0,-1.6210716049085825,-0.7772184955590002
16655.0,10,3,1844.38,614.7933333333334,0,0.8634989542013296,0.4327770336783018
16656.0,4,7,3587.44,512.4914285714286,0,1.2994312527143237,3.0207409349749907
16658.0,547,1,123.24,123.24,0,-1.7249959618182646,-1.101037229092637
16659.0,280,1,39.12,39.12,0,-2.066274334364925,-1.0364196984312803
16665.0,364,1,135.39999999999998,135.39999999999998,0,-1.6726016376303063,-1.0787023590527327
16667.0,304,1,366.78,366.78,0,-0.7229108680770436,-1.1428836547419654
16668.0,66,2,145.98,72.99,0,-1.8846762963091224,-0.8005771168433837
16670.0,40,4,2022.8600000000001,505.71500000000003,0,0.5517044135763265,0.9123111371526228
16671.0,30,2,309.39,154.695,0,-1.5124878534686808,-0.7321640876657722
16672.0,7,9,3865.0,429.44444444444446,0,1.1345328138586088,3.7119159788403695
16674.0,305,1,122.2,122.2,0,-1.7259183688869373,-1.0661179447989466
16676.0,67,3,1262.88,420.96000000000004,0,-0.10596834786900433,0.06349398140570062
16678.0,3,7,2076.85,296.6928571428571,0,-0.16597921463586662,1.6789896503952848
16679.0,486,1,129.75,129.75,0,-1.6974566872847314,-1.094364775988405
16682.0,124,4,921.08,230.27,0,-0.9494722685826721,0.08721504029188909
16684.0,213,7,36992.9,5284.7,3,33.70320163880892,32.66575704102943
16685.0,92,2,324.24,162.12,0,-1.4795664959021468,-0.7352771256790779
16686.0,162,2,754.96,377.48,0,-0.5008207255589154,-0.5785222775395273
16688.0,62,2,329.45,164.725,0,-1.467301506644814,-0.7289716859718177
16693.0,304,1,324.45,324.45,0,-0.8965011978107063,-1.1295729045272134
16696.0,67,2,440.1,220.05,0,-1.215686873120065,-0.6868462958713157
16697.0,7,1,112.75,112.75,0,-1.760555719110339,-1.0205493005967776
16700.0,4,6,2121.41,353.5683333333333,0,0.05470180258172197,1.5111205330472957
16701.0,10,6,2646.31,441.0516666666667,0,0.6094732704081032,1.9590072963221559
16705.0,7,5,5733.45,1146.69,0,4.563866535609657,4.194062999477347
16706.0,303,2,239.82,119.91,0,-1.674501957631771,-0.798122838084793
16709.0,129,2,1270.43,635.215,0,0.6721194234253289,-0.3742318172021311
16710.0,67,3,822.84,274.28000000000003,0,-0.8390000839334156,-0.20978886118647422
16711.0,70,2,680.2,340.1,0,-0.669598577198552,-0.5943161604977812
16712.0,36,5,1504.21,300.842,0,-0.42204400436682243,0.7721018339876741
16713.0,7,5,2222.09,444.418,0,0.4246073867157718,1.3563943563892376
16714.0,220,1,15.0,15.0,0,-2.164358883662379,-1.0202585258977597
16716.0,343,1,734.4000000000001,734.4000000000001,0,0.7841166575258274,-1.26405725818524
16717.0,153,3,1033.91,344.6366666666667,0,-0.4885812265863899,-0.09099887120569683
16718.0,578,1,623.75,623.75,0,0.3271082522442106,-1.2628548039734229
16719.0,224,2,583.18,291.59,0,-0.8924066228136215,-0.6538924235609426
16722.0,96,6,2137.76,356.29333333333335,0,0.07071413772303836,1.5119476045801519
16723.0,93,1,165.0,165.0,0,-1.5474724753457254,-1.0492725291208194
16725.0,70,4,459.57,114.8925,0,-1.5770484091104862,-0.24565003056126977
16727.0,425,1,272.82,272.82,0,-1.1099009840143927,-1.1306338785025651
16729.0,7,9,3054.94,339.4377777777778,0,0.4426235095419939,2.9562338011509417
16732.0,122,1,603.75,603.75,0,0.25138889821819443,-1.1913836663797004
16735.0,101,3,1556.74,518.9133333333333,0,0.3830827822092846,0.2411329948054578
16743.0,6,5,1441.07,288.214,0,-0.4960602980207852,0.7253642032316069
16744.0,183,2,274.85,137.425,0,-1.5931655287280715,-0.7674071695808072
16745.0,3,10,4010.88,401.088,0,1.1034361873976135,4.047543560237806
16746.0,3,5,2164.87,432.974,0,0.35721059102136143,1.3107243881646444
16747.0,276,2,836.06,418.03,0,-0.3179258201011188,-0.5634185017475775
16748.0,101,4,1249.2,312.3,0,-0.5024361865077366,0.33264791658637793
16750.0,64,1,98.38,98.38,0,-1.8202726770743534,-1.0241783887297782
16751.0,91,1,1764.72,1764.72,0,5.01281790045352,-1.5520216848560189
16752.0,667,1,207.5,207.5,0,-1.3811130981157145,-1.1446861326934692
16753.0,1,1,223.92000000000002,223.92000000000002,0,-1.3045778090079823,-1.054649262504587
16754.0,666,1,2002.4,2002.4,0,5.97957358985912,-1.708952959407912
16756.0,97,1,239.4,239.4,0,-1.242422112007899,-1.0732395255423128
16758.0,215,1,369.34000000000003,369.34000000000003,0,-0.7111833402429611,-1.1309667069257516
16759.0,91,3,789.79,263.2633333333333,0,-0.8943872467408931,-0.2337449000924161
16761.0,246,1,316.62,316.62,0,-0.9278100054281643,-1.1188200403393211
16764.0,122,5,1229.41,245.882,0,-0.7471713987311142,0.5377319898340996
16766.0,38,2,1145.6,572.8,0,0.38943889811506716,-0.4095541301410642
16767.0,66,7,2163.62,309.0885714285714,0,-0.08267374235139746,1.7470641526589503
16770.0,667,1,130.8,130.8,0,-1.695650737864638,-1.1205676696301223
16771.0,99,4,1800.25,450.0625,0,0.24781750528950974,0.7395963134382147
16774.0,276,1,119.32,119.32,0,-1.737328359955899,-1.061066970452987
16775.0,94,3,453.23,151.07666666666668,0,-1.4550803533231296,-0.443191258785682
16776.0,62,1,388.28,388.28,0,-0.6313993977018996,-1.115052116959981
16778.0,69,1,93.18,93.18,0,-1.8416663229456725,-1.0232579546892309
16779.0,10,12,5394.71,449.55916666666667,0,1.9148077927342222,5.758088160264675
16781.0,667,1,311.25,311.25,0,-0.9556466036704627,-1.1773105204747243
16782.0,161,4,777.1500000000001,194.28750000000002,0,-1.1459365626382259,-0.024290962036734642
16788.0,125,1,300.31,300.31,0,-0.9930241337556622,-1.0963952022111167
16789.0,333,1,80.8,80.8,0,-1.8960816151811457,-1.0571020444663026
16790.0,30,5,1454.17,290.834,0,-0.4809492530042089,0.7325201936256672
16791.0,40,6,1569.88,261.6466666666667,0,-0.5287994579996818,1.0344637923317626
16792.0,311,2,110.38000000000001,55.190000000000005,0,-1.9690357462512598,-0.8493813708779918
16794.0,5,3,467.78,155.92666666666665,0,-1.429613259798731,-0.4214331687687118
16795.0,455,1,414.88,414.88,0,-0.5277440657234229,-1.179593215724151
16796.0,32,1,305.62,305.62,0,-0.9699639326671059,-1.0847712244054462
16801.0,38,1,751.9,751.9,0,0.8600947579872174,-1.2259624911112328
16803.0,215,1,332.3,332.3,0,-0.8630800048622588,-1.1193194074229305
16806.0,281,1,173.07999999999998,173.07999999999998,0,-1.5169340105260902,-1.078686622230105
16807.0,128,1,280.6,280.6,0,-1.0738939515709522,-1.0906261842610916
16808.0,68,2,288.42,144.21,0,-1.5607109215020767,-0.7457148359345326
16809.0,92,1,149.68,149.68,0,-1.6102841736329008,-1.044312182347229
16811.0,213,1,232.3,232.3,0,-1.273140568229117,-1.0875883279816987
16813.0,246,3,384.55,128.18333333333334,0,-1.571588970381661,-0.5075717148996548
16814.0,7,7,1944.07,277.7242857142857,0,-0.2948444216368358,1.5604661398228372
16817.0,38,7,1474.8500000000001,210.69285714285715,0,-0.7504632023030443,1.139215241061657
16818.0,96,4,1165.56,291.39,0,-0.6162386594668702,0.27163819310617143
16820.0,216,1,497.61,497.61,0,-0.18517703426816,-1.1714443992404766
16825.0,158,2,775.1800000000001,387.59000000000003,0,-0.45477321098203904,-0.5701219738303892
16828.0,155,1,15.0,15.0,0,-2.1634611020291956,-1.0109672179283655
16829.0,187,1,197.22,197.22,0,-1.4166403917217663,-1.0728408310747466
16830.0,334,1,325.91,325.91,0,-0.8909282710281929,-1.1343203003315034
16832.0,127,2,121.4,60.7,0,-1.9414283209391927,-0.8188132341013532
16833.0,101,2,744.72,372.36,0,-0.5232700223288109,-0.5737673396248701
16835.0,278,2,180.85,90.425,0,-1.8082893945956962,-0.8173805374152069
16837.0,31,6,2219.68,369.94666666666666,0,0.1582068279691511,1.5912734773979147
16839.0,2,16,8470.8,529.425,2,3.613751937311245,9.542099202815866
16841.0,67,3,934.56,311.52,0,-0.6528935809947829,-0.1404061705801709
16842.0,70,2,866.95,433.475,0,-0.24481837124095396,-0.5220125923655707
16843.0,7,5,2841.88,568.376,0,1.1552278380203778,1.857271124450496
16849.0,188,1,124.57,124.57,0,-1.7145832719054226,-1.0501388415291366
16850.0,71,1,332.41,332.41,0,-0.8606399762379717,-1.0987701764030808
16851.0,213,1,102.99000000000001,102.99000000000001,0,-1.8034256033781821,-1.0469265488588642
16858.0,547,1,375.69000000000005,375.69000000000005,0,-0.68972833268377,-1.180420618927604
16861.0,31,2,173.76,86.88,0,-1.8210046873627708,-0.784818586130478
16863.0,122,2,502.8,251.4,0,-1.0738295657547792,-0.670432757002636
16866.0,65,2,153.95,76.975,0,-1.8665339796441998,-0.7973484470681452
16871.0,32,1,329.44,329.44,0,-0.8722809264243504,-1.0922614693880919
16872.0,127,1,388.36,388.36,0,-0.6319691087851486,-1.1243685810838087
16873.0,92,5,6576.74,1315.348,0,5.55677909179994,4.8634087692692205
16875.0,254,2,1326.13,663.065,0,0.7970877394109017,-0.3705344762063839
16877.0,65,1,111.23,111.23,0,-1.7675901570163806,-1.0283620392352266
16880.0,65,5,1367.9,273.58000000000004,0,-0.5831294200945063,0.6577989887370589
16881.0,245,1,432.0,432.0,0,-0.45463644276117676,-1.1549585608718518
16882.0,245,1,489.41999999999996,489.41999999999996,0,-0.21916380554627235,-1.1730143907166677
16883.0,219,2,276.73,138.365,0,-1.5893865271629903,-0.7718252494862736
16884.0,303,2,429.84000000000003,214.92000000000002,0,-1.2422838332084092,-0.7245532315708297
16887.0,244,1,194.88,194.88,0,-1.4270237407395023,-1.0802527759307208
16889.0,68,2,1228.61,614.305,0,0.5778384859371419,-0.3817036352800586
16891.0,121,4,604.04,151.01,0,-1.3810643912016185,-0.1463245219323146
16892.0,61,4,374.94,93.735,0,-1.6921434677538354,-0.3068185789846685
16893.0,486,1,145.93,145.93,0,-1.6311044185606431,-1.0994526082226288
16895.0,184,1,219.14,219.14,0,-1.3267076249645582,-1.0793047877910036
16898.0,547,1,116.08,116.08,0,-1.7543582760373297,-1.0987857532708174
16899.0,32,2,389.68,194.84,0,-1.3298884213672029,-0.7013642793642405
16900.0,154,1,752.6800000000001,752.6800000000001,0,0.8616912509344681,-1.242789174762342
16903.0,61,1,373.24,373.24,0,-0.6930628490643069,-1.1101798167269088
16904.0,61,7,1570.81,224.40142857142857,0,-0.657690024414238,1.2211711741995903
16905.0,243,2,589.1,294.55,0,-0.8792034618973373,-0.6543163115630126
16906.0,188,2,295.94,147.97,0,-1.5452634266387304,-0.7599565187676989
16907.0,60,2,451.79,225.895,0,-1.1890001990772796,-0.6813197030517708
16910.0,93,3,434.4,144.79999999999998,0,-1.48643411604142,-0.45474251594523535
16912.0,30,4,1017.0,254.25,0,-0.8175838204124877,0.17143850442777608
16914.0,275,1,208.46,208.46,0,-1.3717619376671613,-1.0889542723312513
16915.0,221,3,340.49,113.49666666666667,0,-1.644640129827593,-0.5313611974616744
16916.0,667,1,198.08,198.08,0,-1.419743405370406,-1.1417239955088965
16917.0,130,1,391.52,391.52,0,-0.6190517581381456,-1.125791078782529
16918.0,154,4,755.24,188.81,0,-1.1756692100009287,-0.039459447025967376
16919.0,7,5,1010.08,202.01600000000002,0,-1.004133466130669,0.37692122571929165
16921.0,92,1,169.79,169.79,0,-1.52781543914332,-1.0506358106680103
16923.0,65,9,4202.02,466.8911111111112,0,1.421595916264016,4.0180217470164035
16924.0,184,1,252.54,252.54,0,-1.1897381703672434,-1.0898074822670898
16926.0,639,1,230.25,230.25,0,-1.2874312987747971,-1.1478375045237477
16927.0,130,1,123.35,123.35,0,-1.7187852503346097,-1.0414645046013322
16928.0,33,8,1090.6399999999999,136.32999999999998,0,-1.1872293593601435,0.9623884934093191
16929.0,157,4,740.6,185.15,0,-1.195642248710942,-0.05069226746572841
16930.0,304,2,207.11,103.555,0,-1.7489177002425622,-0.8109300367788582
16931.0,68,7,1383.65,197.66428571428574,0,-0.8393507386233406,1.0539117433509824
16933.0,121,1,338.5,338.5,0,-0.8363562068805643,-1.1078323486358062
16938.0,5,3,2726.63,908.8766666666667,0,2.33324633707677,0.981405093637738
16942.0,183,5,1012.29,202.458,0,-1.0039591917666186,0.3535492108520789
16943.0,6,1,172.1,172.1,0,-1.5171545678531582,-1.0390690794677784
16945.0,1,9,1939.8,215.53333333333333,0,-0.5097857073076089,1.916808736070175
16949.0,158,3,773.58,257.86,0,-0.9223157531460895,-0.2533891676324418
16950.0,156,2,778.41,389.205,0,-0.4473986521781433,-0.5685855357576118
16951.0,131,1,1053.79,1053.79,0,2.096825468644023,-1.3341861019424603
16953.0,91,1,20.8,20.8,0,-2.1387920175509465,-1.0036426743549467
16954.0,62,4,910.2,227.55,0,-0.9634284801741043,0.08804832328346301
16955.0,127,4,518.67,129.6675,0,-1.4973741019397269,-0.21018332171084086
16957.0,283,1,114.84,114.84,0,-1.7557969949280667,-1.0606588282014016
16960.0,62,3,507.05,169.01666666666668,0,-1.3649834097994697,-0.4051926545565744
16963.0,219,1,110.55000000000001,110.55000000000001,0,-1.772505808560204,-1.0501614646500272
16966.0,333,1,385.79999999999995,385.79999999999995,0,-0.6453126435589601,-1.1530098832449318
16967.0,280,1,319.02,319.02,0,-0.918437497784434,-1.1244347937563242
16968.0,213,1,186.12,186.12,0,-1.4625192931783386,-1.073066937834823
16969.0,339,1,397.36,397.36,0,-0.5979893212442973,-1.157502606757782
16971.0,334,1,357.21,357.21,0,-0.7625706683666377,-1.1441626457537035
16979.0,61,2,534.38,267.19,0,-1.0011553915038083,-0.6494864658387738
16982.0,62,1,384.06,384.06,0,-0.6487051192109015,-1.1137251298136013
16983.0,5,3,731.45,243.8166666666667,0,-0.9903839219019411,-0.257683311695994
16984.0,2,2,4481.35,2240.675,0,7.97740907357948,0.8870864831250976
16985.0,2,4,1977.98,494.495,0,0.4911274722905057,0.884622547795395
16986.0,61,2,1873.2,936.6,0,2.04411494498964,-0.13113860459772364
16987.0,181,1,231.93,231.93,0,-1.274215909718532,-1.0828977983825103
16988.0,243,1,126.12,126.12,0,-1.7089865663823813,-1.058488117995393
16989.0,4,4,1029.3,257.325,0,-0.8004788940702788,0.18423215106815904
16990.0,220,1,179.0,179.0,0,-1.491814256298318,-1.0718286424869243
16992.0,275,2,728.71,364.355,0,-0.5620895454765182,-0.6048380112334181
16996.0,64,3,1087.02,362.34,0,-0.39887973677382726,-0.04529344365042498
16997.0,284,1,78.0,78.0,0,-1.9068872951976563,-1.0492173622841938
16998.0,131,1,90.0,90.0,0,-1.855563472863342,-1.0311204759212964
17001.0,90,4,1376.78,344.195,0,-0.32859068427733396,0.42837146333290044
17002.0,128,1,480.46000000000004,480.46000000000004,0,-0.25429170019911596,-1.1534725470751797
17004.0,124,1,1006.4,1006.4,0,1.9025813608029363,-1.3182836225630705
17006.0,121,2,355.91,177.955,0,-1.4079306905602373,-0.7271608773797623
17007.0,97,2,250.66,125.33,0,-1.6470000944714716,-0.7644796411046649
17011.0,91,1,270.9,270.9,0,-1.1131614608207543,-1.0822871021534226
17014.0,153,3,586.33,195.44333333333336,0,-1.2341733191864017,-0.36896436226879464
17015.0,30,2,797.08,398.54,0,-0.4031916893805362,-0.5433462716422234
17017.0,152,5,2164.22,432.84399999999994,0,0.35438636669342527,1.2889005607730626
17019.0,547,1,358.82,358.82,0,-0.7589102099010367,-1.1751158148613894
17022.0,122,1,71.0,71.0,0,-1.9333559202464596,-1.0238594004475212
17024.0,218,2,56.25,28.125,0,-2.0908749363401737,-0.8570450409683497
17025.0,62,3,357.77,119.25666666666666,0,-1.6136584792470094,-0.4979016417899164
17026.0,158,2,154.82999999999998,77.41499999999999,0,-1.86581685631428,-0.8103014570476144
17027.0,342,1,13.2,13.2,0,-2.1734255381012453,-1.0371315827655558
17030.0,154,1,146.87,146.87,0,-1.6226639972571268,-1.0522910507935508
17031.0,126,1,225.95,225.95,0,-1.2979795219441512,-1.0731554998644857
17033.0,97,1,300.29999999999995,300.29999999999995,0,-0.9926784058708793,-1.0923896481049966
17035.0,129,2,433.53000000000003,216.76500000000001,0,-1.2314872933934868,-0.6982524660366531
17038.0,91,1,112.4,112.4,0,-1.7631512378768734,-1.0324464711815777
17042.0,64,4,822.2,205.55,0,-1.0832635517549531,0.02282041543472757
17043.0,153,1,641.36,641.36,0,0.4051948927268667,-1.2076414426682653
17045.0,187,2,148.35,74.175,0,-1.8809567664062787,-0.8169556565354145
17046.0,218,1,642.02,642.02,0,0.4070036931306369,-1.2171402889117378
17048.0,10,2,760.4,380.2,0,-0.4863475128915376,-0.5546887189185187
17049.0,97,5,2672.37,534.4739999999999,0,0.9541630859988965,1.7074185133058841
17050.0,191,4,2556.5,639.125,0,1.276142051193997,1.284541035914696
17052.0,30,1,413.75,413.75,0,-0.5265079515627331,-1.11848702524289
17053.0,337,1,498.48,498.48,0,-0.18328052207786383,-1.1890140995629697
17054.0,30,2,463.08,231.54,0,-1.1629056855777933,-0.6726602837233924
17059.0,61,2,1567.3,783.65,0,1.3483170065562835,-0.24957320428523755
17061.0,220,1,484.12000000000006,484.12000000000006,0,-0.2405531788512315,-1.1677742154972042
17062.0,455,2,294.43,147.215,0,-1.5523858724798516,-0.7987069762702503
17064.0,1,2,711.5,355.75,0,-0.5974507927314101,-0.5723347306939216
17068.0,184,6,1139.8,189.96666666666667,0,-0.9854116598356931,0.6461985061456273
17069.0,30,5,1826.93,365.386,0,-0.04153254826824204,1.0337622660413475
17071.0,2,5,1587.3500000000001,317.47,0,-0.32356735389931024,0.8441506191056055
17076.0,38,3,841.0799999999999,280.35999999999996,0,-0.8082148000311108,-0.19431572217869197
17078.0,274,2,378.2,189.1,0,-1.3593432568259451,-0.7404012188559564
17082.0,183,1,1366.91,1366.91,0,3.3801753757779327,-1.4400803367716293
17083.0,100,1,691.36,691.36,0,0.610971023767094,-1.2157880496143076
17084.0,244,2,2949.75,1474.875,0,4.490300226445964,0.25950817822970895
17085.0,125,3,1045.24,348.41333333333336,0,-0.46932063848387917,-0.07996006809427103
17086.0,91,4,1482.51,370.6275,0,-0.18465857099098215,0.5062548829501253
17088.0,30,2,622.5600000000001,311.28000000000003,0,-0.8001536253576178,-0.6109147787931384
17090.0,2,3,1092.5,364.1666666666667,0,-0.3888946440256916,-0.03302766108589694
17091.0,122,7,2727.4900000000002,389.6414285714286,0,0.4635634147974017,2.2399589145879855
17092.0,161,2,633.07,316.535,0,-0.7780570302897287,-0.6255712053956082
17095.0,101,1,313.15,313.15,0,-0.940037321888284,-1.0970021282090323
17096.0,1,1,263.61,263.61,0,-1.1418138074221313,-1.0671298596230256
17097.0,152,2,318.87,159.435,0,-1.492609780761734,-0.7459328082043468
17101.0,61,1,471.0,471.0,0,-0.2921606370453401,-1.1409206374449377
17105.0,192,2,665.78,332.89,0,-0.704083272482966,-0.6173381890864754
17107.0,156,4,6209.12,1552.28,0,6.249478642518967,3.9850954841200257
17109.0,61,3,311.28,103.75999999999999,0,-1.6910890936595586,-0.5266308905550046
17114.0,101,4,477.47,119.3675,0,-1.5531066579030515,-0.2368714722017956
17115.0,66,2,527.48,263.74,0,-1.0169191419700399,-0.652872638972228
17119.0,31,2,606.91,303.455,0,-0.8357648147494717,-0.6171168965108421
17122.0,3,1,138.32,138.32,0,-1.6556409214872803,-1.0280180636595448
17123.0,338,1,345.29999999999995,345.29999999999995,0,-0.8114674195885192,-1.1409892960604973
17124.0,158,1,298.89,298.89,0,-0.9993031828461396,-1.1006658060543795
17126.0,65,4,702.08,175.52,0,-1.246814529659344,-0.06596838704361063
17128.0,101,1,157.09,157.09,0,-1.580020947171426,-1.0479287599474163
17131.0,183,2,1180.73,590.365,0,0.46734259964070457,-0.41667969274221617
17133.0,160,3,2194.9700000000003,731.6566666666668,0,1.445450412742286,0.6290662868286295
17135.0,303,3,400.0,133.33333333333334,0,-1.5466391857243105,-0.5061243951938021
17138.0,99,1,380.5,380.5,0,-0.6638153036126085,-1.117894579323878
17139.0,2,5,4605.08,921.016,0,3.2337911941822153,3.2828973708787887
17140.0,190,1,465.32,465.32,0,-0.3172353973318718,-1.1575742232194013
17144.0,120,1,388.68,388.68,0,-0.6305601424095326,-1.1234686033048398
17147.0,343,1,409.5,409.5,0,-0.5482598633923638,-1.1618918259912183
17157.0,302,1,157.54000000000002,157.54000000000002,0,-1.5809517673783526,-1.0768018464214633
17158.0,153,1,568.42,568.42,0,0.10607656882482641,-1.1847053188633039
17160.0,7,3,1599.98,533.3266666666667,0,0.45641159222620686,0.2814234645642094
17162.0,30,9,1417.08,157.45333333333332,0,-0.9566653212319007,1.4250326054132794
17164.0,34,6,1721.51,286.91833333333335,0,-0.3684335537080745,1.1649520797999116
17166.0,334,1,78.75,78.75,0,-1.9045022350483225,-1.0566003612084673
17169.0,96,1,308.68,308.68,0,-0.9582992037401993,-1.0948818120824015
17173.0,1,3,1239.16,413.05333333333334,0,-0.1445702365746805,0.058197142159465365
17174.0,189,1,59.9,59.9,0,-1.9798011147331935,-1.0299461783882924
17175.0,5,1,302.62,302.62,0,-0.9818936536112202,-1.079968402226894
17180.0,7,2,317.32,158.66,0,-1.4941326559631078,-0.7258061542089265
17181.0,698,1,155.52,155.52,0,-1.5947051107140309,-1.1327721605355507
17183.0,153,2,1343.8400000000001,671.9200000000001,0,0.8387657924894956,-0.34924047307203215
17186.0,62,1,72.0,72.0,0,-1.928426316864735,-1.0155972604061947
17188.0,61,3,1252.38,417.46000000000004,0,-0.12337668840045135,0.05783071103461379
17190.0,1,1,249.74,249.74,0,-1.1986930390168844,-1.0627684113480762
17191.0,30,7,2095.13,299.30428571428575,0,-0.14861870017659018,1.6913687573361709
17193.0,1,3,190.96,63.653333333333336,0,-1.8906930111922513,-0.5927779410264216
17194.0,38,1,10.0,10.0,0,-2.182349504460322,-0.9926706039313477
17197.0,61,1,1013.01,1013.01,0,1.9305583475741386,-1.3113567282528222
17198.0,455,2,521.66,260.83,0,-1.0355301498573883,-0.7107308596079628
17203.0,62,4,2262.93,565.7325,0,0.8782434345766295,1.0863326491427996
17204.0,7,1,461.25,461.25,0,-0.33139838596171023,-1.130135798348752
17211.0,5,3,808.47,269.49,0,-0.8620817123035389,-0.20985074071051701
17213.0,486,1,312.90000000000003,312.90000000000003,0,-0.9463801720302942,-1.1519566470451457
17214.0,62,3,498.07,166.02333333333334,0,-1.379942561217201,-0.41076960193971623
17218.0,32,6,1091.14,181.85666666666668,0,-1.0347491003405955,0.6263257513129036
17219.0,122,1,114.23,114.23,0,-1.7560747968260428,-1.0374531573996528
17220.0,187,6,1147.7,191.28333333333333,0,-0.9771022685423921,0.6525234981083451
17221.0,274,2,335.13,167.565,0,-1.4573099688505435,-0.7570765317312138
17222.0,215,1,354.15,354.15,0,-0.7734757359116203,-1.1261901821026454
17223.0,312,2,426.79,213.395,0,-1.2493456494836488,-0.7270205818541596
17226.0,253,1,393.49,393.49,0,-0.612671899936513,-1.1439925626275438
17227.0,62,2,249.36,124.68,0,-1.6494736442359468,-0.7599799471322394
17228.0,154,4,911.64,227.91,0,-0.9627387009806401,0.0759602365505041
17229.0,246,1,161.05,161.05,0,-1.5657841985929624,-1.0699007535236118
17230.0,312,1,675.0,675.0,0,0.5409524469789662,-1.2409475743327856
17231.0,128,4,1357.29,339.3225,0,-0.35565016796361026,0.4085564399547227
17232.0,152,1,213.48,213.48,0,-1.349476631568338,-1.0729508074798841
17233.0,244,1,190.88,190.88,0,-1.4434272682361868,-1.0789949682090338
17234.0,66,1,149.89000000000001,149.89000000000001,0,-1.6090638757860516,-1.04066169406486
17235.0,667,1,341.9,341.9,0,-0.8299545742271186,-1.1869484721421504
17236.0,37,2,244.73000000000002,122.36500000000001,0,-1.659659708285624,-0.7581989535989085
17238.0,30,8,1967.6000000000001,245.95000000000002,0,-0.3936478666783353,1.76381717381282
17242.0,5,1,709.44,709.44,0,0.6864271104390673,-1.2078937365610645
17243.0,30,13,4359.81,335.37,0,1.0405208721457575,4.925110644701826
17248.0,33,1,318.65,318.65,0,-0.9165432538717825,-1.0890114762583705
17250.0,182,1,221.87,221.87,0,-1.3154845933978192,-1.0798773551619967
17251.0,364,1,283.28000000000003,283.28000000000003,0,-1.0661632260778837,-1.125203510523499
17252.0,188,1,341.96,341.96,0,-0.823092561279367,-1.1184975466835176
17254.0,213,1,102.13,102.13,0,-1.8069523617899694,-1.0466561201987017
17259.0,547,1,381.64,381.64,0,-0.6653280855324523,-1.1822916079136134
17262.0,486,1,268.86,268.86,0,-1.1269830097687896,-1.1381081840293725
17265.0,5,1,384.09000000000003,384.09000000000003,0,-0.6477948073225005,-1.105586800998353
17266.0,152,2,197.58,98.79,0,-1.7684951418358814,-0.7928923786394516
17267.0,246,2,317.62,158.81,0,-1.4967513521273,-0.7598534285861382
17268.0,4,3,311.48,103.82666666666667,0,-1.6899686422715314,-0.518358919999591
17274.0,244,1,111.97999999999999,111.97999999999999,0,-1.7669868481082864,-1.054184710898759
17278.0,7,1,246.04,246.04,0,-1.213949174102073,-1.0624625984026905
17282.0,337,1,687.0,687.0,0,0.5898177288408721,-1.248294577486075
17284.0,33,3,1147.52,382.50666666666666,0,-0.297668862349854,-0.0032892293336095335
17287.0,341,3,367.94,122.64666666666666,0,-1.6005705454020855,-0.5314668083910016
17288.0,341,1,127.30000000000001,127.30000000000001,0,-1.7055011042331967,-1.0728676048271466
17289.0,5,3,944.41,314.80333333333334,0,-0.6356288121112926,-0.12542643923342367
17290.0,182,1,172.21,172.21,0,-1.519134387269156,-1.0642616722972533
17291.0,253,1,550.8000000000001,550.8000000000001,0,0.032437827689343224,-1.193458995802187
17293.0,1,7,1278.63,182.6614285714286,0,-0.940305298926703,0.97019709029467
17295.0,30,3,556.95,185.65,0,-1.2814165190104987,-0.36962853069961765
17298.0,156,1,107.63999999999999,107.63999999999999,0,-1.7835692172311108,-1.0402409879621644
17299.0,32,1,309.86,309.86,0,-0.9525761935206204,-1.0861045005904342
17302.0,94,3,876.8100000000001,292.27000000000004,0,-0.7494681754252945,-0.18013074959289632
17306.0,130,5,2361.3,472.26000000000005,0,0.5870119507691172,1.4513134398022638
17309.0,216,1,82.75,82.75,0,-1.886468888586783,-1.0409908713857159
17312.0,156,2,399.5,199.75,0,-1.3092646111574926,-0.7152872492835872
17313.0,122,1,2328.84,2328.84,0,7.325779210532019,-1.7338415470309312
17314.0,1,3,1348.75,449.5833333333333,0,0.0379880489341341,0.12625701562477853
17315.0,6,14,2408.46,172.03285714285715,0,-0.42352309792081955,3.1695698492745055
17317.0,32,1,2027.94,2027.94,0,6.093066936855264,-1.6263580732094085
17320.0,547,1,450.92,450.92,0,-0.3812189892898783,-1.2040768376532311
17321.0,276,2,700.86,350.43,0,-0.6254507670647989,-0.615763574901392
17323.0,92,3,419.01,139.67,0,-1.5120574243190652,-0.4641573923700439
17324.0,10,2,702.23,351.115,0,-0.6186605762412215,-0.5772102640764876
17325.0,252,1,96.8,96.8,0,-1.829348731159211,-1.0505548761911903
17330.0,276,1,264.9,264.9,0,-1.1403219767140704,-1.106844882483783
17331.0,125,1,175.2,175.2,0,-1.506085465033209,-1.0570541211960534
17334.0,70,2,307.02,153.51,0,-1.5184311194167928,-0.738799403097933
17337.0,5,4,2027.8700000000001,506.96750000000003,0,0.5590086902753721,0.9210114164936755
17338.0,10,2,1387.78,693.89,0,0.9406865198456935,-0.31178744676437536
17339.0,185,2,243.36,121.68,0,-1.664820080144346,-0.7798849668793746
17340.0,33,6,9190.58,1531.7633333333333,2,7.526885850035532,7.550508441847216
17341.0,187,3,781.36,260.4533333333333,0,-0.9097561461921181,-0.2527028221291606
17345.0,155,1,155.8,155.8,0,-1.5860569341459048,-1.0552420497317458
17346.0,1,5,887.05,177.41,0,-1.1490807398745,0.27835348474128374
17348.0,30,2,321.3,160.65,0,-1.48539745318512,-0.7275529203487462
17350.0,333,2,394.98,197.49,0,-1.3219904990742708,-0.74233819360805
17351.0,38,2,358.45,179.225,0,-1.4010068267552047,-0.7143131858587055
17353.0,126,2,1740.0,870.0,0,1.7402414019987484,-0.1920006503192484
17356.0,343,1,178.22,178.22,0,-1.496711823250656,-1.0891653835232795
17358.0,100,1,119.15,119.15,0,-1.7355945934523516,-1.0358555105076868
17360.0,127,1,330.95,330.95,0,-0.8674007371813115,-1.1063158957582968
17361.0,188,1,218.92,218.92,0,-1.3276650670773793,-1.0798073811644273
17362.0,284,1,150.0,150.0,0,-1.6116238002573369,-1.0718579012745588
17364.0,10,6,2662.19,443.6983333333333,0,0.6262594904859027,1.9725833325745006
17365.0,40,2,742.66,371.33,0,-0.5271131499702824,-0.5658453699173268
17368.0,153,3,750.87,250.29,0,-0.960077687307395,-0.26677829072957904
17370.0,124,1,117.36,117.36,0,-1.7432666606101392,-1.038723278340931
17372.0,62,4,670.2,167.55,0,-1.29017606434846,-0.08906628067020173
17374.0,220,2,495.77,247.885,0,-1.0911735316221067,-0.6871629794934098
17376.0,343,1,105.85,105.85,0,-1.7934926444844186,-1.0664084973186585
17377.0,32,10,2199.38,219.93800000000002,0,-0.37073110197807424,2.325256747749349
17381.0,3,22,17101.25,777.3295454545455,2,8.430434028824733,19.40940731685451
17382.0,215,1,65.4,65.4,0,-1.9576053770785258,-1.0353921871933696
17383.0,212,1,199.29,199.29,0,-1.4084968668703794,-1.0770653265589483
17384.0,250,1,227.65,227.65,0,-1.2927207138736707,-1.0914150248878158
17386.0,302,3,1145.02,381.67333333333335,0,-0.3055488715568617,-0.043293552285105785
17387.0,183,1,346.44,346.44,0,-0.804651550357451,-1.1191915753341615
17388.0,6,1,381.6,381.6,0,-0.6580198152143124,-1.104946758891132
17389.0,10,16,20486.0,1280.375,2,11.743003995452789,21.569190685737478
17392.0,192,1,145.5,145.5,0,-1.628807062379525,-1.0572920932309802
17394.0,250,1,203.86999999999998,203.86999999999998,0,-1.3902396848414595,-1.083937357982387
17396.0,276,2,2431.5,1215.75,0,3.311050521494545,0.054284334883501595
17400.0,217,1,817.44,817.44,0,1.1263942035228574,-1.2721585033467893
17402.0,91,5,1285.95,257.19,0,-0.6800927793222846,0.5878554351960846
17403.0,275,1,281.62,281.62,0,-1.0717414197528037,-1.1119595755609053
17404.0,6,6,6435.38,1072.5633333333333,0,4.6148284498806165,5.198908520170207
17405.0,4,2,541.71,270.855,0,-0.9836953408257467,-0.6385007642184422
17406.0,71,3,2200.42,733.4733333333334,0,1.4557584552754428,0.6451729045531062
17409.0,127,2,771.85,385.925,0,-0.46191943223707926,-0.5669800030887892
17410.0,1,4,978.38,244.595,0,-0.8697624037705602,0.14708316552791068
17412.0,31,4,685.46,171.365,0,-1.268972191009138,-0.07337350458341119
17414.0,127,1,598.0,598.0,0,0.22773976731608103,-1.1902902837774212
17416.0,61,2,3129.32,1564.66,0,4.901276456676163,0.3551904877837079
17419.0,130,6,1844.81,307.4683333333333,0,-0.23942317716344264,1.256640443848776
17420.0,698,1,130.85,130.85,0,-1.695873866549832,-1.1250146314120466
17422.0,5,3,1084.65,361.55,0,-0.40201284386823954,-0.038331661837898934
17423.0,189,1,449.42,449.42,0,-0.3824256071060662,-1.1524314943261666
17425.0,62,1,688.97,688.97,0,0.601694773042609,-1.2096046679184924
17426.0,93,4,2951.91,737.9775,0,1.8158258890662589,1.5903531592573787
17428.0,7,16,8641.94,540.12125,2,3.7294744668012854,9.712710152872932
17429.0,158,3,524.9200000000001,174.97333333333336,0,-1.336540986056226,-0.40781720062710175
17430.0,153,2,265.76,132.88,0,-1.6134272165534358,-0.7666382279955852
17432.0,302,1,175.89,175.89,0,-1.5057005849873133,-1.082572039344702
17433.0,2,1,303.15999999999997,303.15999999999997,0,-0.9796377413237903,-1.0797093766707344
17434.0,152,2,635.08,317.54,0,-0.7733607905295943,-0.6235065095211538
17436.0,121,1,93.89999999999999,93.89999999999999,0,-1.8394319133028159,-1.0309174064546498
17440.0,187,3,186.42000000000002,62.14000000000001,0,-1.9008249150634953,-0.6221849018759756
17442.0,64,4,1553.55,388.3875,0,-0.08756836139697388,0.5625402721076967
17443.0,250,1,534.24,534.24,0,-0.0354313400715528,-1.1878228422358157
17444.0,34,1,1217.64,1217.64,0,2.7700947301641703,-1.371843560387735
17446.0,312,1,68.10000000000001,68.10000000000001,0,-1.9478727624554748,-1.0501066977598348
17449.0,152,3,938.89,312.9633333333333,0,-0.6468545601862992,-0.14986723539437874
17450.0,4,11,35824.22,3256.747272727273,3,25.80300376624869,34.81462162551083
17451.0,121,1,294.18,294.18,0,-1.0181072915438276,-1.0938958390795148
17453.0,184,1,341.99999999999994,341.99999999999994,0,-0.8228732779038967,-1.117938351962618
17456.0,455,1,249.86,249.86,0,-1.204471592599138,-1.1277023581659562
17457.0,217,4,1370.5,342.625,0,-0.33889470658755094,0.4055831781892455
17459.0,62,1,300.39,300.39,0,-0.9918259056227976,-1.0874149367952146
17460.0,185,3,230.15,76.71666666666667,0,-1.8279505547663188,-0.5947408964273859
17461.0,61,1,382.56,382.56,0,-0.6548426299970322,-1.1131105087184394
17462.0,62,1,212.28,212.28,0,-1.3531546075560132,-1.0597085772057555
17464.0,248,1,289.96000000000004,289.96000000000004,0,-1.0371671402438174,-1.110722638273336
17469.0,218,1,440.71,440.71,0,-0.41854483695874756,-1.1538379707985382
17470.0,189,4,816.47,204.1175,0,-1.0927911534678523,0.0007239043241914489
17472.0,339,1,259.27,259.27,0,-1.1642800992485847,-1.1140799396858445
17481.0,155,3,838.03,279.3433333333333,0,-0.8149115877975748,-0.2129342513029533
17483.0,95,2,294.40000000000003,147.20000000000002,0,-1.5474817812186208,-0.7472590394707853
17489.0,1,2,376.64,188.32,0,-1.3591209387392351,-0.7019817069978146
17490.0,90,4,1077.82,269.455,0,-0.7356092582971898,0.2077457050079522
17491.0,121,5,1723.93,344.786,0,-0.16420783666298377,0.9375160684854001
17492.0,221,1,374.57,374.57,0,-0.6898186001918017,-1.133468949719032
17495.0,302,2,497.56,248.78,0,-1.088234596565085,-0.6981912916702924
17500.0,61,1,288.0,288.0,0,-1.0426220200186516,-1.0833759341777602
17501.0,281,2,288.6,144.3,0,-1.5632434561493538,-0.7760920472480879
17502.0,61,1,226.60000000000002,226.60000000000002,0,-1.294416167092757,-1.0640685856498657
17503.0,152,2,558.96,279.48,0,-0.9465027946928734,-0.6529777149092334
17504.0,189,1,251.75,251.75,0,-1.1930469271734678,-1.090273781239702
17505.0,338,1,658.85,658.85,0,0.4743640920578298,-1.2395856988442322
17507.0,283,1,340.56,340.56,0,-0.830145938290166,-1.1316369179361956
17508.0,252,1,387.31,387.31,0,-0.6380015378937645,-1.1419063064980084
17509.0,62,7,5217.0,745.2857142857143,0,2.879467304118619,4.460028432501705
17511.0,7,15,49108.16,3273.8773333333334,3,31.848865915000673,49.799271360355014
17512.0,30,5,1635.27,327.054,0,-0.2674650668584756,0.8788742533812196
17514.0,278,1,208.65,208.65,0,-1.3710242061864464,-1.089442847796619
17515.0,122,1,67.65,67.65,0,-1.9470938745249329,-1.0228059864806085
17516.0,3,2,281.02,140.51,0,-1.5766451266109889,-0.7392885689513681
17517.0,253,1,153.94,153.94,0,-1.5950381528942001,-1.0686656026950172
17519.0,547,1,335.3,335.3,0,-0.855362951581541,-1.1677199054578702
17521.0,61,2,563.65,281.825,0,-0.9345780601604141,-0.6381540672351336
17522.0,96,3,845.02,281.67333333333335,0,-0.8024525281581382,-0.20015952656100577
17526.0,213,2,549.9,274.95,0,-0.9679531390206041,-0.6652049894501378
17527.0,220,1,292.11,292.11,0,-1.0279635075108249,-1.1073963003369267
17528.0,1,3,1041.13,347.04333333333335,0,-0.4744545077610165,-0.0647875894979485
17530.0,120,2,516.45,258.225,0,-1.0427537499437711,-0.6648620314870869
17531.0,307,1,296.7,296.7,0,-1.010342105894332,-1.1212756930565977
17535.0,252,1,164.4,164.4,0,-1.5521291164652447,-1.0718118266876995
17537.0,61,2,897.62,448.81,0,-0.1749323017472466,-0.5088516701849898
17550.0,68,1,156.22,156.22,0,-1.5831329175728004,-1.042938061183488
17552.0,62,3,315.02,105.00666666666666,0,-1.6848727023102619,-0.5244511407464101
17553.0,306,1,1487.6,1487.6,0,3.873411930081157,-1.4956135537963122
17554.0,31,3,925.9,308.6333333333333,0,-0.6668224339786197,-0.14063842968865947
17555.0,101,1,195.45,195.45,0,-1.4227111184782226,-1.0599911359983942
17560.0,157,3,531.0,177.0,0,-1.3263989289732154,-0.4038983286870936
17562.0,64,2,235.3,117.65,0,-1.681482043096179,-0.7657094114051337
17566.0,332,1,486.95,486.95,0,-0.23049462996142722,-1.1846737528075613
17567.0,124,4,2061.73,515.4325,0,0.6034636976193233,0.928989094457504
17569.0,40,1,344.14,344.14,0,-0.8121084590750423,-1.0980274583615244
17571.0,161,1,75.6,75.6,0,-1.9150305326051824,-1.0308806641090977
17572.0,336,2,114.60000000000001,57.300000000000004,0,-1.959782265250807,-0.8513211031686678
17573.0,61,2,373.1,186.55,0,-1.368001718769358,-0.711928872630543
17574.0,37,1,185.65,185.65,0,-1.4620157912370424,-1.0477611423103963
17576.0,3,9,1984.96,220.5511111111111,0,-0.47124010939536604,1.9586513428005818
17578.0,219,1,143.45999999999998,143.45999999999998,0,-1.6375457860812332,-1.0605100776802066
17579.0,213,1,178.04,178.04,0,-1.4956544187216412,-1.0705261662370154
17580.0,341,1,47.7,47.7,0,-2.0319313014172167,-1.0478372311655764
17581.0,67,17,5998.92,352.8776470588235,0,1.8668718308852863,7.225627078105785
17584.0,247,2,1242.3,621.15,0,0.6065053089124832,-0.40199014217125006
17585.0,224,1,417.81,417.81,0,-0.512537904028021,-1.1474946807890554
17589.0,34,3,1813.4,604.4666666666667,0,0.811560059036915,0.4101065494586743
17590.0,152,1,320.93,320.93,0,-0.9088368741886532,-1.1067386674036996
17591.0,94,2,620.2,310.1,0,-0.8064056339807213,-0.62097685933699
17593.0,93,2,1663.82,831.91,0,1.5674187190964448,-0.21677796018491702
17595.0,303,1,157.9,157.9,0,-1.579489261928777,-1.0770579923159442
17596.0,154,4,1900.8700000000001,475.21750000000003,0,0.3840467685726847,0.8059897351716864
17597.0,67,1,2044.3700000000001,2044.3700000000001,0,6.1599610051684905,-1.636527530409758
17602.0,152,2,1231.19,615.595,0,0.5825467252582708,-0.39271197137233443
17604.0,189,1,173.12,173.12,0,-1.5154992689395415,-1.0655484259506411
17608.0,183,2,193.42,96.71,0,-1.7783856206752051,-0.7989342354603569
17609.0,69,1,107.65,107.65,0,-1.7823265622264168,-1.0278080741224334
17611.0,37,7,1718.43,245.49,0,-0.5141522838690058,1.3557362855345074
17612.0,97,2,704.36,352.18,0,-0.6150173397568142,-0.5888216552327297
17613.0,162,2,826.5500000000001,413.27500000000003,0,-0.33798262679316204,-0.5508049418362613
17615.0,337,2,211.05,105.525,0,-1.7404116014279525,-0.8141217216220031
17616.0,517,1,326.4,326.4,0,-0.8914464395078872,-1.1606329872912426
17618.0,221,3,971.58,323.86,0,-0.5933516144360622,-0.13942848877270175
17620.0,31,1,81.44,81.44,0,-1.8892858191936575,-1.0141344474439724
17623.0,153,1,527.0500000000001,527.0500000000001,0,-0.06357691430963142,-1.1716964425017569
17624.0,219,1,400.3,400.3,0,-0.5842752855191276,-1.141273911489725
17629.0,33,5,1384.03,276.806,0,-0.5636730790092486,0.6754084609279384
17631.0,121,1,111.83,111.83,0,-1.7659031012989277,-1.0365555295671114
17633.0,33,2,653.23,326.615,0,-0.7304333001654212,-0.5994691750069071
17634.0,36,7,2049.36,292.7657142857143,0,-0.1931030772141834,1.649852482097942
17637.0,122,1,208.11,208.11,0,-1.37108400647886,-1.0669739046276452
17639.0,130,1,108.5,108.5,0,-1.7796833461660504,-1.0367948934345694
17642.0,3,1,316.99,316.99,0,-0.9229363570291297,-1.0842011900679962
17643.0,698,1,101.55,101.55,0,-1.8160297054630452,-1.1158011898506897
17644.0,33,4,1077.83,269.4575,0,-0.7348083583823402,0.215900847156278
17646.0,250,3,1008.39,336.13,0,-0.5324329689902494,-0.12071332561545545
17647.0,215,1,133.06,133.06,0,-1.6801397094721089,-1.056668004805704
17648.0,62,2,1273.98,636.99,0,0.681119633559363,-0.3632801774956902
17651.0,122,4,1661.78,415.445,0,0.05898008712568503,0.634120873142945
17652.0,62,6,2247.65,374.60833333333335,0,0.18734481234239286,1.6107541861960186
17653.0,33,4,1207.56,301.89,0,-0.5581876746534269,0.3116386703683983
17654.0,161,1,117.55,117.55,0,-1.7429985379837047,-1.0440719225902895
17655.0,131,2,990.0,495.0,0,0.03422773963376935,-0.48309114194826186
17656.0,2,2,473.98,236.99,0,-1.137725887321723,-0.6644377461974006
17658.0,6,1,317.59999999999997,317.59999999999997,0,-0.9204762551612632,-1.0848218353441408
17659.0,31,4,932.6800000000001,233.17000000000002,0,-0.9323949503442037,0.10906929703919288
17663.0,126,2,437.19,218.595,0,-1.223120847659181,-0.6964066026529847
17664.0,36,1,326.19,326.19,0,-0.88566404061591,-1.0918112734123377
17666.0,182,2,728.16,364.08,0,-0.5620560531814529,-0.591757235912671
17667.0,6,4,1127.46,281.865,0,-0.666866756193219,0.2563861376861495
17668.0,121,2,347.75,173.875,0,-1.4264913678326017,-0.7303201658186317
17669.0,94,2,844.0,422.0,0,-0.29735176467249946,-0.53432872788859
17671.0,5,3,1098.55,366.18333333333334,0,-0.37885780993656226,-0.029699193171343174
17672.0,284,1,1177.8400000000001,1177.8400000000001,0,2.6034266252906875,-1.395064173439235
17673.0,121,3,706.54,235.51333333333332,0,-1.0334819366178456,-0.2897348519409358
17674.0,547,1,300.66,300.66,0,-0.9974174997028278,-1.1568272905880612
17675.0,4,14,7928.51,566.3221428571429,2,3.49133596762569,8.62673404175382
17676.0,1,5,1156.7,231.34,0,-0.8312120993764489,0.4962682954154124
17677.0,30,12,6824.29,568.6908333333333,0,2.9905553228699073,7.144567658428344
17682.0,190,2,757.29,378.645,0,-0.4959076610314837,-0.5816225863833819
17685.0,2,3,2100.63,700.21,0,1.290478331337037,0.593062312785681
17686.0,33,3,3774.58,1258.1933333333334,0,4.078565917546001,1.6282225070089922
17690.0,91,10,2855.21,285.521,0,0.16201205727731027,2.9388538544374865
17691.0,547,1,142.5,142.5,0,-1.646012976921729,-1.1070935732725595
17692.0,162,2,228.18,114.09,0,-1.699030722315775,-0.7824744789889833
17696.0,157,6,1607.81,267.9683333333333,0,-0.4903209229021987,1.0501663306223343
17700.0,67,3,1681.83,560.61,0,0.5919310381508689,0.32367907117933836
17701.0,341,1,417.95,417.95,0,-0.5135797875053663,-1.1642630584042237
17702.0,91,1,485.6,485.6,0,-0.23270212243621857,-1.1497999316149692
17703.0,244,1,307.78,307.78,0,-0.9640341771455851,-1.1157543988753347
17705.0,39,5,1042.4,208.48000000000002,0,-0.9664760092106217,0.39846611131502996
17706.0,62,9,3453.82,383.7577777777778,0,0.7825655039705177,3.3204758520918314
17707.0,158,2,152.4,76.2,0,-1.8713441168255356,-0.81124227456066
17708.0,219,1,156.48,156.48,0,-1.5841523040795256,-1.0646042418142976
17716.0,61,6,2643.56,440.5933333333333,0,0.6058619235489779,1.949366179311538
17719.0,2,6,2266.92,377.82,0,0.2085432102289888,1.6358049732926219
17720.0,517,1,102.0,102.0,0,-1.811684332071882,-1.0900699741046052
17722.0,246,3,1590.6,530.1999999999999,0,0.4374850348916848,0.24143467612909808
17723.0,97,4,2199.3,549.825,0,0.791131060442998,1.0343721277860642
17725.0,251,1,313.28999999999996,313.28999999999996,0,-0.9415350021947837,-1.1184876314086625
17728.0,182,2,2530.98,1265.49,0,3.5386253438974062,0.10623643851898512
17730.0,30,5,2352.36,470.47200000000004,0,0.577854508200851,1.4583829928075538
17731.0,96,3,963.74,321.24666666666667,0,-0.6046852167647037,-0.12642954957586128
17732.0,667,1,303.97,303.97,0,-0.9855010237144283,-1.1750213104212541
17733.0,334,1,475.24,475.24,0,-0.2785435807582226,-1.181277407101381
17735.0,126,11,7296.29,663.2990909090909,0,3.5393690773600683,7.375562074036032
17737.0,1,1,87.39,87.39,0,-1.8644712112885626,-1.0117171404441077
17738.0,311,1,779.92,779.92,0,0.9712307852421238,-1.273796927673105
17739.0,71,3,1111.67,370.5566666666667,0,-0.35791371689101437,-0.03098538758449565
17742.0,40,1,302.57,302.57,0,-0.982582118584335,-1.084955691613893
17744.0,182,2,1010.9399999999999,505.46999999999997,0,0.08115329964687135,-0.48227395346862023
17750.0,243,3,446.18,148.72666666666666,0,-1.4688824450106517,-0.46886813393992804
17754.0,90,3,1197.2,399.06666666666666,0,-0.21569772434852374,0.01941632076477595
17757.0,65,14,2281.51,162.965,0,-0.5143712229534596,3.035639021861352
17758.0,65,2,965.1600000000001,482.58000000000004,0,-0.021361551934089062,-0.48327413646824957
17760.0,698,1,172.54,172.54,0,-1.524908101215639,-1.1381241323913287
17761.0,153,1,712.78,712.78,0,0.6980798761801668,-1.2300995995389856
17764.0,6,1,261.97,261.97,0,-1.1486083138214012,-1.0673288744547798
17765.0,248,1,109.33,109.33,0,-1.7779094331753438,-1.053923186081258
17768.0,183,2,1861.8500000000001,930.9250000000001,0,2.0166132496103923,-0.15297202834483348
17769.0,31,3,1453.79,484.59666666666664,0,0.212552448193551,0.18720285695797068
17770.0,36,3,967.07,322.3566666666667,0,-0.5983092820922232,-0.1157848913696069
17774.0,162,3,830.53,276.8433333333333,0,-0.8275019953178863,-0.21859266053412996
17781.0,279,1,86.02,86.02,0,-1.8739291624411747,-1.0510245507685305
17783.0,190,1,112.41,112.41,0,-1.7644776195455951,-1.0466009924542667
17787.0,65,3,1335.28,445.0933333333333,0,0.014665352199480397,0.10874322978020079
17788.0,306,1,16.7,16.7,0,-2.1585752186371145,-1.0330862093389828
17789.0,283,1,225.9,225.9,0,-1.3003530539826245,-1.0955818595940394
17790.0,4,7,999.54,142.79142857142855,0,-1.2110921140465978,0.7218457535757478
17791.0,61,1,106.1,106.1,0,-1.788572432930375,-1.0261771280340466
17796.0,101,2,396.9,198.45,0,-1.3144188910633317,-0.7084320093316733
17797.0,66,1,272.41,272.41,0,-1.1066238285626084,-1.079188344580131
17799.0,37,2,500.35,250.175,0,-1.0782282959863938,-0.6592311459097216
17800.0,38,7,874.1,124.87142857142858,0,-1.3332511433292138,0.6055542494369438
17802.0,5,2,632.4200000000001,316.21000000000004,0,-0.7773808396920305,-0.6035237252746095
17809.0,39,8,3049.9100000000003,381.23875000000004,0,0.58558416821917,2.7510936166498183
17811.0,2,19,2871.55,151.1342105263158,0,-0.2570782834146861,4.385837131171678
17812.0,334,2,261.02,130.51,0,-1.6267087629873744,-0.7943461220123498
17813.0,184,2,1259.31,629.655,0,0.6460662900742027,-0.3863989980095948
17816.0,215,3,31.46,10.486666666666666,0,-2.1593486343607413,-0.7224238110721075
17817.0,160,3,387.68,129.22666666666666,0,-1.5651870890117587,-0.4933347416878955
17819.0,66,3,1579.57,526.5233333333333,0,0.4215970969491365,0.26031437079311204
17827.0,37,5,1995.46,399.092,0,0.15703719434295804,1.168957410141625
17828.0,127,1,833.16,833.16,0,1.1921031488461573,-1.2642367997353965
17830.0,121,1,111.05,111.05,0,-1.7691017891607812,-1.0363102570613825
17831.0,183,1,35.400000000000006,35.400000000000006,0,-2.0801898484996304,-1.021384446895785
17835.0,152,1,114.14,114.14,0,-1.7568582369484953,-1.041713152711789
17837.0,31,3,540.55,180.1833333333333,0,-1.3087499394154456,-0.3799565448438602
17838.0,32,3,1560.56,520.1866666666666,0,0.39039928169973415,0.25336845185399326
17841.0,1,53,17336.18,327.0977358490566,2,7.109009674535534,24.526676692114012
17843.0,100,1,205.48,205.48,0,-1.3815654612551604,-1.063002145660995
17848.0,251,3,367.53,122.50999999999999,0,-1.6000104533502508,-0.5188565472069968
17849.0,71,3,454.35,151.45000000000002,0,-1.452896947392466,-0.43920799937589716
17850.0,667,34,5391.21,158.565,2,0.9958068332057064,9.070216163181497
17854.0,158,1,199.5,199.5,0,-1.4068898323200054,-1.0694124286897633
17855.0,667,1,208.97,208.97,0,-1.375084801760683,-1.1451483770311892
17856.0,121,2,758.21,379.105,0,-0.49286200591905016,-0.5714033113310968
17857.0,33,11,14867.68,1351.6072727272729,2,9.449035407737693,14.666628244575685
17858.0,3,4,1661.67,415.4175,0,0.06047395880625284,0.6510499363601002
17859.0,131,1,148.21,148.21,0,-1.6168511389678422,-1.0494247227911455
17860.0,547,1,252.8,252.8,0,-1.1936857062006567,-1.141777621198077
17861.0,61,4,1261.29,315.3225,0,-0.4854237959499179,0.3472877927417092
17863.0,31,3,1923.4,641.1333333333333,0,0.9948427708306029,0.4788498792961927
17864.0,32,2,480.72,240.36,0,-1.1228094925833756,-0.666116531879601
17865.0,2,5,3406.9700000000003,681.394,0,1.8214359304435919,2.3146573789752827
17867.0,91,2,239.62,119.81,0,-1.6720287268656793,-0.7678963133247838
17869.0,128,3,310.96,103.65333333333332,0,-1.6925475648723556,-0.5364068180150612
17870.0,93,5,988.08,197.616,0,-1.031255326217537,0.3468490420085867
17873.0,127,3,1097.07,365.69,0,-0.38300830507522177,-0.04805740406256753
17874.0,158,1,122.76,122.76,0,-1.7215915073438957,-1.045281387549199
17880.0,425,1,458.92,458.92,0,-0.34672686723115076,-1.18915338275405
17881.0,131,1,133.35000000000002,133.35000000000002,0,-1.6777902436180245,-1.0447519671050787
17883.0,159,2,304.21999999999997,152.10999999999999,0,-1.5260292495013572,-0.7526054174183836
17884.0,182,4,717.45,179.3625,0,-1.2275050767292406,-0.07135002696032078
17886.0,122,2,726.54,363.27,0,-0.5649121720147365,-0.5838078556162865
17887.0,305,1,111.35,111.35,0,-1.7704129372216937,-1.0627061413538708
17888.0,31,4,473.32,118.33,0,-1.557789826453921,-0.2299280549281213
17889.0,36,1,102.02,102.02,0,-1.804958730348846,-1.0213205841696973
17892.0,157,1,142.1,142.1,0,-1.6422666398723007,-1.0512199446840265
17894.0,246,2,235.67000000000002,117.83500000000001,0,-1.6831542323319861,-0.7915818216701257
17897.0,517,2,434.62,217.31,0,-1.2343670529870776,-0.7532924146600418
17899.0,279,1,155.8,155.8,0,-1.5877696252615152,-1.0729670064733592
17900.0,308,2,112.19999999999999,56.099999999999994,0,-1.964854551274448,-0.8482478960638723
17901.0,60,1,110.38,110.38,0,-1.7710068464837967,-1.0273800390967225
17905.0,187,2,426.59000000000003,213.29500000000002,0,-1.2480740649035098,-0.7092301154531855
17906.0,189,1,72.9,72.9,0,-1.9264896503689692,-1.0340340534837749
17908.0,698,1,243.28,243.28,0,-1.234811717436775,-1.1603684619493622
17912.0,312,3,126.75,42.25,0,-2.0019514811325188,-0.6771103129921818
17913.0,1,1,193.54999999999998,193.54999999999998,0,-1.4291215915265587,-1.045099357377679
17914.0,182,1,336.43,336.43,0,-0.8456875658927778,-1.1159009683111107
17917.0,364,1,110.91,110.91,0,-1.7730322347287566,-1.0710014312767044
17919.0,2,1,1304.04,1304.04,0,3.124852908896581,-1.3944380247912405
17920.0,183,6,1856.23,309.37166666666667,0,-0.2280835121469743,1.258827573543365
17921.0,183,1,224.76,224.76,0,-1.3036468568065906,-1.0809290644404448
17923.0,311,1,207.50000000000003,207.50000000000003,0,-1.3761960171708976,-1.0937983536610956
17924.0,39,3,2076.7200000000003,692.2400000000001,0,1.2501372963853357,0.5729243262148042
17925.0,667,1,244.08,244.08,0,-1.2311028391585355,-1.1561887843082963
17928.0,159,1,78.25999999999999,78.25999999999999,0,-1.9040945627696355,-1.0314312198449613
17929.0,253,1,196.20000000000002,196.20000000000002,0,-1.4217348848917295,-1.0819543412746397
17930.0,184,2,749.88,374.94,0,-0.5126795215508531,-0.583633839849445
17932.0,6,2,986.07,493.035,0,0.027015093058771478,-0.46674481107142773
17934.0,1,1,638.45,638.45,0,0.3953607542921642,-1.1849990212223087
17936.0,243,1,389.84,389.84,0,-0.6275019985259787,-1.141415381086213
17937.0,122,3,2080.26,693.4200000000001,0,1.2548879357184577,0.5632585254797567
17939.0,279,1,99.14,99.14,0,-1.8201255922520496,-1.0551501600956636
17940.0,70,6,3623.94,603.99,0,1.6420647211083,2.7862203971325274
17941.0,337,1,304.56,304.56,0,-0.9785235351171238,-1.1280355812155867
17942.0,302,1,77.50000000000001,77.50000000000001,0,-1.9091863525870076,-1.0516331139105077
17947.0,303,1,176.68,176.68,0,-1.502474700331844,-1.0829633995692645
17949.0,4,21,14169.32,674.7295238095238,2,6.734246753737846,16.224555873342002
17950.0,455,2,263.17,131.585,0,-1.6234896435011876,-0.8108098385985657
17951.0,698,1,295.5,295.5,0,-1.02066366596756,-1.1767891417559853
17954.0,125,6,1149.04,191.50666666666666,0,-0.9748294535321782,0.6625315614022084
17955.0,220,3,394.1,131.36666666666667,0,-1.55532118333648,-0.49792425100933535
17956.0,251,1,12.75,12.75,0,-2.1740140406581663,-1.023982248239714
17957.0,245,1,111.68,111.68,0,-1.7682309246956638,-1.0542333185191617
17961.0,2,13,299.25,23.01923076923077,0,-1.920342184795501,0.946329628099975
17964.0,122,2,471.7,235.85,0,-1.1445694019276376,-0.6824736724988167
17965.0,10,10,1936.09,193.60899999999998,0,-0.5846298568815338,2.0786805680120404
17966.0,34,4,951.43,237.8575,0,-0.90690923140596,0.12247754587448545
17967.0,639,1,123.07,123.07,0,-1.7269638180484557,-1.114134546621146
17968.0,698,1,277.35,277.35,0,-1.0950946719837655,-1.1710818392188307
17970.0,5,1,582.59,582.59,0,0.1662302447004631,-1.1680055091870671
17972.0,7,1,136.04,136.04,0,-1.665046180260894,-1.0278728860562998
17974.0,250,1,172.77,172.77,0,-1.5177771111281806,-1.0741579029462711
17975.0,154,5,1606.56,321.312,0,-0.3030216618075702,0.8379476121802915
17976.0,667,1,353.19,353.19,0,-0.7836556178677268,-1.1904986344366117
17977.0,61,1,288.14,288.14,0,-1.0420478965562676,-1.0834199574480192
17978.0,455,1,300.91999999999996,300.91999999999996,0,-0.9950805641039617,-1.14375827373329
17979.0,244,1,253.17,253.17,0,-1.1879833362940688,-1.0985821789550037
17987.0,158,1,198.57,198.57,0,-1.4107036524629843,-1.0691199883944709
17988.0,338,1,13.370000000000001,13.370000000000001,0,-2.1726731400821326,-1.036613266795611
17994.0,38,3,371.24,123.74666666666667,0,-1.5908882635173913,-0.4861055839265043
17995.0,283,1,76.1,76.1,0,-1.9146651587334556,-1.0484769604168636
17997.0,65,4,1273.1,318.275,0,-0.46940034001250847,0.3554315344131459
17999.0,303,2,382.06,191.03,0,-1.3509638773350707,-0.7430521043170522
18004.0,364,1,169.47,169.47,0,-1.5328845921772967,-1.0894157363222012
18005.0,182,1,109.75,109.75,0,-1.775275469129883,-1.044621004723112
18008.0,37,1,162.5,162.5,0,-1.5569512066241034,-1.0404815801211331
18011.0,697,1,102.78999999999999,102.78999999999999,0,-1.8109307999139472,-1.1160481670448836
18013.0,157,2,187.29,93.645,0,-1.7919697619042352,-0.7975910502787597
18014.0,30,1,166.42,166.42,0,-1.5407790655014715,-1.0407136292916823
18015.0,213,1,120.03,120.03,0,-1.7335465762423068,-1.0522848097532504
18016.0,153,3,690.91,230.3033333333333,0,-1.0599608408716665,-0.30401590376890913
18017.0,312,1,165.0,165.0,0,-1.5504973088482954,-1.080577089817701
18022.0,244,1,668.11,668.11,0,0.5136365885744878,-1.2290608629641984
18024.0,65,2,389.78,194.89,0,-1.3301167589160587,-0.706042688178618
18027.0,305,1,115.31,115.31,0,-1.7541734449999762,-1.0639513709983408
18030.0,213,1,109.55,109.55,0,-1.7765238182836196,-1.0489893535224308
18032.0,101,1,73.5,73.5,0,-1.9228136630333883,-1.0216437230834636
18033.0,214,1,97.97,97.97,0,-1.824025842411647,-1.0454909433676762
18035.0,244,1,239.56,239.56,0,-1.2437963386015376,-1.0943024881819639
18036.0,129,2,261.88,130.94,0,-1.6219211480259994,-0.7647098018861521
18037.0,126,2,40.5,20.25,0,-2.125429066675618,-0.8499921578999277
18040.0,129,1,239.0,239.0,0,-1.244504449561596,-1.0776879271550768
18041.0,67,11,2012.22,182.92909090909092,0,-0.5832732755031285,2.3048412893903194
18043.0,486,1,316.46,316.46,0,-0.9317810325582453,-1.153076095917447
18044.0,213,4,747.37,186.8425,0,-1.1871987173477403,-0.05370097885283387
18055.0,278,5,2511.4900000000002,502.29800000000006,0,0.7620146507701304,1.5515323147130693
18059.0,276,1,124.08,124.08,0,-1.717808162234845,-1.0625637616417944
18061.0,34,5,1213.91,242.782,0,-0.7642276406042924,0.5377848294588644
18062.0,193,2,485.92,242.96,0,-1.1132053460531177,-0.687117114959415
18065.0,96,10,1450.76,145.076,0,-0.9806635161807684,1.606069708090058
18069.0,2,2,1092.41,546.205,0,0.26895053982878503,-0.42500162496579175
18071.0,455,1,258.95,258.95,0,-1.1671945763629228,-1.1305607262134898
18072.0,158,1,247.44,247.44,0,-1.2102935552722427,-1.0844872542341812
18073.0,157,4,1470.18,367.545,0,-0.20235682178624836,0.4877213690030827
18074.0,698,1,489.6,489.6,0,-0.22468249419094943,-1.237824261450844
18075.0,31,3,635.49,211.83,0,-1.1505960601727512,-0.32099492072855007
18077.0,33,4,1051.81,262.9525,0,-0.7702332422999099,0.19669867217763493
18078.0,189,1,138.19,138.19,0,-1.658743072804338,-1.05456462002101
18079.0,217,1,593.35,593.35,0,0.20742758433985542,-1.2016929702585828
18080.0,37,1,841.4999999999999,841.4999999999999,0,1.2275475859380738,-1.253994440877491
18081.0,275,1,135.4,135.4,0,-1.671372367394102,-1.0659804142946394
18085.0,698,1,303.9,303.9,0,-0.986216258224523,-1.1794305379715277
18086.0,69,1,101.34,101.34,0,-1.8082031268524363,-1.0258238824414723
18087.0,305,1,852.8,852.8,0,1.270185928382469,-1.2958565251650662
18088.0,92,1,167.67000000000002,167.67000000000002,0,-1.5365093087165627,-1.049969172575516
18092.0,3,6,5253.7,875.6166666666667,0,3.3657552422825656,4.189102430457013
18093.0,33,3,1841.92,613.9733333333334,0,0.8590833363664607,0.4279615794474244
18094.0,220,1,633.0,633.0,0,0.3699861145753618,-1.214589818898392
18095.0,40,1,374.75,374.75,0,-0.6865804649066649,-1.1076528319517338
18096.0,154,1,148.66,148.66,0,-1.6153234187023604,-1.0528539197490057
18097.0,217,4,1715.9,428.975,0,0.1313495249700427,0.6604806123792281
18099.0,247,1,168.31,168.31,0,-1.5360256082116062,-1.0723266177380029
18102.0,90,29,135953.04,4688.035862068966,3,76.04425972762037,144.26866641567014
18104.0,303,1,754.64,754.64,0,0.8676709876640853,-1.2647040372758105
18105.0,303,1,113.48000000000002,113.48000000000002,0,-1.7616504347794573,-1.0630900375666108
18109.0,5,15,4589.75,305.98333333333335,0,1.050659448953451,5.493141781099177
18113.0,547,1,76.32000000000001,76.32000000000001,0,-1.9174093393543727,-1.0862831445172492
18116.0,276,3,504.25,168.08333333333334,0,-1.3726035065583309,-0.4375214138073467
18118.0,30,12,2385.45,198.7875,0,-0.35049404411877616,2.830677777858681
18119.0,517,1,181.12,181.12,0,-1.4872225581874647,-1.1149494108395728
18120.0,97,1,111.15,111.15,0,-1.7683602123703428,-1.0329110654657254
18121.0,126,1,649.85,649.85,0,0.44038430451697863,-1.206451673170259
18122.0,4,3,759.42,253.14,0,-0.943776850950987,-0.2401698542084385
18123.0,122,1,323.47999999999996,323.47999999999996,0,-0.8979652646557403,-1.1032522238404008
18125.0,61,1,197.85,197.85,0,-1.4123165209751762,-1.0550280926502407
18126.0,62,1,206.82999999999998,206.82999999999998,0,-1.375504413770246,-1.057994814184957
18129.0,68,1,112.55000000000001,112.55000000000001,0,-1.7622184290178524,-1.0292059453819706
18130.0,30,1,455.90999999999997,455.90999999999997,0,-0.3536147717476795,-1.1317443186294704
18133.0,36,1,931.4999999999999,931.4999999999999,0,1.5966407666385984,-1.2821521714159179
18135.0,60,4,558.26,139.565,0,-1.4425489593501974,-0.17138959746519855
18136.0,6,2,495.34000000000003,247.67000000000002,0,-1.08919583315045,-0.6567396169055358
18142.0,128,2,1019.52,509.76,0,0.10141515525328781,-0.47123312182082394
18144.0,36,5,1202.85,240.57,0,-0.7772930067791816,0.5285609204154308
18146.0,281,1,76.65,76.65,0,-1.9123820496524093,-1.0483640225795372
18149.0,38,2,549.68,274.84,0,-0.9660364450402303,-0.6402751064267236
18150.0,153,1,153.3,153.3,0,-1.5962815147810807,-1.0541700335066333
18154.0,182,1,178.7,178.7,0,-1.4925196639057856,-1.0663024653256905
18156.0,578,1,206.23000000000002,206.23000000000002,0,-1.3850919478597075,-1.13156483398374
18158.0,2,1,343.8,343.8,0,-0.8129779019574765,-1.0924887031230737
18159.0,39,1,530.15,530.15,0,-0.049289609635349896,-1.156375718739742
18161.0,184,2,630.22,315.11,0,-0.7848572963561338,-0.6299623269321776
18164.0,303,1,399.65000000000003,399.65000000000003,0,-0.5881010688479134,-1.1530767464953988
18167.0,244,1,390.6,390.6,0,-0.6243991403267344,-1.1417973077528627
18168.0,70,2,457.65,228.825,0,-1.1758092055030418,-0.6804803323201292
18169.0,62,1,202.65,202.65,0,-1.392646100004281,-1.0566804051157943
18170.0,183,2,629.01,314.505,0,-0.7875957416226208,-0.630287856650667
18171.0,1,3,787.34,262.44666666666666,0,-0.8972254474387436,-0.22240156236738773
18172.0,5,10,3418.6,341.86,0,0.6215523308602366,3.485501767820328
18173.0,69,1,853.48,853.48,0,1.2762341659866154,-1.262335757388876
18174.0,302,1,104.0,104.0,0,-1.8005129829214734,-1.0599660900666836
18177.0,122,2,627.77,313.885,0,-0.7895737031656439,-0.6220484094284333
18178.0,250,4,1590.81,397.7025,0,-0.0394098356273207,0.5634498792590833
18179.0,163,2,545.8,272.9,0,-0.9765883682565515,-0.6596452170471324
18180.0,2,3,940.75,313.5833333333333,0,-0.641684313027997,-0.12727061937005857
18183.0,69,1,312.8,312.8,0,-0.9410306457402153,-1.0923178876484523
18185.0,251,1,304.25,304.25,0,-0.9786069743372903,-1.1156449859576498
18196.0,216,1,238.35,238.35,0,-1.2483716689657598,-1.0899195917593376
18198.0,122,7,2158.83,308.4042857142857,0,-0.08809399767690806,1.7348042587456058
18202.0,343,1,485.73,485.73,0,-0.23564963812430073,-1.1858624966472673
18203.0,218,1,160.42000000000002,160.42000000000002,0,-1.5679810174701654,-1.06570023922063
18205.0,275,1,291.6,291.6,0,-1.030814618648576,-1.1150978058265144
18209.0,30,1,139.10000000000002,139.10000000000002,0,-1.6528151583038257,-1.0321228025525606
18210.0,61,2,499.27000000000004,249.63500000000002,0,-1.0810163448166397,-0.6630799238153301
18211.0,191,1,137.9,137.9,0,-1.6599599525980995,-1.054759315360246
18215.0,32,1,299.34000000000003,299.34000000000003,0,-0.9957174708369003,-1.0827964662823977
18216.0,122,1,481.75,481.75,0,-0.24891869043068005,-1.1530205308682488
18217.0,61,1,303.85,303.85,0,-0.9776230423130395,-1.0883599972749447
18218.0,6,2,662.08,331.04,0,-0.7099302291805978,-0.5921832744671702
18219.0,97,3,680.1800000000001,226.7266666666667,0,-1.0770617209960482,-0.3026748535731294
18221.0,6,3,708.81,236.26999999999998,0,-1.028112120129454,-0.27188662112651774
18222.0,124,1,443.0,443.0,0,-0.40785548710506203,-1.1411214049634648
18223.0,191,4,1505.88,376.47,0,-0.1542227274945931,0.5092070975571997
18225.0,162,3,799.1,266.3666666666667,0,-0.8798590252799451,-0.23811197637512638
18226.0,33,5,2251.38,450.276,0,0.45877589312494216,1.376348238558963
18227.0,189,1,93.75,93.75,0,-1.840986263292502,-1.0405903762330682
18229.0,1,7,2397.7400000000002,342.5342857142858,0,0.1453439939268908,1.9643300113718785
18230.0,61,4,1697.92,424.48,0,0.10902536104195293,0.6695109157595783
18232.0,218,1,129.64000000000001,129.64000000000001,0,-1.6942061615571518,-1.0560214088022493
18235.0,33,2,749.8,374.9,0,-0.5107758731810826,-0.5620803901366123
18236.0,61,4,626.49,156.6225,0,-1.3496711560910888,-0.12118033471573375
18237.0,3,4,663.72,165.93,0,-1.29818333963874,-0.08541472620473134
18239.0,220,2,904.8100000000001,452.40500000000003,0,-0.16077409148879507,-0.5287959031410703
18241.0,31,5,900.73,180.14600000000002,0,-1.1333688517797198,0.28512053683633687
18242.0,67,1,314.26,314.26,0,-0.9350157341536738,-1.0924911010678098
18245.0,6,3,1395.63,465.21000000000004,0,0.11601308886009032,0.15465669754714273
18248.0,94,2,804.02,402.01,0,-0.38828998493587186,-0.549807692568246
18250.0,312,1,349.27,349.27,0,-0.7948278058947866,-1.138521147036514
18255.0,32,1,103.3,103.3,0,-1.799654353449403,-1.0211513098425207
18257.0,276,2,532.38,266.19,0,-1.0086741625118463,-0.6809935891392225
18259.0,486,1,376.30000000000007,376.30000000000007,0,-0.6863842612078462,-1.1718928994338838
18260.0,101,1,557.07,557.07,0,0.06024978485953114,-1.173703243077502
18261.0,216,1,224.8,224.8,0,-1.3039386183607782,-1.0856587681021233
18263.0,157,2,811.4,405.7,0,-0.3723736476327677,-0.5559558165063692
18265.0,248,1,488.55,488.55,0,-0.22277300885217866,-1.1731696471357882
18269.0,486,1,168.6,168.6,0,-1.5381374264731842,-1.1065812334852894
18270.0,334,1,171.20000000000002,171.20000000000002,0,-1.525375705781204,-1.0856714421759568
18272.0,4,3,1761.3600000000001,587.12,0,0.7252846380781381,0.38207587642242136
18273.0,152,2,153.0,76.5,0,-1.8698964889929885,-0.8101523147429801
18274.0,91,1,175.92,175.92,0,-1.5026632212295254,-1.0524204578019662
18277.0,1,1,110.38,110.38,0,-1.7701919370013692,-1.0189463903245033
18280.0,161,1,180.60000000000002,180.60000000000002,0,-1.4844379358172168,-1.0638981168033799
18281.0,5,1,80.82,80.82,0,-1.8914692533023705,-1.0102229640593532
18282.0,217,2,178.05,89.025,0,-1.8138157209113772,-0.8097450718062865
18283.0,61,5,565.65,113.13,0,-1.528782003774316,0.010040864026108598
18287.0,1,1,1001.3199999999999,1001.3199999999999,0,1.8834477599726311,-1.2991041932144438
