CustomerID,Recency,Frequency,Monetary,AveragePurchase,Cluster,PCA1,PCA2
12347.0,96.0,7,4310.0,615.7142857142857,0,1.2192830118842148,0.30215586107102355
12348.0,221.0,4,1797.24,449.31,0,-0.20141700713357846,-0.5576903603197096
12350.0,312.0,1,334.4,334.4,0,-1.1169859753380362,-1.1044935348946532
12352.0,275.0,8,2506.04,313.255,0,-0.34319995825018645,0.33547181846526564
12355.0,97.0,1,459.4,459.4,0,-0.6514660551349652,-1.3300313335652767
12356.0,129.0,3,2811.43,937.1433333333333,0,1.7221819752177616,-1.371928897105649
12357.0,183.0,1,6207.67,6207.67,0,20.252179949095865,-12.786910964048673
12358.0,4.0,2,1168.06,584.03,0,0.013536720811444747,-1.2572837415466036
12359.0,10.0,4,6372.58,1593.145,0,5.056135836047078,-1.3970050144962676
12362.0,31.0,10,5226.23,522.6229999999999,0,1.269774294935797,1.1206681995187617
12363.0,37.0,2,552.0,276.0,0,-1.2060440712946203,-0.7745168846232298
12364.0,302.0,4,1313.1,328.275,0,-0.7607095224146757,-0.4752629920399645
12367.0,213.0,1,168.9,168.9,0,-1.7139522182308424,-0.7641316921357706
12370.0,69.0,4,3545.69,886.4225,0,1.8113436147462632,-0.8706653353131751
12371.0,31.0,2,1887.96,943.98,0,1.4353718219486673,-1.828557848112279
12372.0,36.0,3,1298.04,432.68,0,-0.4274271013671287,-0.773408554035671
12373.0,343.0,1,364.6,364.6,0,-1.008706613129124,-1.1680094149991183
12375.0,305.0,2,457.5,228.75,0,-1.4064040027966462,-0.7290761279125635
12378.0,306.0,1,4008.62,4008.62,0,12.247434929525264,-8.420948386656493
12380.0,158.0,4,2724.81,681.2025,0,0.8654813597094946,-0.725645985891043
12381.0,1.0,5,1845.31,369.062,0,-0.4194787507477138,-0.2511141486094229
12383.0,10.0,5,1850.56,370.11199999999997,0,-0.4147845158013519,-0.25245189592793893
12384.0,30.0,2,585.27,292.635,0,-1.139917643862393,-0.8000206522017789
12386.0,193.0,2,401.9,200.95,0,-1.5106637360112773,-0.6729940492112328
12388.0,99.0,6,2780.66,463.4433333333333,0,0.20720264845752245,-0.03291373692690813
12393.0,40.0,4,1582.6000000000001,395.65000000000003,0,-0.43841721438738523,-0.49754259468311224
12394.0,154.0,2,1272.48,636.24,0,0.21239094225453203,-1.3560426613077172
12395.0,6.0,12,3018.63,251.5525,0,-0.2838891075148653,1.0040934167429154
12397.0,244.0,2,2409.9,1204.95,0,2.4564553384407404,-2.263789909897727
12399.0,3.0,4,1108.65,277.1625,0,-0.9800628293836517,-0.4041949153072685
12401.0,100.0,1,84.3,84.3,0,-2.015956324467181,-0.5833564906749396
12406.0,96.0,2,3415.3,1707.65,0,4.451547643572924,-3.0414128594052894
12407.0,187.0,5,1708.1200000000001,341.624,0,-0.563423565787554,-0.261989926538497
12408.0,153.0,5,2888.55,577.71,0,0.5959937719788944,-0.3388671695020547
12409.0,66.0,3,11072.67,3690.89,0,13.485221699118243,-4.577011000062737
12410.0,253.0,2,693.3299999999999,346.66499999999996,0,-0.9375552500412222,-0.9095970692041657
12413.0,193.0,3,758.1,252.70000000000002,0,-1.203961995275418,-0.5805667028865051
12414.0,189.0,3,562.41,187.47,0,-1.482324205046671,-0.504047918362619
12415.0,71.0,21,124914.53,5948.310952380953,2,57.422383662918456,38.218107160814775
12417.0,182.0,9,3649.1,405.4555555555555,0,0.35165273774782135,0.6653885457977456
12420.0,154.0,1,600.39,600.39,0,-0.1415274179949465,-1.617011756656427
12422.0,216.0,3,803.5600000000001,267.85333333333335,0,-1.1404117226734105,-0.6007442277716304
12423.0,90.0,8,1859.31,232.41375,0,-0.8070630776220313,0.28314367369272386
12427.0,62.0,3,825.8,275.26666666666665,0,-1.1009732006576973,-0.5926328063176178
12428.0,33.0,9,7956.46,884.0511111111111,0,3.312197832050409,1.308019305659708
12429.0,455.0,4,3750.4,937.6,0,2.026599927956311,-0.9512497330254546
12431.0,3.0,15,6487.45,432.49666666666667,0,1.4816308964640346,2.210124523907602
12433.0,90.0,7,13375.87,1910.8385714285716,0,8.390620665623318,0.9293641148270696
12436.0,336.0,1,509.01,509.01,0,-0.4830953061328804,-1.4548362077363657
12437.0,10.0,18,4951.41,275.0783333333333,0,0.5384554563257484,2.1637804196770296
12441.0,486.0,1,173.55,173.55,0,-1.7108306238887785,-0.8030998391706724
12442.0,182.0,1,172.06,172.06,0,-1.700892365722894,-0.7670513317394919
12444.0,1.0,5,5005.46,1001.092,0,2.6798195368242848,-0.46682856762805336
12447.0,68.0,1,476.49,476.49,0,-0.5878401165582634,-1.3609098234492079
12449.0,93.0,4,4067.29,1016.8225,0,2.408289887120513,-0.9715785499708001
12450.0,187.0,2,197.88,98.94,0,-1.9136959231686732,-0.5112744475072251
12451.0,215.0,5,9035.52,1807.104,0,6.621465802219356,-0.7652111866734534
12455.0,187.0,6,2466.86,411.1433333333334,0,-0.07026647417637732,-0.04621562512301636
12457.0,245.0,7,2363.23,337.6042857142857,0,-0.32812465630569954,0.1513976346291076
12461.0,126.0,2,826.88,413.44,0,-0.6671189944316211,-1.0012100297907742
12462.0,100.0,2,1189.59,594.795,0,0.05125041229822869,-1.2847276255657554
12463.0,7.0,4,1344.78,336.195,0,-0.709476522250552,-0.4491316181630415
12464.0,284.0,8,1212.05,151.50625,0,-1.2904607081420547,0.18951345043885548
12468.0,219.0,2,729.5400000000001,364.77000000000004,0,-0.8642526051337478,-0.9344837302716829
12471.0,152.0,30,19824.05,660.8016666666666,0,6.785975185081313,8.195284687500346
12472.0,153.0,7,6572.11,938.8728571428571,0,3.00571531248919,0.45229081419813866
12473.0,61.0,5,3938.5499999999997,787.7099999999999,0,1.6304227680147374,-0.40052960686033867
12474.0,4.0,18,7375.79,409.7661111111111,0,1.7536011618010372,2.8408007428370374
12476.0,220.0,11,6816.42,619.6745454545454,0,2.1080564275403417,1.5926958399507272
12477.0,39.0,6,13219.74,2203.29,0,9.292813823818221,0.09755864798860192
12478.0,182.0,1,680.99,680.99,0,0.15022173936858607,-1.7805713870478668
12480.0,30.0,4,3281.63,820.4075,0,1.5104960003407313,-0.8166562092630687
12481.0,163.0,10,5596.32,559.632,0,1.5031752902764288,1.1700115153152129
12483.0,36.0,8,2484.98,310.6225,0,-0.3465354075941509,0.3591201781090514
12484.0,153.0,6,4541.72,756.9533333333334,0,1.7366947391998302,-0.017880939539337892
12489.0,163.0,1,334.93,334.93,0,-1.1075308883973114,-1.0893348678501382
12490.0,97.0,10,5417.93,541.793,0,1.3907917494869153,1.1464854533308584
12491.0,334.0,1,460.40000000000003,460.40000000000003,0,-0.6598017988677224,-1.357813094162394
12492.0,154.0,2,263.21000000000004,131.60500000000002,0,-1.782875304129186,-0.5592591539684032
12494.0,338.0,7,1246.1000000000001,178.01428571428573,0,-1.2164642992968762,0.06407093143848497
12500.0,71.0,11,4257.82,387.07454545454544,0,0.533112784647024,1.112553586118115
12501.0,163.0,1,2169.39,2169.39,0,5.564889250376423,-4.742611351179872
12502.0,189.0,5,3723.87,744.774,0,1.4134102008821463,-0.3998043068055649
12504.0,91.0,2,482.04999999999995,241.02499999999998,0,-1.3470590528439477,-0.7251700645072537
12507.0,157.0,3,1304.81,434.93666666666667,0,-0.42390282397035584,-0.7892078970599969
12508.0,61.0,2,398.27,199.135,0,-1.511171516156761,-0.655764079521003
12512.0,245.0,2,138.03,69.015,0,-2.034945886716308,-0.4703365046858138
12516.0,5.0,2,1312.06,656.03,0,0.2981655635757976,-1.3710755451250323
12517.0,30.0,5,2502.84,500.56800000000004,0,0.22392482796316826,-0.29915345689155276
12518.0,1.0,5,2056.89,411.378,0,-0.21197292612404617,-0.26555677214816686
12519.0,154.0,1,340.84,340.84,0,-1.0855799713451002,-1.1001250917805332
12520.0,38.0,5,2634.26,526.8520000000001,0,0.3524100578493148,-0.3089948516367722
12523.0,10.0,11,1789.77,162.70636363636365,0,-0.9902721762589721,0.6404014668843551
12524.0,71.0,8,4485.72,560.715,0,1.1156279819898893,0.5794749371332087
12526.0,90.0,3,1316.66,438.8866666666667,0,-0.4036495998738152,-0.7865242052869306
12528.0,130.0,6,1933.48,322.24666666666667,0,-0.5314571463890795,-0.046345718386123
12530.0,31.0,4,1662.28,415.57,0,-0.34658737528528094,-0.5115798322559103
12532.0,91.0,1,349.83000000000004,349.83000000000004,0,-1.0496982454008417,-1.1111727825501607
12534.0,337.0,1,1089.18,1089.18,0,1.6270871545207406,-2.6103375775506636
12535.0,93.0,2,716.35,358.175,0,-0.8839630459847805,-0.91035939228979
12536.0,31.0,3,12601.830000000002,4200.610000000001,0,15.663745772098585,-5.16773372533999
12538.0,61.0,1,363.95,363.95,0,-0.9968244696788449,-1.1360277795851799
12539.0,71.0,4,5568.35,1392.0875,0,4.13078194601156,-1.252076595857337
12540.0,40.0,17,13400.24,788.2494117647059,0,4.8939356059131,4.342455433519447
12541.0,61.0,3,981.18,327.06,0,-0.879739592340313,-0.6529351218462148
12544.0,275.0,1,372.7,372.7,0,-0.9758094593286722,-1.176740596414064
12547.0,252.0,2,207.79999999999998,103.89999999999999,0,-1.8973684152638184,-0.5261792277353847
12552.0,334.0,2,437.82,218.91,0,-1.4467752341427274,-0.7166952271199197
12553.0,1.0,10,3692.28,369.228,0,0.27624914350756424,0.8598776686799804
12556.0,34.0,2,603.71,301.855,0,-1.103664946156716,-0.8150136689745899
12557.0,40.0,5,11990.960000000001,2398.192,0,9.528836807178594,-0.9479084722230713
12558.0,302.0,1,269.96,269.96,0,-1.3508662465488648,-0.9750748547669755
12559.0,312.0,2,561.71,280.855,0,-1.2007407173147537,-0.8121080312535988
12560.0,243.0,3,2134.01,711.3366666666667,0,0.7521169211079739,-1.120956109925801
12561.0,70.0,1,238.85,238.85,0,-1.4523011961466015,-0.8878739587117767
12562.0,217.0,7,3781.7400000000002,540.2485714285715,0,0.7953205481598333,0.25247985796821903
12567.0,127.0,10,9401.28,940.128,0,3.9731905573893402,1.8289172511019816
12569.0,1.0,32,4124.69,128.8965625,0,0.10086394783200081,3.1535525956414876
12571.0,64.0,2,519.61,259.805,0,-1.2714411721370538,-0.7518842420174321
12572.0,333.0,2,1020.42,510.21,0,-0.2949594638477313,-1.176528812617502
12576.0,131.0,5,1315.83,263.166,0,-0.9453305806873451,-0.22911798310747172
12577.0,244.0,3,657.8,219.26666666666665,0,-1.3493152959238992,-0.5471202646542604
12580.0,160.0,1,415.7,415.7,0,-0.8135973057441583,-1.2498596353294875
12583.0,1.0,15,7281.38,485.42533333333336,0,1.908858556598481,2.410630417341176
12584.0,158.0,9,2338.15,259.7944444444445,0,-0.54588917726458,0.47734959973497604
12587.0,302.0,1,144.0,144.0,0,-1.809016351037346,-0.724228989585825
12589.0,30.0,2,646.68,323.34,0,-1.0185137576967247,-0.8485017080002344
12590.0,6.0,2,9864.26,4932.13,0,17.20530141917475,-8.122848351220547
12592.0,67.0,2,437.6,218.8,0,-1.4337215796527425,-0.6874666631587733
12593.0,220.0,3,418.09999999999997,139.36666666666665,0,-1.6893152635698627,-0.4513141689090763
12594.0,64.0,10,3338.2200000000003,333.822,0,0.04339525699012303,0.792073909867124
12596.0,37.0,2,618.27,309.135,0,-1.075032256668357,-0.8268347411248361
12597.0,96.0,4,3811.22,952.805,0,2.114483219280265,-0.9236456624524926
12598.0,30.0,8,3023.08,377.885,0,0.047492813356009744,0.4200619665070865
12599.0,34.0,7,1032.58,147.51142857142855,0,-1.369999217465908,0.08239547019868765
12600.0,30.0,10,2599.04,259.904,0,-0.4343774321148085,0.668530869193171
12601.0,40.0,5,577.0600000000001,115.412,0,-1.6652776255280939,-0.16878633965444273
12602.0,1.0,1,153.12,153.12,0,-1.7606382510394016,-0.7096364638040149
12607.0,62.0,1,1579.51,1579.51,0,3.424440833868839,-3.556890806095661
12609.0,188.0,3,1126.85,375.6166666666666,0,-0.6787945837066052,-0.7233911594279226
12610.0,217.0,5,2099.54,419.908,0,-0.1810563033976651,-0.2919731687437118
12614.0,161.0,1,315.6,315.6,0,-1.1777382142583623,-1.050622066538028
12615.0,152.0,4,2291.19,572.7975,0,0.3685191592469439,-0.6432723736953023
12616.0,216.0,2,713.3,356.65,0,-0.8962065538430539,-0.9213363566438042
12617.0,61.0,1,355.53,355.53,0,-1.0274502546883162,-1.1192595818650681
12619.0,183.0,9,3641.24,404.5822222222222,0,0.3462136002629568,0.6641366512388437
12621.0,6.0,20,13689.67,684.4835,0,4.708960790440532,4.924674937011491
12623.0,130.0,1,305.1,305.1,0,-1.2143634238916705,-1.026338192975867
12625.0,6.0,2,2683.82,1341.91,0,3.0100022760480325,-2.4541410999998594
12626.0,184.0,9,6620.48,735.6088888888888,0,2.388655147684282,1.0972968009517734
12627.0,184.0,7,4478.53,639.79,0,1.348143291345259,0.3042270713779256
12628.0,183.0,3,786.46,262.15333333333336,0,-1.1630864071519815,-0.590504761974571
12633.0,1.0,4,2163.98,540.995,0,0.2302660683445985,-0.6028663940493085
12635.0,32.0,2,1689.18,844.59,0,1.042345167239192,-1.6717367823437836
12637.0,93.0,8,6021.9,752.7375,0,2.2385318662399243,0.7491949251188771
12638.0,183.0,1,671.69,671.69,0,0.11634464069523709,-1.7621595133854044
12643.0,40.0,6,3344.64,557.4399999999999,0,0.7008772296935859,-0.019797235221817422
12644.0,306.0,1,477.91,477.91,0,-0.5946987273382343,-1.3896368222412834
12645.0,183.0,4,1775.18,443.795,0,-0.2247951780568287,-0.5493977470282894
12646.0,213.0,2,1346.97,673.485,0,0.356672580950808,-1.4212702885683481
12647.0,32.0,12,3722.82,310.235,0,0.13261761877878442,1.1506985310461815
12648.0,126.0,1,318.05,318.05,0,-1.1670587449322027,-1.0516924816028306
12649.0,36.0,3,623.51,207.83666666666667,0,-1.3876190772733268,-0.5111539324587021
12650.0,182.0,1,314.44,314.44,0,-1.1830183431993153,-1.0505971739472737
12651.0,101.0,1,114.0,114.0,0,-1.9079800246406033,-0.6426120411317597
12652.0,10.0,1,919.98,919.98,0,1.0281813641850128,-2.23779637671101
12654.0,303.0,5,601.98,120.396,0,-1.6541239891443515,-0.19910700169902473
12659.0,61.0,1,91.68,91.68,0,-1.9871430545397437,-0.5938095856119199
12662.0,90.0,11,3849.78,349.98,0,0.27978387042040564,1.0313281638058962
12664.0,1.0,9,4881.88,542.4311111111111,0,1.2059596667820083,0.864367333890475
12667.0,1.0,1,620.13,620.13,0,-0.06199836300220174,-1.6396739955462274
12669.0,4.0,3,2744.0299999999997,914.6766666666666,0,1.6325531018932877,-1.3321215684695464
12670.0,61.0,5,2996.05,599.21,0,0.7060715074617236,-0.3361937873818144
12673.0,243.0,2,610.52,305.26,0,-1.1007604621631195,-0.8431332610555398
12674.0,93.0,4,1970.6,492.65,0,0.003854638351518447,-0.5764331210922183
12676.0,125.0,6,1331.39,221.89833333333334,0,-1.055056328628757,-0.0529502341181306
12678.0,219.0,12,17628.46,1469.0383333333332,0,8.373866507589208,4.081230908720442
12679.0,1.0,4,1113.02,278.255,0,-0.9749503771224295,-0.4048008526797049
12680.0,32.0,4,862.81,215.7025,0,-1.2634514663433674,-0.3610193036712521
12681.0,34.0,22,13787.54,626.7063636363637,0,4.590835864320082,5.240675763349612
12682.0,3.0,31,12288.22,396.3941935483871,0,3.5516325012623295,5.808178835958542
12683.0,6.0,15,8476.57,565.1046666666666,0,2.5516065627992583,2.71160221800218
12684.0,67.0,7,2283.63,326.23285714285714,0,-0.3820952661893102,0.16526628504865792
12685.0,30.0,6,2863.08,477.18,0,0.2823984443156191,-0.02442659934321334
12686.0,639.0,1,89.14,89.14,0,-2.0255817117274275,-0.6516490793117947
12689.0,247.0,2,1247.61,623.805,0,0.1585261742559707,-1.3465289023148277
12691.0,1.0,6,1035.8,172.63333333333333,0,-1.3059717041661487,-0.04296612133251099
12693.0,6.0,4,855.91,213.9775,0,-1.2700507307975797,-0.3568896047212522
12694.0,95.0,2,869.67,434.835,0,-0.5809596413352835,-1.0316178309897837
12695.0,245.0,4,582.1,145.525,0,-1.5961237087073434,-0.3312948778639855
12697.0,30.0,3,957.59,319.19666666666666,0,-0.9117538156498799,-0.6403900090359986
12700.0,128.0,4,4939.99,1234.9975,0,3.4073137511383798,-1.1398576293488136
12701.0,37.0,2,797.71,398.855,0,-0.720290140831074,-0.96849637037862
12704.0,244.0,8,2340.84,292.605,0,-0.46250989065751635,0.32033617895380573
12705.0,129.0,9,6868.29,763.1433333333333,0,2.5613260021581152,1.1393207388787112
12708.0,61.0,10,2712.91,271.291,0,-0.36207847624489353,0.6847591098720117
12709.0,1.0,15,9736.52,649.1013333333334,0,3.2297000097677233,3.0299995098410912
12710.0,246.0,3,1149.02,383.00666666666666,0,-0.6501657411218853,-0.7383223158977761
12712.0,10.0,13,4396.13,338.1638461538462,0,0.4617302609393694,1.4336075315980774
12713.0,90.0,1,848.55,848.55,0,0.7643298864477421,-2.1042510847372236
12716.0,182.0,2,1053.49,526.745,0,-0.22195368394551507,-1.186204638646259
12717.0,34.0,2,1030.98,515.49,0,-0.25897778702945473,-1.1523284501341098
12719.0,215.0,2,644.95,322.475,0,-1.031279884664192,-0.8672675928170963
12720.0,4.0,25,5781.73,231.26919999999998,0,0.8107357745530239,3.101506318388264
12721.0,95.0,6,2656.13,442.68833333333333,0,0.09905670046742987,-0.03395700250568101
12722.0,4.0,4,997.63,249.4075,0,-1.1074284981594673,-0.38338073478143614
12723.0,182.0,5,725.07,145.014,0,-1.5272914021300217,-0.19434203204719502
12724.0,40.0,4,1031.41,257.8525,0,-1.0705090661961802,-0.39366447777332325
12725.0,639.0,1,427.8,427.8,0,-0.7937849954201147,-1.326081126805034
12726.0,30.0,7,2609.1,372.7285714285714,0,-0.12278175591305951,0.19178631749810215
12727.0,216.0,7,3980.7,568.6714285714286,0,0.9527469210239401,0.2663390899510726
12728.0,40.0,4,836.33,209.0825,0,-1.2942222657296618,-0.356899400310449
12731.0,36.0,12,18895.91,1574.6591666666666,0,9.135133301481172,4.370107377130471
12735.0,193.0,2,779.5699999999999,389.78499999999997,0,-0.7640328015024356,-0.9711513581739868
12736.0,40.0,1,234.0,234.0,0,-1.46842636836162,-0.8749507240662115
12738.0,666.0,1,155.35,155.35,0,-1.7861223021126809,-0.7864426018942662
12739.0,335.0,2,1013.04,506.52,0,-0.3096503192018639,-1.1709201992606348
12740.0,154.0,1,427.6,427.6,0,-0.7700107186821861,-1.272905238359738
12744.0,221.0,7,21279.29,3039.8985714285714,0,14.635548062086107,1.4613254645290064
12747.0,152.0,11,4196.01,381.4554545454546,0,0.49079181669398686,1.091748333690012
12748.0,5.0,209,33719.73,161.3384210526316,2,13.48677937909716,27.654432429560256
12749.0,67.0,5,4090.88,818.176,0,1.7795163939026986,-0.4115806957142275
12750.0,278.0,1,275.88,275.88,0,-1.3281211713644876,-0.9842526967010099
12753.0,100.0,6,21429.39,3571.565,0,16.432584135702836,0.18839381671389432
12754.0,161.0,3,3010.74,1003.5799999999999,0,2.0042827141815125,-1.4529020773266987
12755.0,252.0,2,3811.95,1905.975,0,5.227819930673222,-3.3715301030977636
12757.0,5.0,13,7857.1,604.3923076923077,0,2.441824724902804,2.2219303219969873
12758.0,130.0,2,2791.59,1395.795,0,3.2167927413404196,-2.552715413749063
12759.0,99.0,3,1531.44,510.48,0,-0.0983654121179679,-0.8710092059339383
12762.0,302.0,2,1898.52,949.26,0,1.442557651063367,-1.8663847610076516
12763.0,578.0,2,494.08,247.04,0,-1.347879232619643,-0.7876625639706658
12766.0,101.0,7,6989.63,998.5185714285715,0,3.3385974613944334,0.48680485146592034
12772.0,31.0,1,892.47,892.47,0,0.9270592595909044,-2.185296186029407
12775.0,280.0,5,1386.04,277.20799999999997,0,-0.8839998770541915,-0.250124722452091
12778.0,96.0,6,822.23,137.03833333333333,0,-1.4965887870311998,-0.055839717196723315
12779.0,221.0,8,3981.36,497.67,0,0.7390124115767442,0.5066433389547459
12781.0,154.0,2,826.74,413.37,0,-0.668810298903016,-1.0041464585458935
12782.0,213.0,5,2330.92,466.184,0,0.04607032940217426,-0.307332077322163
12783.0,152.0,6,2225.91,370.98499999999996,0,-0.27813820538593037,-0.04526773215274604
12785.0,425.0,1,311.95,311.95,0,-1.2043512616508556,-1.0720816145101193
12787.0,93.0,3,463.66,154.55333333333334,0,-1.618044786528297,-0.45520760619752065
12789.0,215.0,1,91.85,91.85,0,-1.9943046499960206,-0.6109063822525866
12791.0,698.0,1,192.60000000000002,192.60000000000002,0,-1.6522507292059947,-0.8641071822939681
12793.0,101.0,2,545.48,272.74,0,-1.2221669381636826,-0.7763340377531919
12794.0,305.0,2,860.41,430.205,0,-0.6098751023731087,-1.0471595376464138
12797.0,455.0,1,254.03,254.03,0,-1.4165373156881549,-0.9600001257719053
12802.0,188.0,1,427.58,427.58,0,-0.771801111070753,-1.2765652814779243
12808.0,127.0,3,483.65000000000003,161.21666666666667,0,-1.59130671241791,-0.46667951245457806
12816.0,216.0,2,572.2,286.1,0,-1.175152789602308,-0.8099428218259882
12817.0,283.0,1,166.04,166.04,0,-1.727891132961627,-0.7660534657293276
12820.0,182.0,4,942.34,235.585,0,-1.1798261696853187,-0.3923306172501004
12821.0,97.0,1,92.72,92.72,0,-1.985178982364533,-0.5997982290509526
12823.0,246.0,5,1759.5,351.9,0,-0.5160135596892987,-0.27191753438691135
12824.0,31.0,1,397.12,397.12,0,-0.8746607646895758,-1.1988203260938493
12826.0,61.0,7,1474.72,210.67428571428573,0,-1.0216338383926373,0.1100142684035963
12827.0,153.0,3,430.15000000000003,143.38333333333335,0,-1.6687773399118775,-0.4487082363525243
12828.0,152.0,6,1018.71,169.785,0,-1.3284693280938487,-0.05960081789076921
12829.0,163.0,2,293.0,146.5,0,-1.7244369324372903,-0.5837566992737168
12830.0,93.0,6,6814.64,1135.7733333333333,0,3.7172926599113443,0.015634626762508153
12832.0,153.0,2,383.03,191.515,0,-1.545947832804195,-0.653744050288176
12834.0,311.0,1,312.38,312.38,0,-1.197028067460013,-1.0605324925720918
12836.0,31.0,4,2612.86,653.215,0,0.7435156245739407,-0.6907276041169876
12838.0,183.0,2,683.13,341.565,0,-0.9541837059942736,-0.8939271398229027
12839.0,96.0,14,5591.42,399.38714285714286,0,1.061212033379356,1.8400623703813928
12840.0,66.0,4,2726.77,681.6925,0,0.8723767929079311,-0.7160039506261558
12841.0,5.0,25,4022.35,160.894,0,0.019950342282450073,2.544762209936903
12842.0,253.0,2,1118.99,559.495,0,-0.09605096433403426,-1.2456408114476214
12843.0,67.0,8,1702.26,212.7825,0,-0.920813847614898,0.26805060413723825
12844.0,61.0,2,325.96000000000004,162.98000000000002,0,-1.654124048458332,-0.5986778534212421
12849.0,122.0,2,1050.8899999999999,525.4449999999999,0,-0.2240625861143981,-1.1776228423346145
12851.0,246.0,1,135.18,135.18,0,-1.8382679769588,-0.700570295143877
12854.0,7.0,3,1324.5,441.5,0,-0.3882962974872971,-0.7805403247208921
12855.0,667.0,1,38.1,38.1,0,-2.212642333300571,-0.5530512812144552
12856.0,30.0,6,2179.93,363.32166666666666,0,-0.31198004017569514,-0.03253763937132004
12857.0,70.0,2,1106.4,553.2,0,-0.11169565640722834,-1.2157874250270064
12865.0,125.0,2,1568.23,784.115,0,0.798536002842692,-1.5863712102729655
12866.0,342.0,1,559.12,559.12,0,-0.30113498957996887,-1.5552818090557752
12867.0,97.0,7,4036.82,576.6885714285714,0,1.0031491808803372,0.28316717797440616
12868.0,10.0,6,1607.0600000000002,267.84333333333336,0,-0.8093984122596901,-0.037162929319493165
12872.0,455.0,2,599.97,299.985,0,-1.1323272138791463,-0.8578741972117203
12873.0,311.0,1,374.0,374.0,0,-0.9728996978301285,-1.1832470226805587
12875.0,364.0,2,343.2300000000001,171.61500000000004,0,-1.6352895608538556,-0.645284310579212
12877.0,156.0,12,1535.77,127.98083333333334,0,-1.1712989578880644,0.6730963746126627
12879.0,93.0,3,573.22,191.07333333333335,0,-1.462086366768934,-0.4978041050040567
12881.0,99.0,1,298.0,298.0,0,-1.2386219269890875,-1.008825325618977
12882.0,183.0,2,1463.04,731.52,0,0.5876515791297521,-1.5096389168587843
12883.0,32.0,4,703.47,175.8675,0,-1.446178866454424,-0.33098984169188794
12884.0,2.0,1,309.05,309.05,0,-1.1935297847347277,-1.0202755769935805
12885.0,125.0,3,1175.22,391.74,0,-0.6067572958145124,-0.7353415797158332
12886.0,250.0,2,1378.4,689.2,0,0.41693860139350236,-1.4501095106229391
12888.0,97.0,2,354.12,177.06,0,-1.60027210282535,-0.624826704604075
12891.0,158.0,3,331.0,110.33333333333333,0,-1.8101697426533425,-0.41070320367238905
12893.0,91.0,1,188.14,188.14,0,-1.6378078865150254,-0.7891716080412672
12897.0,39.0,2,216.5,108.25,0,-1.8694084835397984,-0.5098689612421119
12901.0,36.0,28,17654.54,630.5192857142857,0,5.960221687989799,7.2459176776588805
12910.0,7.0,8,3075.04,384.38,0,0.08667362590301186,0.42838643394854026
12912.0,152.0,5,1662.3,332.46,0,-0.6065930917519929,-0.25505352358218364
12913.0,39.0,5,2483.63,496.726,0,0.2046300636170879,-0.29882154464036625
12915.0,667.0,2,363.65,181.825,0,-1.6102277122101047,-0.6943775830077425
12917.0,278.0,1,594.0,594.0,0,-0.17103391160046955,-1.6177799008247602
12919.0,3.0,6,1335.19,222.53166666666667,0,-1.0455867955520541,-0.03962910339101322
12921.0,36.0,37,16587.09,448.29972972972973,0,5.215886957048687,7.87259654488368
12922.0,338.0,1,405.38,405.38,0,-0.860126284875701,-1.2486775611072707
12923.0,184.0,1,176.97,176.97,0,-1.6831344246405338,-0.7770471008516008
12924.0,2.0,4,933.7,233.425,0,-1.1806408948224647,-0.3711147488879596
12925.0,213.0,2,694.05,347.025,0,-0.9341110919898888,-0.9058126928685009
12928.0,7.0,5,2062.7000000000003,412.5400000000001,0,-0.20657791742041187,-0.26660628617978116
12929.0,343.0,1,117.85,117.85,0,-1.906202153638276,-0.6766135970136556
12931.0,33.0,15,42055.96,2803.730666666667,2,20.61562793803694,11.179886218284892
12933.0,342.0,3,607.53,202.51,0,-1.4258253957367772,-0.5382398241572829
12935.0,151.0,7,2160.7,308.6714285714285,0,-0.48357556419359726,0.1476295540334701
12939.0,38.0,8,11581.8,1447.725,0,6.309461725150529,1.378112714635975
12942.0,455.0,3,683.9,227.96666666666667,0,-1.3228215187088053,-0.5802288162776568
12944.0,244.0,2,604.51,302.255,0,-1.112692390669112,-0.8384973951937091
12947.0,66.0,6,1603.99,267.33166666666665,0,-0.8148985486970617,-0.04329328718635428
12948.0,31.0,7,2064.95,294.99285714285713,0,-0.5532508056198977,0.1540705073697345
12949.0,91.0,8,4167.22,520.9025,0,0.8815727277313339,0.541613715260607
12950.0,152.0,3,1843.0,614.3333333333334,0,0.34246205605433944,-0.9979099618323334
12951.0,221.0,6,1064.07,177.345,0,-1.2924894191311882,-0.06657082351985466
12952.0,243.0,4,1387.79,346.9475,0,-0.6720761475155828,-0.48291881745371923
12955.0,121.0,11,4757.16,432.4690909090909,0,0.8394241106735063,1.2039822153579642
12956.0,192.0,1,108.07,108.07,0,-1.934146247572209,-0.6407052098251311
12957.0,188.0,8,4017.54,502.1925,0,0.7671522665348127,0.5142880087368625
12962.0,302.0,2,266.39,133.195,0,-1.7840654514862555,-0.5778749808361272
12963.0,333.0,8,1856.63,232.07875,0,-0.8213001449051323,0.2564001988950183
12965.0,32.0,1,771.91,771.91,0,0.4884998758636614,-1.9453130916615233
12967.0,639.0,2,1660.9,830.45,0,0.9557722518338372,-1.7154643147596214
12970.0,302.0,4,452.24,113.06,0,-1.7479237163371328,-0.31302398965791667
12971.0,10.0,86,11189.91,130.11523255813952,0,3.5337325409976885,9.83827484804896
12976.0,6.0,1,738.6,738.6,0,0.3686560192857429,-1.8761478312584803
12977.0,187.0,1,39.239999999999995,39.239999999999995,0,-2.1842467144361444,-0.5030880647098323
12980.0,10.0,9,7374.900000000001,819.4333333333334,0,2.914656850172503,1.225946261442378
12981.0,61.0,2,372.21999999999997,186.10999999999999,0,-1.5626708034815562,-0.6351985119660484
12982.0,37.0,1,390.54,390.54,0,-0.8988970932895065,-1.1863693563024342
12985.0,30.0,2,1239.38,619.69,0,0.15321858769314112,-1.3164177114482825
12989.0,2.0,15,6924.110000000001,461.6073333333334,0,1.7166002506494564,2.3203915049062567
12990.0,122.0,3,409.5,136.5,0,-1.6966064796682085,-0.43730618402506843
12993.0,33.0,4,414.76,103.69,0,-1.777315287870717,-0.2766879299051466
12994.0,33.0,3,974.4200000000001,324.8066666666667,0,-0.8879479046474917,-0.6472599064497762
12997.0,2.0,4,1226.89,306.7225,0,-0.84441743280062,-0.4263697881607712
12999.0,129.0,3,455.88,151.96,0,-1.6309382845866134,-0.4561002848042994
13000.0,425.0,3,534.85,178.28333333333333,0,-1.5334782959436413,-0.5190141667293837
13001.0,127.0,13,9818.82,755.2938461538462,0,3.5578599170788654,2.655176877393476
13003.0,34.0,3,149.05,49.68333333333334,0,-2.0629108088262815,-0.32646810355908507
13004.0,71.0,18,5655.91,314.21722222222223,0,0.888394611294615,2.3536878540956923
13005.0,160.0,2,513.7,256.85,0,-1.2879747145923954,-0.7576652019019213
13011.0,666.0,1,50.550000000000004,50.550000000000004,0,-2.1673078447483816,-0.57773629297886
13012.0,67.0,8,1661.8400000000001,207.73000000000002,0,-0.9503889615628501,0.26352193639207633
13013.0,36.0,13,4810.9400000000005,370.07230769230773,0,0.6977081051496001,1.525196394561707
13014.0,153.0,10,3466.2799999999997,346.628,0,0.12196886009371921,0.8044332788116687
13015.0,129.0,5,3346.28,669.2560000000001,0,1.0461221995390892,-0.36750051825049046
13016.0,125.0,3,789.89,263.2966666666667,0,-1.15527370587179,-0.5855267852185486
13017.0,302.0,1,204.0,204.0,0,-1.590780353345151,-0.8437173343847217
13018.0,91.0,28,7277.7,259.91785714285714,0,1.4413577501532289,3.8499806097661136
13021.0,128.0,9,2616.38,290.7088888888889,0,-0.35362611111623166,0.5210770042896701
13023.0,184.0,2,689.9,344.95,0,-0.9408503411409233,-0.8993806387730614
13026.0,99.0,5,975.36,195.072,0,-1.277627896022887,-0.20239498993626798
13027.0,157.0,6,6912.0,1152.0,0,3.7987680553321588,0.009826116046198985
13029.0,91.0,3,1247.5,415.8333333333333,0,-0.502149227252424,-0.7597438879976501
13030.0,547.0,2,799.48,399.74,0,-0.7425556628490474,-1.025391812217915
13034.0,578.0,2,642.77,321.385,0,-1.0539280221657554,-0.9050481393927854
13037.0,250.0,3,881.07,293.69,0,-1.0317940546915507,-0.6345796846982017
13038.0,96.0,3,908.46,302.82,0,-0.9850245189686386,-0.6284705630694325
13040.0,183.0,2,676.99,338.495,0,-0.966322117670828,-0.8890798237082225
13043.0,38.0,1,516.42,516.42,0,-0.44108848916234045,-1.4371647234718856
13045.0,336.0,1,305.28000000000003,305.28000000000003,0,-1.2241156362967285,-1.049113532971712
13046.0,91.0,2,629.31,314.655,0,-1.0559348666078896,-0.8414267047430553
13047.0,122.0,10,3237.54,323.754,0,-0.024843820328816824,0.7684312435984452
13049.0,184.0,2,656.6800000000001,328.34000000000003,0,-1.0065242883551146,-0.8731546059832114
13050.0,64.0,17,5836.86,343.3447058823529,0,1.020681467300506,2.289188582888381
13052.0,36.0,1,348.15000000000003,348.15000000000003,0,-1.0530303066279834,-1.1018420209206476
13055.0,67.0,3,1214.41,404.80333333333334,0,-0.5480403129480225,-0.7442669508725684
13058.0,1.0,3,271.40000000000003,90.46666666666668,0,-1.887078724087591,-0.3704462514766245
13059.0,251.0,1,183.4,183.4,0,-1.6631315753021338,-0.797143193820755
13062.0,339.0,1,346.98,346.98,0,-1.0725931749938296,-1.132484391951044
13064.0,2.0,4,1119.49,279.8725,0,-0.9675812508747226,-0.40612901863282014
13065.0,698.0,1,205.86,205.86,0,-1.6040205737160196,-0.8905141064945243
13066.0,153.0,2,470.8,235.4,0,-1.3724318079098663,-0.7230354078428161
13069.0,3.0,24,4436.12,184.83833333333334,0,0.20848708927855442,2.588227256061465
13075.0,306.0,1,919.61,919.61,0,1.0118819423391414,-2.2692701872024945
13077.0,120.0,4,729.27,182.3175,0,-1.4210377022089127,-0.345428290215816
13078.0,1.0,26,12627.94,485.69,0,3.8454126302580227,5.384438825711895
13079.0,93.0,5,220.10000000000002,44.02,0,-2.018041527773159,-0.15018740703655803
13081.0,61.0,11,28337.38,2576.1254545454544,0,15.42660823351988,5.784963501055339
13082.0,217.0,9,3613.63,401.51444444444445,0,0.3255672311319451,0.6564214740149156
13083.0,213.0,2,303.75,151.875,0,-1.7057107788562031,-0.5976844388685463
13085.0,218.0,2,416.08000000000004,208.04000000000002,0,-1.4838937024109515,-0.6869091597887389
13089.0,7.0,97,58825.83,606.4518556701031,2,20.4406859675986,29.114066485962393
13090.0,122.0,14,8910.82,636.4871428571429,0,2.898191928869022,2.6366334086839194
13091.0,30.0,1,345.82,345.82,0,-1.0612020236853437,-1.096548971509426
13092.0,6.0,5,477.83,95.566,0,-1.7608792098616675,-0.15831294627435188
13093.0,99.0,8,7832.47,979.05875,0,3.563013859939367,0.9513987595073207
13094.0,39.0,12,1927.3200000000002,160.61,0,-0.9330681080315089,0.7689181518901053
13097.0,94.0,10,6010.42,601.042,0,1.7752789613218218,1.2488035164329152
13098.0,34.0,28,28882.44,1031.5157142857142,0,10.846796369574395,10.914115341517743
13099.0,335.0,1,207.35999999999999,207.35999999999999,0,-1.580226265499332,-0.8539997344785464
13102.0,40.0,24,6424.09,267.67041666666665,0,1.1110924446229729,3.2051926794184555
13104.0,182.0,6,1098.48,183.08,0,-1.2605805636558256,-0.0619183021126366
13107.0,71.0,4,1531.6200000000001,382.90500000000003,0,-0.4984459807507491,-0.49130823853363237
13108.0,667.0,1,350.06,350.06,0,-1.0779606359662848,-1.1743110152721854
13109.0,31.0,2,786.54,393.27,0,-0.7420694465839899,-0.9590251257944975
13110.0,122.0,7,1488.67,212.66714285714286,0,-1.0136811548915179,0.10434036633520227
13113.0,6.0,24,12245.960000000001,510.2483333333334,0,3.761609270579561,5.027498099472768
13115.0,1.0,4,2294.78,573.695,0,0.38026446130635483,-0.6275171636420087
13117.0,64.0,8,984.91,123.11375,0,-1.4455437351175533,0.1880049752331454
13122.0,185.0,2,922.39,461.195,0,-0.4812820766732647,-1.0830322148251155
13124.0,32.0,3,3866.33,1288.7766666666666,0,3.228730158070124,-1.7715143658178207
13126.0,69.0,8,2099.64,262.455,0,-0.6301539064430413,0.312355527379366
13130.0,185.0,1,64.0,64.0,0,-2.094086954659714,-0.5521792821007777
13131.0,219.0,3,1073.3,357.76666666666665,0,-0.7565889812462281,-0.7059445424285715
13133.0,38.0,2,109.8,54.9,0,-2.0802974638390896,-0.4255242083277834
13134.0,96.0,4,1793.58,448.395,0,-0.19929933099005337,-0.5433981184080312
13136.0,36.0,5,2607.61,521.522,0,0.3263742671647609,-0.30695806131637093
13137.0,30.0,8,3650.41,456.30125,0,0.506507069490816,0.4903481895791407
13138.0,667.0,6,962.39,160.39833333333334,0,-1.4034881605925895,-0.11631169266082941
13139.0,128.0,7,5064.94,723.5628571428571,0,1.8148182278436935,0.350848618956884
13140.0,486.0,3,423.72,141.24,0,-1.6947532681549378,-0.48244526473655197
13141.0,97.0,5,2388.75,477.75,0,0.10864696501326288,-0.2986565056974101
13144.0,40.0,1,110.95,110.95,0,-1.91599202696203,-0.6299000436078075
13145.0,93.0,4,618.52,154.63,0,-1.5466792084048366,-0.3216180404278603
13147.0,91.0,4,712.8000000000001,178.20000000000002,0,-1.438460062632976,-0.3391685549721597
13148.0,61.0,12,3707.12,308.9266666666667,0,0.12183721523819391,1.1442110989856813
13153.0,243.0,1,486.22,486.22,0,-0.5612903427011541,-1.3993303117698566
13155.0,183.0,4,971.76,242.94,0,-1.1461385180670285,-0.3979839755744119
13157.0,7.0,4,1741.22,435.305,0,-0.25484836547869716,-0.5238453115677055
13158.0,3.0,4,1201.06,300.265,0,-0.8740891941115121,-0.42161064633220285
13159.0,333.0,4,1437.85,359.4625,0,-0.6192152184785792,-0.5021469825305855
13162.0,94.0,4,1688.29,422.0725,0,-0.3199424121553308,-0.5233373631693401
13166.0,342.0,1,417.2,417.2,0,-0.8173358694545743,-1.2726520441581182
13167.0,276.0,4,791.33,197.8325,0,-1.3577497087665897,-0.37410009935759825
13168.0,275.0,4,1319.19,329.7975,0,-0.7523616384450675,-0.4734725887291579
13169.0,154.0,2,712.88,356.44,0,-0.8939046887226383,-0.9142579548296883
13173.0,213.0,2,353.65,176.825,0,-1.607061472234043,-0.6370787506148895
13174.0,578.0,3,2817.03,939.0100000000001,0,1.7074705179927627,-1.4229662370014975
13177.0,184.0,1,282.45,282.45,0,-1.299475540697655,-0.9871076110080612
13178.0,97.0,11,5725.47,520.4972727272727,0,1.439527552024471,1.3944414891494374
13183.0,101.0,9,3957.78,439.75333333333333,0,0.567368029177169,0.7190940832448615
13184.0,34.0,10,1701.29,170.129,0,-1.016930829011358,0.5135563366225727
13186.0,155.0,3,1575.89,525.2966666666667,0,-0.03792000032619958,-0.8943850995607528
13187.0,192.0,1,236.02,236.02,0,-1.4687579824936032,-0.8955141051087784
13192.0,216.0,2,911.94,455.97,0,-0.5035071897663828,-1.0781557170705298
13193.0,92.0,1,117.88,117.88,0,-1.8934127588436445,-0.6493595760631253
13198.0,33.0,6,3401.2400000000002,566.8733333333333,0,0.750476009982957,-0.018363484945782216
13199.0,122.0,38,9817.12,258.34526315789475,0,2.4593864537339414,5.596881417237155
13200.0,217.0,4,870.09,217.5225,0,-1.2644489526797726,-0.38252296324415336
13203.0,33.0,4,869.46,217.365,0,-1.2558759202888323,-0.3623813927017886
13207.0,4.0,2,250.26000000000002,125.13000000000001,0,-1.8008988226318126,-0.532712612873382
13208.0,1.0,6,1223.9,203.98333333333335,0,-1.142314245434075,-0.040732810011004816
13209.0,91.0,8,5891.61,736.45125,0,2.143300356150664,0.7348148378009282
13210.0,155.0,1,353.48,353.48,0,-1.03965544019567,-1.1254061228662005
13211.0,215.0,3,1197.42,399.14000000000004,0,-0.579702357289461,-0.753766633071884
13212.0,92.0,3,788.08,262.6933333333333,0,-1.15618310887792,-0.5812320115240077
13213.0,96.0,5,1520.58,304.116,0,-0.7427550717904907,-0.23928569292222884
13217.0,94.0,3,533.98,177.99333333333334,0,-1.5179949397554275,-0.4826565665053164
13218.0,247.0,1,62.63999999999999,62.63999999999999,0,-2.1021658171997224,-0.5562177060633771
13220.0,158.0,4,819.2900000000001,204.82250000000002,0,-1.3197245864410065,-0.36652874984913175
13224.0,34.0,2,2155.95,1077.975,0,1.9650204187968265,-2.0404530770937024
13225.0,62.0,7,6463.84,923.4057142857143,0,2.924671793941083,0.45471071863974666
13226.0,38.0,1,108.21000000000001,108.21000000000001,0,-1.9258570994611892,-0.6242257696325921
13230.0,60.0,14,2806.97,200.49785714285713,0,-0.4790058033477457,1.1734098060367195
13232.0,5.0,7,1357.6,193.94285714285712,0,-1.1114458060315384,0.10801384424897764
13233.0,163.0,2,605.12,302.56,0,-1.107394415745735,-0.8301645666538496
13235.0,36.0,1,1031.07,1031.07,0,1.4309318191045803,-2.46185836142169
13240.0,246.0,4,663.65,165.9125,0,-1.5026545874782251,-0.3467727363325436
13242.0,67.0,3,270.40000000000003,90.13333333333334,0,-1.891836477944702,-0.3772395609642256
13244.0,124.0,1,121.74000000000001,121.74000000000001,0,-1.880989518652665,-0.6605288925822411
13248.0,156.0,2,465.68,232.84,0,-1.38270529786688,-0.719319805540797
13249.0,124.0,3,711.41,237.13666666666666,0,-1.2669392947516,-0.5549052488769692
13253.0,187.0,2,1030.4,515.2,0,-0.2678538239886987,-1.1685199868872975
13255.0,698.0,2,399.51,199.755,0,-1.5409007333258236,-0.7260612170562261
13259.0,92.0,1,292.32,292.32,0,-1.2589279682198695,-0.9967520238417843
13260.0,92.0,1,557.62,557.62,0,-0.29396113175754734,-1.5250896550942392
13263.0,6.0,35,7454.07,212.97342857142857,0,1.500168512776602,4.534058671360081
13265.0,2.0,5,2107.66,421.532,0,-0.16223107009062077,-0.2691311935793206
13266.0,61.0,12,3834.2599999999998,319.52166666666665,0,0.1972737634862578,1.1711911658065572
13267.0,10.0,19,4521.49,237.97315789473683,0,0.30120384816881196,2.1455093136801118
13268.0,7.0,11,3214.69,292.24454545454546,0,-0.10882047583964871,0.9171557239607923
13269.0,2.0,15,5346.2300000000005,356.41533333333336,0,0.867716149487533,1.9223326961728375
13270.0,486.0,1,590.0,590.0,0,-0.19609093657353505,-1.6324485256956813
13271.0,303.0,1,217.38,217.38,0,-1.5421642448908504,-0.8704720550562419
13272.0,32.0,2,276.56,138.28,0,-1.7503198331735499,-0.5565225005979062
13276.0,154.0,2,590.9300000000001,295.46500000000003,0,-1.1349925232431275,-0.8179826779265512
13280.0,94.0,3,814.86,271.62,0,-1.118162875662603,-0.5918616101780055
13282.0,281.0,3,1132.14,377.38000000000005,0,-0.6759625501948727,-0.7355681303717878
13283.0,31.0,2,93.66,46.83,0,-2.1118516424229137,-0.4120205020909654
13285.0,338.0,4,2709.12,677.28,0,0.8383950076237086,-0.7422765849550921
13291.0,157.0,1,361.11,361.11,0,-1.0120041338845969,-1.140818696942526
13292.0,334.0,2,578.9399999999999,289.46999999999997,0,-1.1677894595832239,-0.8281045512410409
13294.0,251.0,2,873.74,436.87,0,-0.5807944643297274,-1.051806840105517
13297.0,276.0,4,2089.85,522.4625,0,0.13136277769135818,-0.6188211798737525
13298.0,121.0,1,360.0,360.0,0,-1.014222814723782,-1.1346906504345613
13301.0,248.0,4,618.09,154.5225,0,-1.5550027722019453,-0.3384040680769014
13302.0,156.0,1,63.75,63.75,0,-2.0935312194160565,-0.5485256403378276
13305.0,38.0,10,2000.86,200.08599999999998,0,-0.8228082210211274,0.5646892269814391
13307.0,33.0,1,15.0,15.0,0,-2.2646341267207193,-0.4380565270806749
13309.0,2.0,5,1456.79,291.358,0,-0.8005679453756503,-0.22470227599418818
13310.0,29.0,3,1132.03,377.3433333333333,0,-0.6633883391268234,-0.7081027778984088
13311.0,4.0,2,598.57,299.285,0,-1.1123108468890353,-0.8076912245841794
13313.0,128.0,5,1555.32,311.06399999999996,0,-0.7103006327296153,-0.24513930668847828
13314.0,121.0,3,775.94,258.6466666666667,0,-1.1749294241583164,-0.5796678007412108
13316.0,303.0,4,5977.7300000000005,1494.4325000000001,0,4.58852897813528,-1.3544751708824694
13317.0,245.0,6,2273.68,378.94666666666666,0,-0.24127391916791652,-0.05482079860434608
13318.0,120.0,3,640.76,213.58666666666667,0,-1.3673073387076764,-0.5270015265178262
13319.0,61.0,26,10845.550000000001,417.1365384615385,0,3.050410662605348,4.8074022711650235
13320.0,67.0,4,1548.7,387.175,0,-0.47865695851193557,-0.49409188253235176
13323.0,153.0,5,787.85,157.57,0,-1.4642552392080739,-0.1954716724425994
13324.0,32.0,10,7121.95,712.1949999999999,0,2.4994369987557437,1.4468898208858314
13327.0,158.0,8,3627.77,453.47125,0,0.4834750575681799,0.4738826658336698
13329.0,122.0,2,789.0,394.5,0,-0.7418034059796786,-0.9708698102053599
13330.0,124.0,3,1140.93,380.31,0,-0.6555185165931336,-0.7219009422630894
13334.0,162.0,3,3536.82,1178.94,0,2.753105921574383,-1.6575487402272917
13338.0,218.0,1,487.02,487.02,0,-0.5571175536221191,-1.3982029951663522
13340.0,130.0,7,10736.48,1533.782857142857,0,6.300862395090608,0.7425992786363326
13344.0,161.0,3,2543.72,847.9066666666666,0,1.3394807682521805,-1.2713265308441466
13348.0,183.0,1,233.76,233.76,0,-1.4765235337938125,-0.8900339994223903
13351.0,245.0,1,373.94,373.94,0,-0.969783677777933,-1.175945428765587
13352.0,62.0,1,397.97999999999996,397.97999999999996,0,-0.8730988053521472,-1.203906405591654
13355.0,94.0,1,674.7,674.7,0,0.13178900701037155,-1.7584688848078858
13359.0,154.0,1,439.56,439.56,0,-0.7265090098088752,-1.2967232484229845
13362.0,129.0,4,3090.7400000000002,772.6850000000001,0,1.2865864111246945,-0.7914539440132012
13365.0,183.0,2,2225.37,1112.685,0,2.0947322588345876,-2.111471896289441
13368.0,193.0,2,623.4,311.7,0,-1.0727715232495847,-0.8478605833157421
13369.0,455.0,1,308.28000000000003,308.28000000000003,0,-1.2192156011081285,-1.0680375041942411
13370.0,639.0,1,754.87,754.87,0,0.3958558006663224,-1.9774320090279534
13372.0,32.0,1,378.64,378.64,0,-0.9419279710098308,-1.162126735677155
13373.0,62.0,3,3312.25,1104.0833333333333,0,2.4384829221121813,-1.5593548258275796
13375.0,2.0,1,778.65,778.65,0,0.5145306238695186,-1.9554710222862788
13376.0,336.0,3,1019.76,339.92,0,-0.8387137804788448,-0.697860314587544
13379.0,304.0,3,572.56,190.85333333333332,0,-1.4736853908751306,-0.5205084734578391
13381.0,32.0,6,3639.31,606.5516666666666,0,0.9576606661769334,-0.015428060027196655
13382.0,252.0,1,222.99,222.99,0,-1.5191827085226257,-0.8760944064452598
13384.0,91.0,7,4151.93,593.1328571428572,0,1.094503433660992,0.2917755145783316
13394.0,34.0,8,2520.02,315.0025,0,-0.32079577495666833,0.36326370876011826
13395.0,158.0,1,307.72,307.72,0,-1.2062483181954273,-1.0346028045770073
13396.0,61.0,2,1360.99,680.495,0,0.3920681726465651,-1.415797983417586
13397.0,96.0,5,1544.13,308.826,0,-0.719658549577203,-0.2408932351489867
13402.0,247.0,2,621.23,310.615,0,-1.0797895107538213,-0.8520237121009113
13404.0,36.0,2,252.49,126.245,0,-1.7981068553978936,-0.5379553531956262
13408.0,4.0,62,28117.04,453.5006451612903,2,9.437316738613227,14.367355454510365
13410.0,219.0,5,1003.06,200.612,0,-1.2565235697581059,-0.21734418831513114
13414.0,218.0,3,1390.5,463.5,0,-0.3050049577640015,-0.8291618400388923
13417.0,213.0,2,640.83,320.415,0,-1.039323839453443,-0.8637973567735033
13418.0,36.0,18,6127.43,340.4127777777778,0,1.1264386824149466,2.4890438940361115
13419.0,154.0,1,221.06,221.06,0,-1.5212517680712854,-0.861586526113669
13422.0,184.0,1,2626.3,2626.3,0,7.225731845816535,-5.6548202269562955
13426.0,32.0,10,3641.32,364.132,0,0.2416263859796508,0.8477319687903314
13427.0,33.0,3,582.6,194.20000000000002,0,-1.445702815473647,-0.49492182537660234
13429.0,62.0,4,1006.8,251.7,0,-1.0998426595796966,-0.39142047443374506
13431.0,2.0,2,1269.1,634.55,0,0.21338777773334305,-1.3368336622814765
13434.0,246.0,2,534.24,267.12,0,-1.2517130034073658,-0.7832393175938057
13435.0,217.0,7,3809.8900000000003,544.2700000000001,0,0.8175869850587092,0.25442534501823844
13436.0,121.0,1,196.89,196.89,0,-1.607497374450014,-0.8098615850987605
13437.0,122.0,7,3408.06,486.86571428571426,0,0.5045418049426897,0.23699217411271045
13441.0,93.0,1,296.64,296.64,0,-1.2432654954170905,-1.0054640044486711
13447.0,183.0,3,1129.14,376.38000000000005,0,-0.6752821785727693,-0.7237374035501803
13448.0,220.0,6,3539.37,589.895,0,0.8612097314761715,-0.037072766555478864
13450.0,32.0,6,2043.7199999999998,340.61999999999995,0,-0.43059135178324515,-0.034372500279625795
13451.0,5.0,5,2976.15,595.23,0,0.6893837667447837,-0.3287414893784896
13455.0,486.0,2,1058.34,529.17,0,-0.22772331032695203,-1.2231147582330983
13456.0,154.0,6,1766.72,294.4533333333333,0,-0.6777600753203552,-0.050937334637979226
13458.0,7.0,14,9646.57,689.0407142857142,0,3.311462110876707,2.82633597342437
13460.0,61.0,2,183.44,91.72,0,-1.9358775390352911,-0.4861632780687606
13461.0,334.0,3,1445.0,481.6666666666667,0,-0.23328453487317558,-0.8629743211775256
13462.0,341.0,1,151.5,151.5,0,-1.7837070935371189,-0.743409004158971
13464.0,1.0,1,674.68,674.68,0,0.13641453156628547,-1.7483088156925577
13466.0,127.0,1,307.9,307.9,0,-1.2040275202395248,-1.0315878563890502
13467.0,275.0,2,1083.71,541.855,0,-0.16690882665720608,-1.2201825156073987
13468.0,1.0,37,5704.97,154.1883783783784,0,0.795588337002411,4.094120739270568
13470.0,336.0,2,165.0,82.5,0,-1.9862250464064026,-0.5015309802971344
13471.0,121.0,4,2531.58,632.895,0,0.6457589012287037,-0.6852032303688904
13473.0,40.0,2,422.64,211.32,0,-1.4619325884006755,-0.6727181301896341
13475.0,189.0,4,1431.78,357.945,0,-0.6189014126030222,-0.4853329724585874
13476.0,283.0,2,1238.47,619.235,0,0.1386382574238918,-1.3432307028335604
13477.0,6.0,6,1454.58,242.42999999999998,0,-0.9418624143250699,-0.03853804525146165
13483.0,215.0,1,140.34,140.34,0,-1.817933591194445,-0.7074728795742283
13484.0,7.0,1,313.8,313.8,0,-1.1765053634060567,-1.0302791698636578
13486.0,157.0,3,1122.41,374.1366666666667,0,-0.6835488240078492,-0.7182914915989513
13487.0,67.0,3,575.4,191.79999999999998,0,-1.4576696467416563,-0.49582236614854
13488.0,10.0,13,8968.31,689.87,0,3.077237877511371,2.4743174995163915
13489.0,218.0,4,449.52,112.38,0,-1.7467993503646984,-0.3033705126310096
13491.0,40.0,10,1215.82,121.582,0,-1.3321480013378784,0.42933430474026857
13492.0,97.0,3,1269.84,423.28,0,-0.4706514004254134,-0.7690825111704955
13493.0,99.0,2,618.63,309.315,0,-1.0774527381895205,-0.8338657750290366
13494.0,343.0,1,316.26000000000005,316.26000000000005,0,-1.184532081936469,-1.071741638539474
13495.0,244.0,5,2044.8700000000001,408.97400000000005,0,-0.2360375940685454,-0.29117948400676424
13497.0,311.0,2,348.05,174.025,0,-1.6230832013476373,-0.643322084263341
13499.0,61.0,5,1159.11,231.82199999999997,0,-1.0954964549364243,-0.21080276326204678
13500.0,94.0,3,1166.77,388.92333333333335,0,-0.6172197623227216,-0.7286828395957501
13502.0,69.0,3,292.0,97.33333333333333,0,-1.861189963370801,-0.38585519591050305
13504.0,184.0,1,295.93,295.93,0,-1.2504451865494752,-1.0139526591395467
13506.0,578.0,2,458.52,229.26,0,-1.4181792194630098,-0.7595891826941135
13507.0,182.0,4,2479.16,619.79,0,0.5825632054789478,-0.6819620830410289
13508.0,68.0,1,110.97,110.97,0,-1.9173338144991152,-0.632986826934329
13509.0,38.0,7,979.72,139.96,0,-1.412013153429382,0.07830696032849682
13510.0,96.0,4,1791.56,447.89,0,-0.20161581993334654,-0.5430174260947496
13513.0,217.0,1,205.1,205.1,0,-1.5824852424141205,-0.8366582726232366
13515.0,190.0,4,891.12,222.78,0,-1.238968224743432,-0.3835481753593018
13517.0,31.0,3,2128.42,709.4733333333334,0,0.7548696029500845,-1.0957129461745803
13520.0,1.0,6,3624.35,604.0583333333333,0,0.9462107243341675,-0.012232266886553211
13521.0,121.0,3,1093.65,364.55,0,-0.7226699358254651,-0.7031922041350092
13522.0,91.0,1,125.80000000000001,125.80000000000001,0,-1.864555088117216,-0.6650232177952135
13523.0,183.0,5,3964.88,792.976,0,1.6500824368784546,-0.4156029274834354
13524.0,250.0,5,680.1800000000001,136.036,0,-1.5747522963335125,-0.1986775491308791
13525.0,221.0,2,628.78,314.39,0,-1.0635501188521554,-0.8551548597830819
13527.0,32.0,7,2287.51,326.7871428571429,0,-0.3772580494746235,0.16934312978560917
13531.0,486.0,2,483.8,241.9,0,-1.363554425090396,-0.7695354421861246
13532.0,183.0,1,210.31,210.31,0,-1.5618174362251787,-0.8433339713301549
13533.0,66.0,3,270.79,90.26333333333334,0,-1.891230794768826,-0.3772823716550623
13534.0,131.0,25,5870.08,234.8032,0,0.8440278397299212,3.115638511940875
13536.0,121.0,7,3448.29,492.61285714285714,0,0.536413949424611,0.2398813471453124
13538.0,33.0,7,1280.85,182.97857142857143,0,-1.1735690078883532,0.09966258731249888
13539.0,284.0,3,631.34,210.4466666666667,0,-1.3890018091453786,-0.5411855115640681
13548.0,68.0,2,682.41,341.205,0,-0.9497974142314766,-0.8808444500467982
13549.0,4.0,7,918.2,131.17142857142858,0,-1.4589573606546877,0.07775509707551087
13552.0,125.0,12,3740.07,311.6725,0,0.13815436900418931,1.1442388714692577
13557.0,30.0,2,584.06,292.03,0,-1.1423097412774796,-0.7990653993518174
13558.0,92.0,4,605.06,151.265,0,-1.5620643038177016,-0.3189725283015572
13560.0,302.0,1,174.37,174.37,0,-1.6985525635388132,-0.7847100067781999
13561.0,128.0,1,141.85999999999999,141.85999999999999,0,-1.8080097902174512,-0.7010325966636028
13562.0,129.0,3,1799.33,599.7766666666666,0,0.28145984452726114,-0.978428381935011
13564.0,546.0,3,1749.02,583.0066666666667,0,0.18877723389430345,-1.0042458998505657
13565.0,101.0,2,240.22,120.11,0,-1.8256476463697064,-0.5353419014067247
13569.0,517.0,2,373.75,186.875,0,-1.5826827634253409,-0.686028213971904
13570.0,68.0,1,239.49,239.49,0,-1.4498723074424336,-0.8889308614935658
13571.0,124.0,12,2092.32,174.36,0,-0.839462033277851,0.7946827148144219
13575.0,1.0,5,732.0699999999999,146.414,0,-1.5112822492071705,-0.1751234773348629
13576.0,61.0,18,6717.34,373.18555555555554,0,1.4207761459372867,2.650899866710877
13577.0,7.0,4,1687.6000000000001,421.90000000000003,0,-0.31633853237938026,-0.5137400037270282
13579.0,578.0,2,467.04,233.52,0,-1.4013356905567813,-0.7663154259021063
13581.0,284.0,1,118.0,118.0,0,-1.9026759408115703,-0.6704919507750439
13583.0,157.0,1,781.03,781.03,0,0.5153568686305119,-1.9770777927417376
13584.0,192.0,1,142.4,142.4,0,-1.8092788842259915,-0.7090724577742333
13587.0,154.0,1,712.4,712.4,0,0.2658828170300995,-1.840076581671834
13588.0,30.0,9,2478.95,275.43888888888887,0,-0.4428938000300292,0.5117549857800111
13590.0,4.0,6,1981.92,330.32,0,-0.48294625511583994,-0.03205929780843664
13591.0,184.0,3,1117.13,372.3766666666667,0,-0.6924289062685776,-0.7191767823798626
13592.0,67.0,4,247.95999999999998,61.989999999999995,0,-1.970315289254097,-0.24895241739466978
13593.0,163.0,5,2037.0800000000002,407.41600000000005,0,-0.239585548647955,-0.2818333299561638
13596.0,243.0,2,697.04,348.52,0,-0.9297156122843763,-0.9114377871536081
13599.0,7.0,21,5153.67,245.41285714285715,0,0.570377211940053,2.5285266953001333
13601.0,6.0,2,693.32,346.66,0,-0.9250968187697969,-0.8827106885550485
13602.0,184.0,1,428.89,428.89,0,-0.7668342156635712,-1.2787388312139019
13606.0,60.0,3,280.53999999999996,93.51333333333332,0,-1.8770485769620475,-0.3804202147719371
13610.0,68.0,7,1131.88,161.69714285714286,0,-1.2931713162427507,0.08555836367368908
13611.0,32.0,3,1171.8,390.59999999999997,0,-0.6069273884267374,-0.723891657446377
13614.0,32.0,4,1610.46,402.615,0,-0.4060638631487419,-0.5019225749708108
13617.0,5.0,3,544.18,181.39333333333332,0,-1.4989790683575095,-0.4769373260059493
13623.0,91.0,5,747.78,149.55599999999998,0,-1.5004214730865166,-0.18598963508382854
13626.0,341.0,1,257.23,257.23,0,-1.3991388929371893,-0.9539673824187602
13627.0,31.0,5,1638.47,327.694,0,-0.6238514195392002,-0.24025967478151072
13629.0,91.0,11,7792.36,708.3963636363636,0,2.7181834532019384,1.7960613750042076
13630.0,127.0,7,2031.78,290.2542857142857,0,-0.5843378514980254,0.14133138187725447
13631.0,336.0,11,3070.42,279.1290909090909,0,-0.21467092832326684,0.8533663124561234
13632.0,68.0,5,2121.27,424.254,0,-0.15221739971490988,-0.2772423288610082
13634.0,37.0,5,1575.16,315.03200000000004,0,-0.6862454390895976,-0.2365910011819784
13635.0,276.0,1,1071.03,1071.03,0,1.5641524261134445,-2.567554346585656
13636.0,94.0,5,949.12,189.824,0,-1.3031100245566227,-0.2000597272065015
13637.0,219.0,3,810.5,270.1666666666667,0,-1.130684204984459,-0.6037689319287756
13642.0,128.0,1,354.8,354.8,0,-1.0334902344078511,-1.125096732354887
13643.0,122.0,3,519.44,173.14666666666668,0,-1.5401071307421008,-0.48005042534298153
13645.0,33.0,1,252.1,252.1,0,-1.402238209173729,-0.9102346362776482
13649.0,486.0,2,346.6,173.3,0,-1.6347905948010246,-0.6612208215128124
13650.0,2.0,6,1836.34,306.0566666666667,0,-0.6095079115896886,-0.03357012960234884
13651.0,244.0,2,94.2,47.1,0,-2.1215446484317275,-0.4356254267112166
13652.0,547.0,3,1095.08,365.02666666666664,0,-0.7421554411922301,-0.7501054093951106
13654.0,37.0,6,2707.33,451.22166666666664,0,0.14653365109012317,-0.02703755758058446
13655.0,7.0,2,932.97,466.485,0,-0.4513736638128665,-1.0720148351903453
13656.0,193.0,2,379.65,189.825,0,-1.5546506512886933,-0.6554284492842563
13662.0,36.0,3,897.76,299.25333333333333,0,-0.9972248036423914,-0.617781258103942
13666.0,62.0,3,84.65,28.21666666666667,0,-2.1559986004810985,-0.3044765897197342
13668.0,37.0,21,6363.59,303.02809523809526,0,1.1432587485463879,2.8858971511026734
13672.0,39.0,2,186.39000000000001,93.19500000000001,0,-1.9289341473152142,-0.4860981651162122
13673.0,153.0,2,396.92,198.46,0,-1.5184881360310123,-0.6647097214336011
13675.0,34.0,2,486.82000000000005,243.41000000000003,0,-1.3347494642141169,-0.722733085807655
13678.0,34.0,1,232.6,232.6,0,-1.4732154274547513,-0.8715097439993731
13680.0,121.0,4,3722.42,930.605,0,2.011386472135261,-0.9096307721255497
13681.0,157.0,4,827.83,206.9575,0,-1.3098805943526588,-0.3680293916298577
13682.0,219.0,1,59.5,59.5,0,-2.1121723015426315,-0.546917528807313
13685.0,62.0,7,3119.44,445.63428571428574,0,0.2792767117172905,0.22357441703814518
13686.0,66.0,1,72.0,72.0,0,-2.058977056938078,-0.5551615074247129
13689.0,154.0,1,910.0,910.0,0,0.9846067027630618,-2.2335915305428675
13690.0,31.0,1,172.25,172.25,0,-1.6925729113736407,-0.7509979245117173
13692.0,67.0,3,1488.32,496.1066666666666,0,-0.15813002857154324,-0.850762085849734
13694.0,67.0,50,65039.62,1300.7924,2,23.672916684214997,26.7170649235067
13695.0,3.0,15,2504.13,166.942,0,-0.661356541009228,1.2052346628256423
13697.0,334.0,1,151.29999999999998,151.29999999999998,0,-1.7840809136453473,-0.7422489712067443
13699.0,157.0,1,308.58000000000004,308.58000000000004,0,-1.2030697498641136,-1.0362066510710919
13700.0,7.0,10,2265.12,226.512,0,-0.6498222925427997,0.6135525239302325
13704.0,1.0,9,2308.06,256.4511111111111,0,-0.5585866371332441,0.4900583359366987
13705.0,302.0,3,711.86,237.28666666666666,0,-1.2752911082668348,-0.5744501281973197
13706.0,70.0,1,330.79,330.79,0,-1.1178909023495947,-1.0709699323919528
13709.0,182.0,13,6328.05,486.7730769230769,0,1.5581924633938558,1.854630084780673
13710.0,122.0,1,180.48,180.48,0,-1.6672354388498882,-0.7772903425776285
13711.0,220.0,2,252.06,126.03,0,-1.8082524413180934,-0.5576387229459562
13712.0,160.0,1,228.84,228.84,0,-1.4932569478902176,-0.8777331001774569
13715.0,224.0,5,1079.34,215.868,0,-1.1819650093112954,-0.22309522229869644
13717.0,153.0,6,1445.01,240.835,0,-0.957615144001659,-0.05464817772339525
13718.0,160.0,2,306.55,153.275,0,-1.6974978381751704,-0.5941274929188555
13719.0,183.0,5,1041.68,208.336,0,-1.2168285496982796,-0.21606290891619595
13721.0,275.0,1,524.14,524.14,0,-0.424981801153572,-1.4783291786864794
13722.0,311.0,3,2375.41,791.8033333333333,0,1.0923139976596241,-1.2222112293914718
13723.0,189.0,1,199.85000000000002,199.85000000000002,0,-1.6001663593425381,-0.823156088575078
13725.0,162.0,8,1980.56,247.57,0,-0.7219824229649225,0.28889353226713155
13726.0,334.0,2,1079.6599999999999,539.8299999999999,0,-0.17789605654017782,-1.223405548788715
13727.0,30.0,2,333.48,166.74,0,-1.6376913696017454,-0.6012412182416237
13728.0,275.0,6,1016.14,169.35666666666665,0,-1.3369192118111777,-0.07301616460911231
13730.0,338.0,2,752.6,376.3,0,-0.8246761331422424,-0.9656383509651022
13731.0,160.0,2,610.59,305.295,0,-1.0964289967843575,-0.8341564817637087
13732.0,30.0,1,491.86,491.86,0,-0.5300156053025409,-1.3873836027499409
13736.0,243.0,2,731.9,365.95,0,-0.8607994834497369,-0.9389585428144803
13741.0,96.0,3,668.4300000000001,222.81000000000003,0,-1.3267066976363995,-0.5351478393697902
13742.0,32.0,12,3131.02,260.91833333333335,0,-0.2185177379398271,1.025114108011774
13743.0,2.0,7,1341.6,191.65714285714284,0,-1.123950127815165,0.10723452054510796
13744.0,216.0,2,1156.36,578.18,0,-0.02030351191892077,-1.271116792762738
13747.0,698.0,1,79.6,79.6,0,-2.063261858192962,-0.6390707995893792
13748.0,160.0,5,948.25,189.65,0,-1.3072975279239443,-0.2071824458663864
13750.0,163.0,5,1647.26,329.452,0,-0.6218991915007679,-0.25522389849821303
13752.0,97.0,6,1186.28,197.71333333333334,0,-1.1798955641621447,-0.051626171286466516
13754.0,34.0,2,282.59999999999997,141.29999999999998,0,-1.73848015356036,-0.5615085097587933
13755.0,154.0,9,2161.35,240.14999999999998,0,-0.6668967376076252,0.4520729678339407
13756.0,62.0,14,5189.52,370.68,0,0.840356289593507,1.7469739674410691
13758.0,101.0,7,3190.55,455.79285714285714,0,0.3335539411890853,0.224244960098676
13759.0,183.0,2,659.4100000000001,329.70500000000004,0,-1.0010767230900177,-0.8752010261029979
13762.0,220.0,1,306.72,306.72,0,-1.2130177647492828,-1.0393581586084002
13763.0,154.0,1,1714.96,1714.96,0,3.9124608478015506,-3.836647164364866
13764.0,193.0,3,1521.76,507.25333333333333,0,-0.11689365981142463,-0.8774747193030739
13767.0,34.0,37,17220.36,465.41513513513513,0,5.473324087127311,8.092919026519807
13769.0,94.0,10,2796.51,279.651,0,-0.3095160632878652,0.6955590140214988
13771.0,184.0,4,2634.45,658.6125,0,0.7605451218742545,-0.7114459153411499
13772.0,183.0,3,1132.13,377.3766666666667,0,-0.6710259201291722,-0.7248999038370691
13777.0,90.0,33,25977.16,787.1866666666666,0,9.223185913511195,10.646279776767988
13780.0,302.0,2,360.01,180.005,0,-1.5989843275189881,-0.651784709607523
13781.0,282.0,1,127.84,127.84,0,-1.8667841991279324,-0.6898703997593305
13782.0,156.0,6,912.0,152.0,0,-1.4215150375051633,-0.06130306485843484
13784.0,40.0,11,2462.79,223.89,0,-0.5755309591174698,0.767699597266332
13786.0,517.0,1,230.39999999999998,230.39999999999998,0,-1.5056181060382499,-0.919688459089981
13787.0,425.0,2,309.04,154.52,0,-1.7059628007747345,-0.6249305032424037
13790.0,213.0,1,348.8,348.8,0,-1.0596079518170776,-1.1223975792911292
13791.0,247.0,2,1516.0,758.0,0,0.6891171042022946,-1.5584134580182556
13792.0,245.0,2,195.55,97.775,0,-1.9212322971991407,-0.5157465409914181
13798.0,2.0,57,37153.85,651.8219298245614,2,12.846747880737881,17.2694322370977
13800.0,284.0,1,558.32,558.32,0,-0.30111469908111477,-1.5473770838058805
13801.0,245.0,1,324.8,324.8,0,-1.1485189598878407,-1.0780844743752906
13802.0,343.0,3,4599.42,1533.14,0,4.256570746907988,-2.090379837995083
13804.0,91.0,7,2635.79,376.5414285714286,0,-0.1047518288562852,0.18699289518165296
13805.0,306.0,2,924.6,462.3,0,-0.4830258420038377,-1.097944126385651
13806.0,154.0,1,256.38,256.38,0,-1.3927835107631465,-0.9319253317519529
13807.0,517.0,1,112.6,112.6,0,-1.9340881148405928,-0.6850930088014804
13808.0,155.0,5,1747.66,349.53200000000004,0,-0.5230283373323786,-0.2612067262161359
13809.0,162.0,1,155.05,155.05,0,-1.7617518904474532,-0.7309999903616796
13810.0,30.0,3,1499.01,499.67,0,-0.14104363286314847,-0.8508919840618724
13811.0,96.0,3,814.5,271.5,0,-1.118776372935321,-0.5919392831510124
13812.0,184.0,3,539.0,179.66666666666666,0,-1.5153956935584691,-0.4944021031627883
13813.0,32.0,4,1366.8600000000001,341.71500000000003,0,-0.6854186683894437,-0.4560133435275252
13814.0,124.0,2,1579.12,789.56,0,0.8201153986095286,-1.5948596661412517
13816.0,184.0,2,571.6700000000001,285.83500000000004,0,-1.174583958815031,-0.8060421722846818
13817.0,60.0,2,382.98,191.49,0,-1.54134840991634,-0.6435843373628515
13819.0,39.0,3,1140.35,380.1166666666666,0,-0.6520500276813164,-0.7124257591190664
13822.0,243.0,2,632.0,316.0,0,-1.0582957906953039,-0.8600909728052683
13823.0,93.0,2,957.66,478.83,0,-0.4069076515760942,-1.1008652313180478
13824.0,7.0,5,1698.94,339.788,0,-0.5633333705119397,-0.24177573159780963
13831.0,220.0,6,2202.99,367.16499999999996,0,-0.30151517389527327,-0.05293960644827189
13833.0,279.0,1,384.8,384.8,0,-0.9320006092516484,-1.20127269174064
13835.0,128.0,4,834.57,208.6425,0,-1.3006862674629427,-0.366143848758117
13837.0,6.0,2,271.24,135.62,0,-1.7595236592323489,-0.5494932316032144
13838.0,243.0,4,691.73,172.9325,0,-1.4703015405198638,-0.35173827706614386
13841.0,341.0,1,85.0,85.0,0,-2.025585324312635,-0.6109760886735273
13842.0,1.0,9,3385.62,376.18,0,0.1801614164396239,0.6467671981862234
13845.0,184.0,1,312.98,312.98,0,-1.1884297905386099,-1.0479072637865665
13846.0,37.0,3,865.0600000000001,288.35333333333335,0,-1.0438237009696456,-0.6051764459852196
13848.0,124.0,3,1255.0,418.3333333333333,0,-0.49314012172319466,-0.7662509114020231
13850.0,306.0,1,1595.48,1595.48,0,3.470201338342872,-3.6152466471896667
13851.0,216.0,3,2651.46,883.82,0,1.4900698752941577,-1.3192005087555465
13854.0,2.0,25,8109.5199999999995,324.38079999999997,0,1.8570376468236751,3.8381936567159745
13856.0,96.0,3,388.5,129.5,0,-1.725186438812362,-0.42631215197554384
13860.0,121.0,5,1245.9,249.18,0,-1.0134088213056391,-0.22325630640136013
13862.0,40.0,8,2209.36,276.17,0,-0.5484072735831711,0.3278043595496051
13863.0,190.0,1,305.78,305.78,0,-1.2149212244480267,-1.0342215810988964
13865.0,1.0,4,501.56,125.39,0,-1.6761584609175015,-0.2895641586800685
13867.0,122.0,3,1015.29,338.43,0,-0.8342657430305263,-0.6728349628860709
13868.0,302.0,2,3192.54,1596.27,0,4.000757565997388,-2.8879684741540044
13869.0,125.0,4,3104.95,776.2375,0,1.3030841842213037,-0.7936967033885944
13870.0,152.0,8,2770.94,346.3675,0,-0.14316009850830458,0.3785361193044726
13871.0,69.0,13,6403.25,492.5576923076923,0,1.6069191431075716,1.884043585462568
13873.0,3.0,3,389.6,129.86666666666667,0,-1.7189223213359384,-0.41661958799931087
13875.0,39.0,5,1786.79,357.358,0,-0.4787916153258964,-0.2512546773242761
13876.0,154.0,1,122.7,122.7,0,-1.8790133136213572,-0.6657052995400111
13880.0,188.0,13,3219.77,247.67461538461538,0,-0.22019681853707962,1.1464770285035923
13881.0,37.0,20,17159.52,857.976,0,6.382104125892644,5.935682184826119
13882.0,91.0,5,1191.13,238.22600000000003,0,-1.0656086016104644,-0.21625306804489375
13883.0,220.0,5,2674.48,534.896,0,0.38266111960714233,-0.3315455018819567
13884.0,32.0,5,787.6,157.52,0,-1.458387622460703,-0.18228741369317703
13885.0,280.0,2,506.8,253.4,0,-1.3076778844054942,-0.765276266025596
13888.0,3.0,2,605.63,302.815,0,-1.0983031313699514,-0.8131560288695302
13889.0,124.0,1,416.90000000000003,416.90000000000003,0,-0.8074139006721937,-1.2483318900962805
13890.0,121.0,10,1883.8100000000002,188.38100000000003,0,-0.902929144760976,0.5355081240133056
13892.0,160.0,4,632.97,158.2425,0,-1.533493060104305,-0.33163223505015255
13894.0,312.0,3,564.62,188.20666666666668,0,-1.485392115712953,-0.5182919908131512
13895.0,30.0,4,2593.07,648.2675,0,0.7208714326209542,-0.6868891304347076
13899.0,69.0,2,388.52,194.26,0,-1.5308508335267965,-0.6489373524106736
13900.0,95.0,3,740.95,246.98333333333335,0,-1.2234241176255212,-0.5632345114965106
13901.0,248.0,5,2867.2,573.4399999999999,0,0.5702555787096697,-0.3477476803012211
13904.0,303.0,2,332.64,166.32,0,-1.6531436946913,-0.6302858678157948
13908.0,97.0,4,2369.55,592.3875,0,0.4611591285276855,-0.6520551320908311
13911.0,128.0,9,2580.91,286.7677777777778,0,-0.3779434516450466,0.5159186248546589
13914.0,275.0,2,626.45,313.225,0,-1.0708844167583869,-0.85919167414181
13917.0,339.0,2,272.04,136.02,0,-1.7747649445649898,-0.5863617909303829
13919.0,31.0,2,384.81,192.405,0,-1.5362655577928148,-0.6418732849556511
13924.0,121.0,6,1838.8500000000001,306.475,0,-0.6133358367247334,-0.04648988235464602
13925.0,64.0,4,678.25,169.5625,0,-1.4767171839383357,-0.3297190746258229
13928.0,122.0,4,464.57,116.1425,0,-1.7246905339788046,-0.2957601598153395
13931.0,216.0,2,1237.53,618.765,0,0.14016470889311816,-1.3351976802266794
13938.0,244.0,1,71.66,71.66,0,-2.069206115120153,-0.5738543278873792
13939.0,343.0,3,568.55,189.51666666666665,0,-1.4813638592933926,-0.5231933726400112
13940.0,184.0,4,839.14,209.785,0,-1.2982745636622166,-0.37309902575804194
13941.0,32.0,5,5112.96,1022.592,0,2.783683431486869,-0.4775400186158624
13947.0,215.0,1,90.6,90.6,0,-1.9988512332812747,-0.6084170417359429
13949.0,152.0,6,2427.32,404.55333333333334,0,-0.10290030659152838,-0.04287639119971809
13950.0,160.0,4,745.06,186.265,0,-1.4049508592856257,-0.35275688920646564
13952.0,189.0,2,3251.071,1625.5355,0,4.1221784923768165,-2.9218800244472973
13953.0,69.0,7,3515.68,502.23999999999995,0,0.5923459188839095,0.25019739575151956
13954.0,121.0,2,439.92,219.96,0,-1.4318631065009972,-0.6951744905359482
13955.0,126.0,2,322.96,161.48,0,-1.6633386055145654,-0.6033827437142765
13956.0,68.0,5,1026.42,205.28400000000002,0,-1.2259850152230987,-0.20250697400046425
13959.0,282.0,3,598.2,199.4,0,-1.4360754884146343,-0.5280831698249153
13962.0,129.0,2,169.55,84.775,0,-1.9667725299204792,-0.4825973520562408
13963.0,253.0,4,664.54,166.135,0,-1.501987589428543,-0.3477022055738008
13969.0,31.0,18,9053.94,502.99666666666667,0,2.5931482652672946,3.3060424979548637
13971.0,31.0,8,2758.26,344.7825,0,-0.14632518899263203,0.39028264221622544
13975.0,122.0,6,2526.28,421.0466666666667,0,-0.015284033288011978,-0.03843684566741601
13980.0,62.0,1,200.14,200.14,0,-1.592695635075878,-0.8099135033414251
13982.0,455.0,4,1871.81,467.9525,0,-0.127723321539297,-0.5972077662888294
13983.0,1.0,12,2603.43,216.9525,0,-0.5299889964919932,0.9165289444366919
13984.0,217.0,5,920.51,184.102,0,-1.3373829524478726,-0.21149161835669333
13985.0,1.0,15,7060.13,470.67533333333336,0,1.7898282074071132,2.3548146953393325
13989.0,215.0,2,1266.08,633.04,0,0.19665686528014237,-1.3576280909134113
13990.0,67.0,1,311.3,311.3,0,-1.1886296718400993,-1.0318296757123457
13992.0,91.0,1,76.8,76.8,0,-2.0427811528991753,-0.5674410695427812
13993.0,32.0,9,3466.36,385.1511111111111,0,0.23394864123001202,0.655135751571786
13994.0,182.0,6,2313.14,385.5233333333333,0,-0.20375882615715102,-0.047496643793760396
13995.0,129.0,5,1393.69,278.738,0,-0.8688688114351395,-0.23421513071142136
13999.0,30.0,12,3901.81,325.1508333333333,0,0.2389195988805508,1.188899198454349
14000.0,6.0,1,635.66,635.66,0,-0.005764207421499856,-1.6711456610318396
14001.0,698.0,3,2043.0800000000002,681.0266666666668,0,0.5996921063653751,-1.1351158826592185
14002.0,187.0,2,529.73,264.865,0,-1.2576483800311216,-0.773258462597886
14004.0,246.0,7,4582.64,654.6628571428572,0,1.4273613332861061,0.30467543700346744
14005.0,128.0,5,2874.72,574.944,0,0.5836930576403021,-0.3352026278767705
14006.0,7.0,3,962.19,320.73,0,-0.9040437880222987,-0.6396756160444039
14012.0,161.0,1,328.8,328.8,0,-1.1297262947660796,-1.0769095023937851
14013.0,99.0,3,473.02,157.67333333333332,0,-1.6050239612390425,-0.4594996562185876
14016.0,338.0,4,4341.21,1085.3025,0,2.710037799435273,-1.0498627817788688
14019.0,305.0,3,1421.61,473.86999999999995,0,-0.26511509668341593,-0.8507246071465563
14020.0,2.0,2,642.8,321.4,0,-1.0247697520754517,-0.8423916292807807
14021.0,6.0,3,631.9,210.63333333333333,0,-1.374160359738958,-0.5111513381504895
14023.0,282.0,2,584.07,292.035,0,-1.155020767704199,-0.8264958789077661
14024.0,64.0,2,327.7,163.85,0,-1.6508357299298142,-0.6003779821528887
14027.0,62.0,1,104.82,104.82,0,-1.939399890076212,-0.6200863529042445
14029.0,154.0,2,467.66,233.83,0,-1.3786899185800752,-0.7206653070052742
14030.0,32.0,8,2360.09,295.01125,0,-0.4377147263476924,0.3455627478160782
14031.0,192.0,19,17286.86,909.8347368421053,0,6.564715864002228,5.7767914658142265
14032.0,7.0,11,2975.59,270.5081818181818,0,-0.25670166514801807,0.8707714452379153
14034.0,218.0,3,651.8199999999999,217.2733333333333,0,-1.356514318003562,-0.54196594976496
14035.0,30.0,5,1428.02,285.604,0,-0.8301984843631887,-0.22578536618395817
14037.0,425.0,2,147.20000000000002,73.60000000000001,0,-2.025910772392578,-0.4971634608971497
14039.0,183.0,1,152.2,152.2,0,-1.7731789999900696,-0.7276095093924234
14040.0,10.0,12,3614.92,301.24333333333334,0,0.06970824498161687,1.1301953725130005
14044.0,284.0,4,652.82,163.205,0,-1.5169939023692876,-0.34886684953295566
14045.0,193.0,4,1659.75,414.9375,0,-0.35767280337946306,-0.528731829137935
14047.0,163.0,5,1308.6100000000001,261.72200000000004,0,-0.9540281616718854,-0.23210737301661905
14048.0,162.0,1,409.93,409.93,0,-0.8346853722510088,-1.2385864790673928
14049.0,248.0,4,5681.72,1420.43,0,4.2518501525147006,-1.292703582088249
14050.0,122.0,2,746.36,373.18,0,-0.82610012811132,-0.9372070155587853
14051.0,31.0,23,15610.390000000001,678.7126086956522,0,5.3629011014517864,5.937868397920247
14053.0,156.0,2,260.25,130.125,0,-1.7888280846282094,-0.5571399766419739
14054.0,215.0,1,92.46,92.46,0,-1.9920859173528167,-0.6121211804247086
14056.0,36.0,23,8214.65,357.1586956521739,0,1.9532891031024584,3.659290583803813
14057.0,32.0,17,6217.96,365.76235294117646,0,1.2174006739371888,2.3959982551490486
14060.0,71.0,19,6140.42,323.18,0,1.093639489227432,2.601909577535234
14062.0,93.0,12,10464.85,872.0708333333333,0,4.129814952574256,2.574770135113939
14064.0,6.0,5,1353.74,270.748,0,-0.9018356951338257,-0.21810327798727974
14067.0,154.0,2,374.7,187.35,0,-1.5624662621391132,-0.6472766252429483
14071.0,122.0,8,1438.82,179.8525,0,-1.1163501384708008,0.23254962722628392
14073.0,153.0,1,151.04,151.04,0,-1.7758826583470182,-0.7220348079519905
14075.0,213.0,3,942.26,314.08666666666664,0,-0.9428210197183898,-0.6543437850802017
14076.0,306.0,1,122.47,122.47,0,-1.8875287776667975,-0.6817878676526193
14077.0,66.0,5,499.41999999999996,99.88399999999999,0,-1.7427360878362474,-0.16631588418289617
14078.0,67.0,6,1049.37,174.89499999999998,0,-1.2974993056971944,-0.04998711029113223
14079.0,156.0,1,375.1,375.1,0,-0.9610682547249745,-1.168570576223436
14080.0,153.0,1,45.599999999999994,45.599999999999994,0,-2.1593960516247686,-0.5120539566920627
14081.0,70.0,2,934.52,467.26,0,-0.451492105750252,-1.0800941524225682
14082.0,425.0,1,182.25,182.25,0,-1.6761047433288172,-0.8137876425031709
14083.0,38.0,9,1018.43,113.15888888888888,0,-1.4445937568780078,0.29848193718731275
14085.0,99.0,18,4448.54,247.14111111111112,0,0.28197405649584484,2.0138019091611135
14087.0,152.0,1,194.42,194.42,0,-1.6180475129845022,-0.8083160614602265
14088.0,278.0,13,50491.81,3883.9853846153846,2,26.81714473004323,11.896645286384132
14092.0,276.0,14,4076.91,291.2078571428571,0,0.2133785576173337,1.4557402709502765
14096.0,61.0,17,65164.79,3833.2229411764706,2,31.3935259022999,18.375064985332536
14098.0,275.0,1,147.35,147.35,0,-1.7954674939942747,-0.7279622880735412
14099.0,33.0,11,3104.17,282.1972727272727,0,-0.1784895919033953,0.8928860479369788
14102.0,243.0,5,1360.28,272.056,0,-0.9073946394533893,-0.24433999191048728
14104.0,126.0,2,216.20999999999998,108.10499999999999,0,-1.874376951845539,-0.5191073373230514
14107.0,246.0,7,2703.23,386.17571428571426,0,-0.05923774920469016,0.17478670461707058
14108.0,91.0,2,597.91,298.955,0,-1.118010782999389,-0.8166374985539736
14110.0,2.0,12,5683.15,473.5958333333333,0,1.2972646088322066,1.5699599342320818
14111.0,7.0,4,692.85,173.2125,0,-1.4570946592808096,-0.3262678855898839
14112.0,99.0,7,2915.15,416.45,0,0.11581566408422761,0.20542930894825184
14113.0,182.0,4,1840.42,460.105,0,-0.1499289468176278,-0.5615841581966765
14114.0,38.0,2,386.53,193.265,0,-1.5332188541887821,-0.6439929035094576
14116.0,64.0,5,1382.74,276.548,0,-0.876324221687457,-0.2263943889827848
14121.0,31.0,4,2780.15,695.0375,0,0.9353598994865722,-0.7222553353491193
14125.0,30.0,3,2740.43,913.4766666666666,0,1.626115014979753,-1.3335512168878116
14126.0,302.0,3,706.1300000000001,235.3766666666667,0,-1.283447750702223,-0.5722223266441848
14127.0,94.0,3,709.71,236.57000000000002,0,-1.267843670092112,-0.55097970209561
14128.0,62.0,2,637.5,318.75,0,-1.0382786760050673,-0.8447366507868919
14129.0,121.0,5,1123.8600000000001,224.77200000000002,0,-1.1330988243166629,-0.21492575636511702
14132.0,4.0,11,3586.0299999999997,326.00272727272727,0,0.12100151553947458,0.9895204018785139
14133.0,306.0,3,605.64,201.88,0,-1.4266971214743083,-0.5335874874320375
14135.0,40.0,15,4690.31,312.68733333333336,0,0.5129178426164378,1.7527256874167425
14138.0,121.0,2,982.3800000000001,491.19000000000005,0,-0.3594522273375309,-1.1234277640814656
14140.0,122.0,2,935.05,467.525,0,-0.4530713171587071,-1.0861711975911998
14141.0,31.0,4,915.13,228.7825,0,-1.2034015901276058,-0.3707707917269659
14142.0,698.0,1,311.81,311.81,0,-1.218652174457885,-1.1015106086852426
14145.0,187.0,4,3742.2,935.55,0,2.0307354593023725,-0.9205406469812241
14146.0,333.0,5,4191.0,838.2,0,1.8642704252289,-0.44736103049790565
14149.0,281.0,1,446.62,446.62,0,-0.7072458243582413,-1.3246031558945024
14150.0,244.0,2,658.64,329.32,0,-1.0056806277942116,-0.881231144589091
14156.0,1.0,55,117379.63,2134.175090909091,2,43.12557543747892,46.662677731529
14159.0,216.0,11,4693.01,426.6372727272728,0,0.7949486074316858,1.1811995369643369
14161.0,128.0,3,1110.52,370.17333333333335,0,-0.6990091610350238,-0.7105129325175545
14163.0,65.0,4,2445.91,611.4775,0,0.5503436066848704,-0.6629638223753264
14165.0,99.0,1,122.53999999999999,122.53999999999999,0,-1.8768167295736298,-0.6594015759787367
14167.0,10.0,4,574.84,143.71,0,-1.592577335283901,-0.3043539984535962
14171.0,305.0,1,363.79,363.79,0,-1.0097330759177303,-1.1622611706524157
14173.0,250.0,4,450.84,112.71,0,-1.7469022141085107,-0.3071015148691514
14174.0,183.0,1,134.46,134.46,0,-1.8377041099743952,-0.6922807887802163
14175.0,31.0,3,3222.3,1074.1000000000001,0,2.312005384315291,-1.5210092049779176
14176.0,517.0,4,576.9000000000001,144.22500000000002,0,-1.6158281240192889,-0.3599138583812179
14177.0,216.0,4,559.41,139.8525,0,-1.6206790202340227,-0.3238629118338873
14178.0,30.0,7,1620.93,231.5614285714286,0,-0.904416745268724,0.12349246534116665
14180.0,61.0,25,4748.52,189.94080000000002,0,0.34349077713264253,2.768415058181649
14184.0,245.0,1,452.89,452.89,0,-0.6826214774812864,-1.3331721757968018
14185.0,10.0,1,197.65,197.65,0,-1.5991254393650411,-0.7992961084012257
14188.0,91.0,6,2054.36,342.3933333333334,0,-0.4243145830106736,-0.04066653865901848
14189.0,61.0,15,4654.08,310.272,0,0.4923655551621522,1.7413005686944838
14191.0,64.0,13,4684.76,360.36615384615385,0,0.6241125227457998,1.4934286152234022
14193.0,276.0,2,853.39,426.695,0,-0.6222881693599267,-1.0384617185266856
14194.0,31.0,21,11349.52,540.4533333333334,0,3.510580980019379,4.372682302562278
14195.0,341.0,2,1012.0,506.0,0,-0.31200945100118416,-1.1707520741769648
14199.0,220.0,1,185.39999999999998,185.39999999999998,0,-1.654290952082901,-0.797752725425031
14201.0,62.0,7,747.44,106.77714285714286,0,-1.5969573317687866,0.05964208017682493
14204.0,152.0,1,161.03,161.03,0,-1.7394958457002088,-0.7418207975796405
14208.0,185.0,1,151.74,151.74,0,-1.7749531807011607,-0.726911071645031
14209.0,40.0,6,2073.43,345.57166666666666,0,-0.40514615209694793,-0.03489031169715917
14210.0,254.0,6,1905.8400000000001,317.64000000000004,0,-0.5617698430790572,-0.0601675409986987
14211.0,246.0,9,2241.1,249.0111111111111,0,-0.616869892830058,0.4536595394887625
14212.0,32.0,1,1070.48,1070.48,0,1.574478573046306,-2.539907010104967
14214.0,91.0,5,1004.38,200.876,0,-1.24876255164577,-0.20350536057792873
14215.0,188.0,6,1789.72,298.2866666666667,0,-0.6594664435308624,-0.054364128201802364
14216.0,182.0,4,1839.3,459.825,0,-0.1512133367267806,-0.5613730812705005
14217.0,40.0,17,2004.98,117.94,0,-0.9398214836042591,1.2528646818345273
14219.0,213.0,1,89.94,89.94,0,-2.001150791193771,-0.6068850303804226
14220.0,190.0,2,632.4,316.2,0,-1.0548275060441947,-0.8546393104589598
14221.0,254.0,9,3432.8,381.4222222222222,0,0.19972552380189224,0.626097150752995
14223.0,124.0,3,991.13,330.37666666666667,0,-0.8687584881151542,-0.6636592890938755
14224.0,128.0,4,1050.12,262.53,0,-1.0534985487862873,-0.40676673396994056
14226.0,30.0,5,2232.19,446.438,0,-0.041513547282108765,-0.2806786669267116
14227.0,129.0,10,3350.96,335.096,0,0.04837568686256599,0.787193695745141
14229.0,71.0,3,1547.2,515.7333333333333,0,-0.07451655380648248,-0.8740896783170105
14231.0,96.0,3,925.71,308.57,0,-0.9604691817940401,-0.6351772954937913
14232.0,188.0,5,2048.07,409.61400000000003,0,-0.23007014739156006,-0.2853040108628069
14233.0,6.0,4,1462.72,365.68,0,-0.5741751586789003,-0.4712499525541757
14234.0,91.0,4,775.46,193.865,0,-1.3666030343227034,-0.3509775551455434
14235.0,218.0,5,3144.86,628.972,0,0.8440845406283337,-0.36343638514819876
14236.0,666.0,2,490.86,245.43,0,-1.358690654192974,-0.7946966268987674
14237.0,698.0,1,161.0,161.0,0,-1.7671883546572174,-0.8011766540332157
14239.0,160.0,11,2380.85,216.4409090909091,0,-0.6322723923716309,0.7387452477660678
14240.0,91.0,2,890.34,445.17,0,-0.5398942151533312,-1.0475007968301888
14241.0,96.0,1,213.70000000000002,213.70000000000002,0,-1.5450919466534447,-0.8406177418324284
14243.0,129.0,10,2588.77,258.877,0,-0.44604074664280824,0.6559898265350642
14245.0,250.0,2,1693.45,846.725,0,1.0397735523215892,-1.6988305109372757
14246.0,129.0,3,1474.06,491.3533333333333,0,-0.18156128722819675,-0.8519646801569719
14247.0,191.0,1,136.76999999999998,136.76999999999998,0,-1.829706176311717,-0.6977516483059037
14250.0,32.0,3,1904.05,634.6833333333333,0,0.4354288809123783,-1.008587588909374
14251.0,121.0,5,2879.7000000000003,575.94,0,0.5889307961919898,-0.3347808282729924
14256.0,425.0,2,969.0600000000001,484.53000000000003,0,-0.40114285374551395,-1.1459933016155783
14257.0,125.0,5,3099.7200000000003,619.9440000000001,0,0.8045120244145703,-0.35023485222781037
14258.0,32.0,9,12669.98,1407.7755555555555,0,6.543719197694912,1.9936123271471313
14262.0,61.0,8,2618.23,327.27875,0,-0.2503000178692719,0.37132904965710256
14264.0,126.0,2,333.97,166.985,0,-1.641572495977291,-0.6120747551837602
14270.0,10.0,1,492.65000000000003,492.65000000000003,0,-0.5261317840450821,-1.3867804703291347
14273.0,37.0,4,559.97,139.9925,0,-1.610993918719902,-0.3044897094324159
14276.0,5.0,3,1119.74,373.24666666666667,0,-0.6796706704321814,-0.7007127992908146
14277.0,36.0,3,4216.2,1405.3999999999999,0,3.7265672597590345,-1.907977730352584
14282.0,122.0,15,3729.34,248.62266666666667,0,-0.008217236178657883,1.5013742873916627
14284.0,91.0,2,595.25,297.625,0,-1.1232694434325543,-0.814537521214389
14285.0,303.0,4,1910.01,477.5025,0,-0.07623755870260107,-0.5878663903960911
14286.0,37.0,3,4628.75,1542.9166666666667,0,4.313780761097867,-2.0684843739988326
14287.0,333.0,3,176.63,58.876666666666665,0,-2.038755929589681,-0.36972821414491763
14288.0,67.0,1,426.6,426.6,0,-0.7692528296082645,-1.2614464449675589
14289.0,7.0,6,911.26,151.87666666666667,0,-1.4146315430228502,-0.04509770345494757
14290.0,276.0,5,2314.65,462.93,0,0.026930924865412598,-0.31307712006503735
14291.0,33.0,11,3883.25,353.02272727272725,0,0.3033643477300818,1.0440239143837338
14292.0,2.0,9,4871.93,541.3255555555556,0,1.1990876778253305,0.8628114919670632
14293.0,162.0,4,1046.56,261.64,0,-1.0592987209106681,-0.4097956834496194
14297.0,62.0,4,1305.33,326.3325,0,-0.7574954099552849,-0.44768189833671734
14298.0,91.0,44,51527.3,1171.075,2,18.83029472649223,21.032569482858076
14299.0,1.0,9,3965.62,440.6244444444444,0,0.5777948392395267,0.7311162275718023
14304.0,340.0,1,383.45,383.45,0,-0.9399925800943161,-1.2052222106460064
14307.0,2.0,6,2995.72,499.28666666666663,0,0.39921715223163856,-0.01980481072979312
14309.0,30.0,9,2352.53,261.39222222222224,0,-0.5295641747030699,0.4933698059611752
14311.0,37.0,1,310.26,310.26,0,-1.1908968582016635,-1.0264939509615103
14312.0,38.0,6,1611.59,268.5983333333333,0,-0.8068715932523791,-0.04015609850723034
14315.0,126.0,6,2481.13,413.5216666666667,0,-0.05476911984155708,-0.03940819074804325
14317.0,184.0,1,508.58000000000004,508.58000000000004,0,-0.4769804380620539,-1.4374392678309698
14320.0,40.0,2,477.79,238.895,0,-1.3529043467130575,-0.7162571340535784
14321.0,71.0,5,1530.75,306.15,0,-0.7315179290964328,-0.23725941089109276
14326.0,37.0,1,183.85,183.85,0,-1.6506837326728365,-0.7747519231943683
14329.0,38.0,7,5014.84,716.4057142857143,0,1.7797362199060056,0.35717991611089583
14331.0,156.0,2,462.65999999999997,231.32999999999998,0,-1.3886756567045337,-0.7169356207417198
14332.0,245.0,3,866.31,288.77,0,-1.0525522871708692,-0.6282969556126148
14333.0,276.0,1,415.2,415.2,0,-0.8212761466610929,-1.2614869937613156
14334.0,69.0,8,2552.21,319.02625,0,-0.29901067736276554,0.36306159272889416
14335.0,246.0,2,468.26,234.13,0,-1.3821515054300135,-0.7311504059901239
14336.0,130.0,4,1614.91,403.7275,0,-0.4059115718570421,-0.513425567403171
14338.0,338.0,2,588.22,294.11,0,-1.149645532391755,-0.8358660671000944
14339.0,37.0,1,309.52,309.52,0,-1.193588435506534,-1.0250202613756574
14340.0,220.0,1,134.7,134.7,0,-1.838700370132806,-0.6967850740699633
14341.0,128.0,8,2182.28,272.785,0,-0.5726672502884118,0.31519416825649527
14342.0,122.0,4,668.5600000000001,167.14000000000001,0,-1.4907595540073317,-0.33420442961056057
14344.0,99.0,8,889.9300000000001,111.24125000000001,0,-1.516808297116948,0.17355469796609135
14345.0,334.0,1,108.97999999999999,108.97999999999999,0,-1.9380100373509088,-0.6579698586752558
14346.0,33.0,2,1021.58,510.79,0,-0.2775105041155963,-1.144798657799324
14350.0,69.0,1,282.93,282.93,0,-1.2919199641443433,-0.9755492429093333
14352.0,38.0,4,1078.96,269.74,0,-1.0158787958303048,-0.40240818449601035
14353.0,128.0,1,90.6,90.6,0,-1.99445607757915,-0.5989497207570788
14354.0,91.0,2,163.62,81.81,0,-1.976576061014177,-0.4737806719343469
14355.0,455.0,1,174.4,174.4,0,-1.7061728572919796,-0.8014191774996363
14360.0,122.0,4,2128.23,532.0575,0,0.18315599839699992,-0.609296087495703
14364.0,6.0,8,3717.35,464.66875,0,0.5566991929278657,0.5004598400583321
14367.0,34.0,16,9261.52,578.845,0,2.866424842070981,3.069235818108404
14375.0,158.0,1,257.68,257.68,0,-1.388257140270718,-0.9349495250147275
14377.0,339.0,2,617.05,308.525,0,-1.0927008708633577,-0.8587351675958308
14383.0,184.0,3,1247.69,415.8966666666667,0,-0.5065770325575296,-0.7699379989204005
14387.0,153.0,3,1770.56,590.1866666666666,0,0.23929335586803901,-0.9698543933922184
14388.0,64.0,8,3212.84,401.605,0,0.18462161911454,0.4376228557249465
14389.0,215.0,2,1043.46,521.73,0,-0.24344952029551425,-1.181877355823814
14390.0,6.0,9,4652.82,516.98,0,1.0486692926154277,0.8305111855507806
14393.0,219.0,1,67.95,67.95,0,-2.081437398534314,-0.5637454706998243
14395.0,61.0,9,3507.71,389.74555555555554,0,0.26083211007546914,0.6579934819899124
14396.0,215.0,2,487.99,243.995,0,-1.341580389021191,-0.7433531404782981
14397.0,5.0,19,2612.96,137.52421052631578,0,-0.6363658444195059,1.6001851968934888
14401.0,66.0,13,4051.48,311.6523076923077,0,0.26174476215247844,1.3490651177803343
14403.0,189.0,4,1475.81,368.9525,0,-0.5684088342994587,-0.4936309341188824
14404.0,183.0,6,1474.32,245.72,0,-0.9336293852394492,-0.05756477353103184
14406.0,3.0,1,156.75,156.75,0,-1.7475360112411418,-0.7170831482270806
14407.0,130.0,6,2157.73,359.62166666666667,0,-0.3363471776454987,-0.04368319811048371
14408.0,185.0,7,2606.53,372.3614285714286,0,-0.13264505627177625,0.174741634984253
14409.0,94.0,6,2059.4500000000003,343.24166666666673,0,-0.42003755708978185,-0.040932564432535234
14410.0,124.0,9,1105.07,122.78555555555555,0,-1.389540187081171,0.30172343582768835
14411.0,312.0,1,1063.0,1063.0,0,1.533126489970852,-2.555480335235922
14413.0,364.0,1,122.7,122.7,0,-1.8896223101437273,-0.6885574536269244
14414.0,93.0,7,1496.98,213.8542857142857,0,-1.00564295589917,0.10807045606536236
14415.0,66.0,13,5900.28,453.86769230769227,0,1.3193475865203546,1.7698850742753498
14418.0,182.0,3,1937.25,645.75,0,0.47511115345334964,-1.0378185860556868
14419.0,62.0,6,1058.06,176.34333333333333,0,-1.2896859273607102,-0.04933983501330741
14420.0,335.0,1,387.52,387.52,0,-0.9249363097622344,-1.2127834044613668
14421.0,6.0,2,813.11,406.555,0,-0.6882791746762387,-0.9772807207012297
14422.0,90.0,6,4263.64,710.6066666666667,0,1.4979323763584818,-0.01432693718505762
14423.0,220.0,1,265.2,265.2,0,-1.364037075152282,-0.9566722240075636
14426.0,130.0,10,4481.67,448.16700000000003,0,0.7817926831870767,0.9817260113165421
14427.0,154.0,2,363.34000000000003,181.67000000000002,0,-1.5849243006807514,-0.6383083009656245
14428.0,275.0,5,1244.83,248.96599999999998,0,-1.0222381482147496,-0.23994151365819083
14431.0,70.0,1,470.36,470.36,0,-0.610237599051267,-1.3489197371183197
14432.0,32.0,6,2255.51,375.91833333333335,0,-0.24632227584031074,-0.03185791758541123
14434.0,62.0,6,1372.8,228.79999999999998,0,-1.0158446271941346,-0.045602926957322154
14436.0,305.0,1,89.06,89.06,0,-2.008999336684009,-0.6151439545424007
14437.0,455.0,1,63.0,63.0,0,-2.111364359673822,-0.5795691506563513
14438.0,192.0,1,131.9,131.9,0,-1.8474701838221255,-0.6881619974344263
14440.0,333.0,5,2357.6800000000003,471.53600000000006,0,0.06625275626651006,-0.32221711053358854
14441.0,90.0,4,1712.89,428.2225,0,-0.2915296290979208,-0.5275382379580985
14443.0,312.0,4,1420.2,355.05,0,-0.6383949276625422,-0.49653542091920955
14446.0,30.0,4,1039.58,259.895,0,-1.0606347102090046,-0.39411601075149827
14447.0,252.0,5,1163.23,232.64600000000002,0,-1.1011049244114037,-0.23186857606666345
14448.0,424.0,2,375.35,187.675,0,-1.5748213895169134,-0.6771711185692542
14449.0,160.0,4,907.1,226.775,0,-1.2191271620721473,-0.3832951973471471
14450.0,5.0,3,483.25,161.08333333333334,0,-1.5857127897516128,-0.4532479806948665
14451.0,62.0,2,662.59,331.295,0,-0.9886772510922416,-0.8645443317831996
14452.0,155.0,2,264.44,132.22,0,-1.780494186944909,-0.5603390159030361
14453.0,308.0,1,119.93,119.93,0,-1.8968684729645515,-0.676947167285532
14456.0,32.0,9,3062.4,340.26666666666665,0,-0.04299618200145139,0.5963881068983407
14457.0,312.0,1,113.64,113.64,0,-1.9199489561801857,-0.6648560849312459
14459.0,157.0,1,1837.92,1837.92,0,4.359547595312245,-4.081845071650171
14460.0,312.0,3,434.34,144.78,0,-1.6708454100379788,-0.46763963717573326
14462.0,33.0,11,2004.02,182.18363636363637,0,-0.858922425101231,0.6794621071717203
14463.0,305.0,3,529.62,176.54,0,-1.5348609057483493,-0.5039223894535841
14465.0,70.0,3,1058.6200000000001,352.8733333333334,0,-0.769958593428486,-0.6840228685128499
14466.0,61.0,7,2272.4,324.62857142857143,0,-0.39067499698961294,0.16514308226006258
14472.0,65.0,8,1936.84,242.105,0,-0.7490717845673613,0.2945506504209031
14473.0,311.0,2,234.34000000000003,117.17000000000002,0,-1.8478810501653893,-0.5535520003219246
14475.0,131.0,3,925.85,308.6166666666667,0,-0.9620380581880905,-0.6390404192931702
14477.0,127.0,4,1309.6,327.4,0,-0.7558824104454692,-0.45555991490657
14479.0,455.0,2,316.25,158.125,0,-1.6932246342166066,-0.633887140524897
14482.0,91.0,6,2068.15,344.69166666666666,0,-0.41231651625939625,-0.04050280998744171
14483.0,283.0,1,137.1,137.1,0,-1.8331536291818291,-0.708420254087993
14485.0,334.0,1,165.75,165.75,0,-1.7315224108678102,-0.7710257475791452
14487.0,32.0,6,1196.33,199.38833333333332,0,-1.1678677683434362,-0.04443356184651093
14488.0,276.0,1,1064.28,1064.28,0,1.5396008763730724,-2.55411190779578
14491.0,667.0,2,340.93,170.465,0,-1.655143789293381,-0.676440934453095
14493.0,91.0,5,2383.2400000000002,476.648,0,0.1035461795225372,-0.29762746991072286
14495.0,64.0,2,123.8,61.9,0,-2.053933798472068,-0.43940603495690933
14496.0,343.0,2,538.8100000000001,269.40500000000003,0,-1.2475787335631001,-0.7974026921915587
14497.0,284.0,1,475.37,475.37,0,-0.6028259658905746,-1.3821844471214058
14498.0,188.0,5,1957.32,391.464,0,-0.319072669296267,-0.2791093417724345
14499.0,191.0,3,815.32,271.77333333333337,0,-1.1224084126839942,-0.6025959751685152
14500.0,2.0,3,356.85,118.95,0,-1.7654913554914362,-0.4037776965137273
14501.0,96.0,2,251.21,125.605,0,-1.803668480477387,-0.543474024666072
14502.0,183.0,11,2470.67,224.60636363636365,0,-0.5778814717686382,0.7536670515771152
14503.0,182.0,6,3543.26,590.5433333333334,0,0.8665139709481049,-0.03289142889311669
14504.0,68.0,4,673.26,168.315,0,-1.4826416758185283,-0.3292139306605572
14505.0,67.0,8,5905.64,738.205,0,2.1547784944569335,0.7389984375528428
14506.0,245.0,5,2012.17,402.434,0,-0.26815844330658967,-0.28905617509110354
14507.0,128.0,6,1383.18,230.53,0,-1.01014770609549,-0.05266179078630806
14508.0,32.0,2,276.42,138.21,0,-1.7505966047752954,-0.5564119754747703
14511.0,124.0,5,1314.81,262.962,0,-0.9459773063938204,-0.22828661860515664
14512.0,219.0,2,275.28,137.64,0,-1.7622973751975244,-0.5758612843018662
14514.0,10.0,3,1055.35,351.7833333333333,0,-0.7715822893945715,-0.6762223184408656
14515.0,220.0,6,2102.09,350.34833333333336,0,-0.38930378413485955,-0.05413759215980796
14517.0,183.0,2,330.45,165.225,0,-1.6514109095915366,-0.6154985653399306
14518.0,184.0,1,174.37,174.37,0,-1.6925913178738623,-0.771869272576982
14520.0,121.0,2,270.6,135.3,0,-1.7665985894121023,-0.5615022487545689
14522.0,124.0,4,974.54,243.635,0,-1.1399698559957636,-0.39208753155841836
14524.0,122.0,9,1867.68,207.52,0,-0.8666128997752014,0.41284696038996616
14525.0,32.0,9,4332.2,481.35555555555555,0,0.8275467839835773,0.7810543095083541
14527.0,2.0,55,8508.82,154.7058181818182,0,2.0824369221941144,6.50745102445483
14528.0,303.0,1,364.21999999999997,364.21999999999997,0,-1.0080680132054851,-1.1628998642274087
14529.0,62.0,3,620.04,206.67999999999998,0,-1.3938721094719226,-0.5126341243677014
14530.0,155.0,6,2925.91,487.65166666666664,0,0.33074915890553735,-0.03728309141681152
14533.0,32.0,7,1949.72,278.5314285714286,0,-0.6444473823368336,0.1459979762997804
14534.0,3.0,18,4447.05,247.05833333333334,0,0.286077253221096,2.023832919446636
14535.0,62.0,3,2864.19,954.73,0,1.8006704946077994,-1.3851508530705834
14538.0,184.0,2,388.25,194.125,0,-1.5371942959019371,-0.6612384716731734
14540.0,284.0,3,996.26,332.08666666666664,0,-0.8695389893335247,-0.6830649780160679
14541.0,1.0,8,1461.65,182.70625,0,-1.0935327377059498,0.2482747001536404
14542.0,158.0,1,103.25,103.25,0,-1.949960225664146,-0.6274064402265005
14543.0,30.0,16,3630.33,226.895625,0,-0.08498510476150933,1.5926596453889341
14546.0,221.0,5,2578.09,515.618,0,0.2880766822687042,-0.3250746615683258
14547.0,182.0,8,4007.54,500.9425,0,0.7601384302144982,0.5138205247172017
14548.0,4.0,2,652.8,326.4,0,-1.0051013900128882,-0.8505039204960869
14549.0,343.0,1,289.24,289.24,0,-1.282811026230521,-1.017932053931704
14552.0,34.0,1,165.07,165.07,0,-1.7188400428573167,-0.7370256119282148
14553.0,183.0,5,859.27,171.85399999999998,0,-1.3957260705868477,-0.20361145339250608
14555.0,70.0,2,324.14,162.07,0,-1.6581767505605542,-0.5982204048527698
14560.0,60.0,22,2237.77,101.71681818181818,0,-0.810597772274374,1.7351627549525719
14561.0,127.0,3,1080.76,360.25333333333333,0,-0.7413219367469244,-0.6988335413188598
14562.0,61.0,18,5074.77,281.9316666666667,0,0.5976939578424065,2.1926462894815395
14565.0,216.0,4,3099.12,774.78,0,1.291801244207122,-0.8025005727075609
14567.0,337.0,2,1530.3600000000001,765.1800000000001,0,0.7129592499860358,-1.5795439581143143
14569.0,121.0,1,227.39,227.39,0,-1.496560742289815,-0.8706014937048663
14570.0,252.0,2,218.06,109.03,0,-1.8770850107358952,-0.5342791403309255
14572.0,182.0,7,2832.84,404.6914285714286,0,0.046515997609484216,0.19070870442746002
14573.0,36.0,9,1653.42,183.71333333333334,0,-1.0091595340853547,0.3910457666975431
14576.0,666.0,1,35.400000000000006,35.400000000000006,0,-2.222412434165661,-0.5475654859171385
14577.0,364.0,4,859.71,214.9275,0,-1.2837787924391857,-0.3965632403070399
14578.0,182.0,1,168.63,168.63,0,-1.7133681902576312,-0.7602205813618217
14583.0,158.0,5,1052.55,210.51,0,-1.204904886174103,-0.21408440945655588
14584.0,95.0,4,1042.26,260.565,0,-1.0608450856595038,-0.4016943734707974
14586.0,130.0,1,237.36,237.36,0,-1.4607518652861586,-0.8914358516979126
14587.0,10.0,9,1601.14,177.90444444444447,0,-1.0436878933191662,0.38627203401948285
14589.0,639.0,1,39.75,39.75,0,-2.205226310494386,-0.5532902568181697
14591.0,67.0,4,1447.14,361.785,0,-0.5951236006311706,-0.47495172840517563
14592.0,183.0,3,570.46,190.15333333333334,0,-1.4705619335121716,-0.5065248081391222
14594.0,302.0,2,379.83,189.915,0,-1.55980137647187,-0.6674319091829242
14595.0,92.0,6,1740.6,290.09999999999997,0,-0.6973537477183701,-0.04450063095625789
14597.0,339.0,2,883.15,441.575,0,-0.566637133545586,-1.068811848070819
14600.0,162.0,1,393.33000000000004,393.33000000000004,0,-0.8950639982791826,-1.2055280370063648
14603.0,69.0,1,660.0,660.0,0,0.07958416335225627,-1.7264737457979997
14606.0,6.0,93,12156.65,130.71666666666667,0,3.996576315032406,10.725298450222132
14607.0,275.0,14,16569.5,1183.5357142857142,0,7.131861812893758,4.464399085041674
14608.0,60.0,4,1785.15,446.2875,0,-0.20714797349171543,-0.5378918754862891
14616.0,37.0,3,406.08000000000004,135.36,0,-1.6971807245289046,-0.4267268200065422
14618.0,193.0,3,553.44,184.48000000000002,0,-1.4952950565016976,-0.5009956966274174
14619.0,129.0,1,394.44,394.44,0,-0.8893595042969332,-1.2041475186000579
14620.0,342.0,2,412.78000000000003,206.39000000000001,0,-1.4966819643034008,-0.697797577632805
14621.0,91.0,5,1788.3600000000001,357.672,0,-0.4798788367934069,-0.25702047543710516
14622.0,127.0,1,320.58000000000004,320.58000000000004,0,-1.1579069793939074,-1.0568397265898837
14623.0,153.0,5,889.25,177.85,0,-1.364807793245129,-0.20239331922787518
14624.0,31.0,2,225.85,112.925,0,-1.85051994217475,-0.5163799022863383
14626.0,94.0,4,2791.27,697.8175,0,0.9449293574850193,-0.7312066739136551
14628.0,37.0,2,671.96,335.98,0,-0.9688903473989424,-0.8692211258475048
14629.0,213.0,2,959.01,479.505,0,-0.4103010662863308,-1.1149893830550959
14636.0,275.0,2,609.85,304.925,0,-1.103701620965358,-0.8460865523985375
14639.0,33.0,6,2984.49,497.41499999999996,0,0.38788033785859866,-0.023311557743430855
14640.0,31.0,6,2125.08,354.18,0,-0.3597531089752508,-0.03329769320895759
14642.0,1.0,1,96.12,96.12,0,-1.967962448846987,-0.596122536245063
14644.0,276.0,2,830.76,415.38,0,-0.6670263218420807,-1.020596121836911
14645.0,99.0,2,597.09,298.545,0,-1.1200360260580842,-0.8168606953693927
14646.0,3.0,73,280206.02,3838.4386301369864,3,100.73520343754473,110.99610082279244
14649.0,36.0,4,1417.29,354.3225,0,-0.6277887953006721,-0.4659527381771482
14651.0,6.0,2,654.6,327.3,0,-1.0016439360525633,-0.8521425973562828
14653.0,121.0,7,1947.55,278.2214285714286,0,-0.6506600296737427,0.13616304393230316
14655.0,333.0,4,1932.23,483.0575,0,-0.052271751258143206,-0.5953185992831782
14656.0,342.0,2,291.05,145.525,0,-1.7373348720211472,-0.6016959830660243
14657.0,156.0,4,848.22,212.055,0,-1.286447298314794,-0.3717633026741425
14658.0,243.0,2,247.15,123.575,0,-1.819121154493667,-0.5562653039559663
14659.0,189.0,9,2529.93,281.1033333333333,0,-0.41597571925401766,0.501866629367047
14662.0,30.0,4,771.17,192.7925,0,-1.3684410454908469,-0.3435310484703312
14664.0,183.0,2,637.89,318.945,0,-1.0436204721583322,-0.858211735746659
14665.0,32.0,5,1835.7,367.14,0,-0.43046979096403004,-0.2538315753859532
14667.0,69.0,25,9241.2,369.648,0,2.3622745945171695,4.188945350629211
14669.0,7.0,3,1269.99,423.33,0,-0.4658911629590283,-0.7593470502599184
14670.0,252.0,2,411.53,205.765,0,-1.4946064265236845,-0.6870169658532704
14672.0,163.0,2,765.55,382.775,0,-0.7902339295454717,-0.9568184631160908
14673.0,182.0,5,1736.4,347.28000000000003,0,-0.5354355290954539,-0.2633762435201036
14676.0,122.0,6,2548.2400000000002,424.7066666666667,0,0.003822387731426291,-0.03817611458490544
14680.0,64.0,16,28754.11,1797.131875,0,13.082032650489943,8.178705594510747
14681.0,6.0,3,498.95,166.31666666666666,0,-1.563414393209269,-0.4594608989726056
14682.0,219.0,2,52.0,26.0,0,-2.2037085411814106,-0.399589502203199
14684.0,128.0,5,1236.28,247.256,0,-1.023197212216972,-0.22336137581693621
14688.0,4.0,21,5630.87,268.13666666666666,0,0.7970745734807818,2.671089869054285
14690.0,34.0,2,371.7,185.85,0,-1.5623347984494491,-0.6318498559832257
14691.0,36.0,5,2114.33,422.866,0,-0.15740715437963282,-0.27328636579131343
14696.0,3.0,7,2078.95,296.99285714285713,0,-0.5407623787330456,0.15808502141496195
14697.0,220.0,2,188.60999999999999,94.30499999999999,0,-1.933689285109197,-0.5075471582103755
14698.0,121.0,5,1250.76,250.152,0,-1.0086424052565277,-0.22358805396917508
14699.0,97.0,1,109.13000000000001,109.13000000000001,0,-1.9254914369957177,-0.6324782913534508
14700.0,153.0,3,2235.3,745.1,0,0.9008497267969031,-1.1505434848065077
14701.0,190.0,9,2549.37,283.2633333333333,0,-0.4026986628726107,0.5045849563637078
14702.0,101.0,17,3292.14,193.65529411764706,0,-0.28394680867648714,1.5952136778318327
14704.0,5.0,9,1546.91,171.8788888888889,0,-1.0806140231956627,0.37892949867876236
14708.0,126.0,3,1126.37,375.45666666666665,0,-0.67634568272842,-0.7164577108635806
14709.0,91.0,13,4921.04,378.54153846153844,0,0.7579120719435797,1.5442720363626892
14710.0,31.0,4,606.13,151.5325,0,-1.5577555918491859,-0.3125361754873303
14711.0,93.0,11,2868.8,260.8,0,-0.32709495178244963,0.8406961848400155
14712.0,61.0,3,917.07,305.69,0,-0.971000036761386,-0.6280094049925544
14713.0,61.0,11,2666.36,242.39636363636365,0,-0.4506856533849105,0.8049060072010789
14715.0,10.0,4,867.38,216.845,0,-1.2570992781200467,-0.35948653772460926
14719.0,62.0,5,1602.13,320.42600000000004,0,-0.66105774802563,-0.24115248993505872
14720.0,32.0,3,663.81,221.26999999999998,0,-1.3300500395180004,-0.5263871354608693
14723.0,275.0,6,1158.3,193.04999999999998,0,-1.2132321074339762,-0.07132829891285875
14727.0,69.0,1,268.58,268.58,0,-1.34411474025906,-0.9469716137782637
14729.0,698.0,1,313.49,313.49,0,-1.2125415665225037,-1.1048562823396118
14730.0,121.0,8,2005.06,250.6325,0,-0.7019846139501706,0.2961001299374
14731.0,36.0,3,380.02,126.67333333333333,0,-1.7342265583540795,-0.41648597431336215
14732.0,2.0,8,2702.4900000000002,337.81125000000003,0,-0.18566677006761134,0.38718992997412294
14733.0,40.0,12,9585.91,798.8258333333333,0,3.6109870363568146,2.394019887037905
14735.0,182.0,32,6065.69,189.5528125,0,0.9076849788405084,3.7887818936493796
14737.0,182.0,3,1164.55,388.18333333333334,0,-0.6248256021879406,-0.7373958530526716
14738.0,6.0,7,1314.45,187.77857142857144,0,-1.1456276484084758,0.10492286581012156
14739.0,185.0,7,3902.28,557.4685714285714,0,0.8922833846418343,0.26429278400957146
14740.0,342.0,3,1448.21,482.7366666666667,0,-0.22911925916046072,-0.8650929148535103
14741.0,667.0,6,1400.34,233.39,0,-1.0224473097062967,-0.11111191226075712
14744.0,31.0,7,1099.98,157.14000000000001,0,-1.3165347706041977,0.08738004063235327
14745.0,127.0,5,1220.26,244.052,0,-1.0388582127552066,-0.22215901775647612
14747.0,251.0,1,328.2,328.2,0,-1.1364553675383031,-1.085508399268759
14748.0,36.0,5,1415.75,283.15,0,-0.8425353279574842,-0.22560072465464748
14755.0,101.0,11,5010.28,455.47999999999996,0,0.9969869239075428,1.25526270396034
14759.0,213.0,3,1625.97,541.99,0,0.030438666058116626,-0.9201675546951773
14761.0,1.0,2,255.9,127.95,0,-1.7895973238683154,-0.5368387370613349
14765.0,60.0,3,254.11,84.70333333333333,0,-1.9146716240069541,-0.37014433430957183
14766.0,67.0,6,2473.37,412.2283333333333,0,-0.058540128480431775,-0.03307995812832143
14768.0,247.0,2,192.60000000000002,96.30000000000001,0,-1.9271653082980396,-0.5136352583166414
14769.0,152.0,8,10674.75,1334.34375,0,5.64001855990249,1.2640811319439642
14775.0,1.0,3,1011.9,337.3,0,-0.832978597838885,-0.6583497506208368
14776.0,219.0,11,2538.3,230.75454545454548,0,-0.5378716130434923,0.762869442292046
14778.0,247.0,2,730.86,365.43,0,-0.8630575771869393,-0.9385727781680777
14779.0,252.0,3,386.15,128.71666666666667,0,-1.7364126275045257,-0.4423743670746364
14788.0,302.0,2,679.4399999999999,339.71999999999997,0,-0.967490379336291,-0.9039635673456872
14789.0,30.0,1,197.64,197.64,0,-1.6001721926525012,-0.8014525893044175
14790.0,3.0,4,745.06,186.265,0,-1.3970193714093777,-0.33567218353196376
14792.0,154.0,1,6.2,6.2,0,-2.302754875807036,-0.43369876338882
14794.0,91.0,7,1319.91,188.55857142857144,0,-1.1456029473817737,0.09605053285910914
14796.0,34.0,17,8022.49,471.9111764705882,0,2.1411214425514227,2.885041869751468
14798.0,312.0,3,173.74,57.913333333333334,0,-2.041808938600319,-0.36631937805759457
14800.0,31.0,12,4339.74,361.645,0,0.49870805715226574,1.281722427303361
14801.0,92.0,1,193.14,193.14,0,-1.6196720724050682,-0.799237789889208
14803.0,99.0,3,845.55,281.84999999999997,0,-1.0747283231142206,-0.6043378608589568
14804.0,333.0,1,353.27,353.27,0,-1.0494116537160778,-1.1443578347425976
14808.0,65.0,8,2741.17,342.64625,0,-0.1605475044645307,0.3846680014220434
14810.0,101.0,11,2087.88,189.80727272727273,0,-0.810491067036742,0.6883308087711467
14813.0,578.0,2,155.43,77.715,0,-2.017369967841978,-0.5203101857562548
14815.0,275.0,2,778.5,389.25,0,-0.7702906878626066,-0.9792298525191943
14817.0,161.0,2,1110.34,555.17,0,-0.10850374458446455,-1.2288005178824495
14819.0,184.0,2,272.07,136.035,0,-1.7668751865504855,-0.5695184087735712
14820.0,183.0,4,507.29,126.8225,0,-1.678781894052861,-0.31044924351996656
14821.0,486.0,1,48.800000000000004,48.800000000000004,0,-2.164579635757134,-0.5546636556096332
14823.0,5.0,3,321.43,107.14333333333333,0,-1.8160632049164551,-0.3903329986131427
14824.0,93.0,4,1127.71,281.9275,0,-0.9627519781892662,-0.4175807726060483
14825.0,32.0,12,2226.91,185.57583333333332,0,-0.754957392152169,0.8332551477048499
14828.0,163.0,3,2139.76,713.2533333333334,0,0.7643435559842193,-1.114486104891287
14829.0,61.0,4,697.55,174.3875,0,-1.4544328364463677,-0.333029923027436
14834.0,1.0,6,1720.3,286.71666666666664,0,-0.7104186446121643,-0.0348390527542497
14836.0,30.0,3,102.44999999999999,34.15,0,-2.1290437305186423,-0.3079149269857871
14837.0,32.0,4,1649.5,412.375,0,-0.3612937006011352,-0.5092801135403752
14841.0,31.0,6,3295.76,549.2933333333334,0,0.6588035831484291,-0.019398209435109726
14842.0,216.0,4,2824.69,706.1725,0,0.9770913131635843,-0.7507810719481978
14844.0,7.0,4,3189.81,797.4525,0,1.40636090103866,-0.7968488155760349
14849.0,3.0,25,7930.54,317.2216,0,1.776546441430598,3.781458875535618
14850.0,343.0,1,325.75,325.75,0,-1.1500144216348205,-1.0906407117418326
14852.0,1.0,6,2836.69,472.7816666666667,0,0.2609027288801262,-0.021584154156609192
14853.0,6.0,2,475.8,237.9,0,-1.3551208102818664,-0.7109862258082636
14854.0,69.0,7,2759.83,394.26142857142855,0,-0.00552570918057238,0.19795951345108576
14855.0,3.0,2,645.65,322.825,0,-1.0191859920709765,-0.8447504247831304
14856.0,275.0,3,1311.3799999999999,437.1266666666666,0,-0.4205116890418511,-0.8046030215237098
14857.0,31.0,2,1173.12,586.56,0,0.022176023435942716,-1.2642165693796947
14863.0,61.0,1,266.76,266.76,0,-1.3503304132739187,-0.9424765757351005
14865.0,302.0,2,52.2,26.1,0,-2.207506232756806,-0.4087794370896495
14866.0,31.0,12,14389.9,1199.1583333333333,0,6.461814709195389,3.4144421721554687
14867.0,158.0,3,710.28,236.76,0,-1.2702654943297649,-0.558165781870116
14868.0,33.0,8,2953.59,369.19875,0,-0.0035042328080030494,0.41194982874608266
14869.0,333.0,2,725.7,362.85,0,-0.8776032243223407,-0.9438576391128475
14871.0,182.0,4,522.38,130.595,0,-1.6614265145493792,-0.3131843083957398
14878.0,5.0,9,1485.54,165.06,0,-1.1226877527770938,0.3700044987936022
14880.0,158.0,3,706.19,235.39666666666668,0,-1.2760876003613073,-0.5565756058923985
14882.0,183.0,2,589.7,294.85,0,-1.1388892113591718,-0.820167409432906
14883.0,6.0,6,761.59,126.93166666666667,0,-1.544802245939848,-0.04676591560069354
14886.0,341.0,1,364.8,364.8,0,-1.0078781217413655,-1.1681900699190488
14889.0,163.0,1,135.9,135.9,0,-1.8314560654086045,-0.6929721134280646
14891.0,219.0,2,554.38,277.19,0,-1.210533417717667,-0.7962010119252005
14895.0,61.0,20,11138.710000000001,556.9355,0,3.4749714548346486,4.172938738446872
14896.0,455.0,2,468.77000000000004,234.38500000000002,0,-1.3917017435149661,-0.7542963675299523
14897.0,2.0,4,1366.38,341.595,0,-0.6844535502758847,-0.4526582885467479
14898.0,70.0,6,1303.52,217.25333333333333,0,-1.076526231547646,-0.04729604665617315
14901.0,2.0,9,1421.29,157.92111111111112,0,-1.1665843808820098,0.360987121692833
14903.0,156.0,5,2810.63,562.126,0,0.5194226390530479,-0.3338747460304857
14904.0,152.0,2,1025.44,512.72,0,-0.275891280363479,-1.1607955473198022
14905.0,218.0,2,616.15,308.075,0,-1.0883673141164514,-0.8448574554017825
14907.0,30.0,7,3501.1,500.15714285714284,0,0.58278349146872,0.2534337224223422
14910.0,122.0,4,434.35,108.5875,0,-1.7593461259918342,-0.2900648520394114
14911.0,1.0,201,143825.06,715.5475621890547,2,50.0114984076294,71.18652221227431
14912.0,160.0,2,867.85,433.925,0,-0.5878414091768043,-1.0372542901778217
14913.0,38.0,4,1227.43,306.8575,0,-0.8456168584982563,-0.4303890695222198
14915.0,93.0,2,307.48,153.74,0,-1.6922745088826283,-0.5875707701710059
14916.0,155.0,4,1268.98,317.245,0,-0.8038790130559942,-0.4509515609801196
14918.0,126.0,2,1610.15,805.075,0,0.8813588091342976,-1.619574409781921
14920.0,36.0,2,977.77,488.885,0,-0.3642718031550023,-1.1105386482534971
14921.0,91.0,2,1316.07,658.035,0,0.301748456354729,-1.3835998016352122
14924.0,129.0,1,310.05,310.05,0,-1.1963084350510056,-1.0360871616404097
14929.0,152.0,1,223.88,223.88,0,-1.5108936381176346,-0.8669848387564847
14930.0,69.0,3,2372.86,790.9533333333334,0,1.100909683767461,-1.1948854122902812
14931.0,213.0,5,1257.68,251.536,0,-1.0065034073361996,-0.23407183870451648
14932.0,455.0,1,363.53,363.53,0,-1.018256619899899,-1.1780663550298918
14934.0,311.0,2,1890.94,945.47,0,1.4271177744893286,-1.8613799930872972
14936.0,99.0,8,8137.02,1017.1275,0,3.7858515876199426,0.9855206239751347
14937.0,337.0,3,1621.88,540.6266666666667,0,0.01835220017526973,-0.9320710316068752
14944.0,61.0,12,5900.25,491.6875,0,1.4230969058098197,1.6096098243818444
14947.0,337.0,2,290.82,145.41,0,-1.7375369730687202,-0.6009703071711839
14948.0,250.0,6,1101.97,183.66166666666666,0,-1.2609793637169278,-0.06927661047514277
14952.0,2.0,11,8099.49,736.3172727272727,0,2.9126367765031094,1.8653281152369678
14958.0,129.0,3,499.68,166.56,0,-1.5685890806302416,-0.4731295532209321
14959.0,128.0,4,695.42,173.855,0,-1.4602602459081138,-0.3399194252961581
14960.0,333.0,2,221.27,110.635,0,-1.874831074811644,-0.5456277258020683
14961.0,93.0,9,7044.68,782.7422222222223,0,2.684073238048089,1.168890535996383
14963.0,96.0,5,1487.8,297.56,0,-0.7749038615209181,-0.2370481033598883
14964.0,190.0,1,206.21,206.21,0,-1.5770838626182244,-0.8359306729051272
14965.0,246.0,2,599.0,299.5,0,-1.1236863681999292,-0.8343650816958735
14968.0,91.0,1,147.59,147.59,0,-1.785299048288667,-0.708417401681346
14970.0,304.0,4,1592.06,398.015,0,-0.44090573096141505,-0.5280538631438257
14971.0,244.0,3,1116.57,372.19,0,-0.6962572069041572,-0.7254882434555977
14972.0,278.0,1,114.77,114.77,0,-1.9141211978343131,-0.6634065761918391
14974.0,303.0,1,114.39,114.39,0,-1.9167663349295032,-0.6653703112089357
14976.0,69.0,7,790.86,112.98,0,-1.562966073684274,0.061881160453685524
14981.0,160.0,1,102.12,102.12,0,-1.9541713750161334,-0.625373715962187
14984.0,5.0,2,213.27,106.635,0,-1.8740763527240678,-0.5036191161918779
14987.0,455.0,2,326.4,163.2,0,-1.673158693090055,-0.6419002119522594
14988.0,6.0,1,334.54,334.54,0,-1.1010179345060624,-1.0714734879344434
14995.0,252.0,2,233.23000000000002,116.61500000000001,0,-1.8470948307467534,-0.54625532688788
14997.0,2.0,3,546.1999999999999,182.06666666666663,0,-1.495952045693742,-0.477396234748645
14998.0,7.0,2,429.87,214.935,0,-1.445972184085587,-0.6748349105493585
15002.0,224.0,4,1641.76,410.44,0,-0.37986940625805365,-0.5287148192335867
15005.0,101.0,28,6316.57,225.5917857142857,0,1.0225609458276628,3.5349062132196742
15007.0,279.0,1,156.91,156.91,0,-1.760897301152887,-0.7474360434702971
15010.0,244.0,1,308.94,308.94,0,-1.2061554895800852,-1.0463909021187494
15012.0,698.0,2,423.04,211.52,0,-1.494383334832448,-0.7446373323947322
15017.0,183.0,1,125.58,125.58,0,-1.87000303763284,-0.6745965137499794
15018.0,334.0,3,496.21000000000004,165.40333333333334,0,-1.5838850193883816,-0.49408848599449096
15021.0,187.0,9,1914.82,212.75777777777776,0,-0.8375786375685348,0.4126292146791529
15023.0,130.0,11,6802.76,618.4327272727273,0,2.1041545537779176,1.5998396443332692
15024.0,30.0,10,1661.33,166.13299999999998,0,-1.042649954533529,0.5071128760458182
15025.0,183.0,1,377.01,377.01,0,-0.9554850893036968,-1.1753124226297562
15026.0,161.0,3,469.0,156.33333333333334,0,-1.6138786023497314,-0.4646835224113579
15027.0,91.0,4,1066.1499999999999,266.53749999999997,0,-1.0332465140623603,-0.4057614405652835
15028.0,333.0,4,627.13,156.7825,0,-1.548930028432363,-0.34935744182573947
15031.0,90.0,4,668.14,167.035,0,-1.4896245912293793,-0.3306430427595244
15032.0,486.0,3,4959.1,1653.0333333333335,0,4.7613502167685695,-2.2457832417097827
15033.0,125.0,10,2586.67,258.66700000000003,0,-0.44720089583032063,0.6560636103308332
15034.0,30.0,8,4308.61,538.57625,0,0.9881087518397065,0.5640930958103524
15035.0,32.0,1,252.73000000000002,252.73000000000002,0,-1.3998962121669019,-0.9113804441166704
15038.0,1.0,6,705.49,117.58166666666666,0,-1.5933597700555229,-0.04688789200027632
15039.0,71.0,47,19914.44,423.7114893617021,0,6.406755797656716,9.99944630407236
15043.0,122.0,1,537.0,537.0,0,-0.3704771405628655,-1.4872900873726729
15044.0,7.0,17,7700.2300000000005,452.954705882353,0,1.9775057578427346,2.800605822334466
15045.0,34.0,2,735.66,367.83,0,-0.8428077115115454,-0.9191835975303009
15046.0,70.0,15,5213.7699999999995,347.58466666666664,0,0.7930186630415672,1.881516677429246
15048.0,215.0,4,384.05,96.0125,0,-1.821727264121722,-0.29070547618267467
15049.0,38.0,1,121.17000000000002,121.17000000000002,0,-1.878718123959675,-0.6500352521091539
15051.0,4.0,3,1391.61,463.86999999999995,0,-0.29261380255137825,-0.8063059704781681
15053.0,187.0,3,697.79,232.59666666666666,0,-1.2895100338426897,-0.5564654924584191
15057.0,99.0,2,1489.5,744.75,0,0.644205010468607,-1.5213873034967293
15058.0,68.0,11,2124.9900000000002,193.18090909090913,0,-0.7858717393663207,0.6991210275261449
15059.0,101.0,9,1337.72,148.63555555555556,0,-1.2288792565833724,0.33806043163800004
15060.0,333.0,4,303.09,75.7725,0,-1.9205315517911359,-0.28828836400602564
15061.0,6.0,48,54534.14,1136.1279166666666,2,19.758868501127562,22.645830921872438
15062.0,189.0,4,987.86,246.965,0,-1.1279785273093126,-0.4016711250763898
15063.0,67.0,1,370.79999999999995,370.79999999999995,0,-0.9722123074620062,-1.1503222843045848
15065.0,303.0,4,3158.13,789.5325,0,1.3550773818434778,-0.8230890092343245
15067.0,311.0,3,1744.76,581.5866666666667,0,0.19458510553437613,-0.9770169799177415
15070.0,667.0,1,106.2,106.2,0,-1.9649444759199293,-0.6886705525612028
15071.0,99.0,2,982.07,491.035,0,-0.35895366005810025,-1.120788994690178
15073.0,158.0,3,1043.41,347.80333333333334,0,-0.7960556698095332,-0.6876854208571672
15078.0,94.0,32,9743.11,304.4721875,0,2.4580584849399463,5.03918069715619
15079.0,36.0,4,895.61,223.9025,0,-1.2260392665567037,-0.3676361213490151
15081.0,215.0,5,504.8,100.96000000000001,0,-1.7449870205125384,-0.182897274798823
15087.0,283.0,1,306.94,306.94,0,-1.215400265047789,-1.0466519287654035
15088.0,276.0,2,1160.07,580.035,0,-0.01600020633619803,-1.2805748954078182
15089.0,185.0,6,2420.84,403.47333333333336,0,-0.11020539491729009,-0.04654438102554537
15090.0,253.0,1,381.32,381.32,0,-0.9433448023102642,-1.1915130534267813
15091.0,276.0,1,480.71,480.71,0,-0.5829988098474981,-1.3919483515575775
15092.0,128.0,2,457.81,228.905,0,-1.3968492828953547,-0.7100597608119663
15093.0,224.0,6,4597.02,766.1700000000001,0,1.781221962784035,-0.024950567110019306
15097.0,213.0,1,248.08,248.08,0,-1.425953446609709,-0.9218164778220479
15098.0,66.0,3,39916.5,13305.5,2,54.54435045603414,-15.791379110421694
15100.0,71.0,3,876.0,292.0,0,-1.0299682820146279,-0.6131297476950046
15101.0,333.0,2,317.53,158.765,0,-1.684530829211461,-0.6216216426097434
15103.0,122.0,2,703.36,351.68,0,-0.91110854864745,-0.903260013452718
15104.0,311.0,2,1027.44,513.72,0,-0.27996992627690875,-1.1796768228875512
15105.0,276.0,7,2298.93,328.4185714285714,0,-0.38055155950467867,0.14358035578273065
15106.0,6.0,5,1422.52,284.504,0,-0.8343801198544236,-0.22279825694084254
15107.0,40.0,6,319.5,53.25,0,-1.9311627740743331,-0.05571472278769185
15108.0,188.0,4,1300.25,325.0625,0,-0.7696864335280779,-0.46043580615942414
15109.0,129.0,1,484.95,484.95,0,-0.5601505017782571,-1.3843956867291936
15110.0,217.0,4,996.1,249.025,0,-1.119943620133053,-0.4062710020543685
15111.0,61.0,3,1567.48,522.4933333333333,0,-0.045142827965408916,-0.8808862650578984
15114.0,39.0,10,2760.56,276.056,0,-0.33005751655931326,0.6953556462335099
15117.0,33.0,5,1551.78,310.356,0,-0.708973158691335,-0.2345597841685474
15119.0,129.0,1,266.4,266.4,0,-1.3550751233720775,-0.9491593907992124
15123.0,302.0,2,2199.31,1099.655,0,2.0372014374136587,-2.1038479880654184
15124.0,339.0,2,184.19,92.095,0,-1.9484391246603159,-0.5170072761625223
15125.0,62.0,15,11528.48,768.5653333333333,0,4.190675408927202,3.4754272261084784
15127.0,215.0,1,406.53,406.53,0,-0.849729587433022,-1.2375829212745333
15128.0,62.0,4,1471.0,367.75,0,-0.5675089133041062,-0.47890432187205867
15129.0,217.0,11,3447.4,313.40000000000003,0,0.02449955969130868,0.9394482185631333
15133.0,39.0,3,982.42,327.4733333333333,0,-0.8768630363760606,-0.6510231937985458
15134.0,67.0,8,1387.99,173.49875,0,-1.1507636511879547,0.23283970823738576
15136.0,152.0,4,1286.7,321.675,0,-0.7834065727572951,-0.45396464014659155
15139.0,163.0,2,178.96,89.48,0,-1.9498871714591566,-0.49372609182776545
15144.0,1.0,17,6580.44,387.0847058823529,0,1.4045369281444686,2.497650676982943
15145.0,212.0,4,1194.73,298.6825,0,-0.891906768142945,-0.44316101908177297
15150.0,153.0,10,5314.47,531.447,0,1.3208503833888265,1.1225818756646477
15152.0,62.0,13,4745.69,365.0530769230769,0,0.6590684613318971,1.5075150128720503
15153.0,122.0,1,329.25,329.25,0,-1.1261192825720907,-1.0735616935064929
15156.0,120.0,3,961.49,320.49666666666667,0,-0.9107488869970113,-0.6517000940809905
15157.0,126.0,3,1936.07,645.3566666666667,0,0.47626049178012475,-1.0312658989217423
15159.0,32.0,30,18641.010000000002,621.3670000000001,0,6.286522302638726,7.815090785944494
15164.0,254.0,3,843.05,281.01666666666665,0,-1.0861175174464088,-0.6202329367642975
15165.0,698.0,1,487.75,487.75,0,-0.5787114838918053,-1.451890265083874
15171.0,10.0,1,1289.5,1289.5,0,2.3722241286386776,-2.9736852628791484
15172.0,333.0,5,1624.05,324.81,0,-0.6532504960194403,-0.27213892778130216
15179.0,341.0,5,2206.95,441.39,0,-0.0819789455874319,-0.3127987159251043
15180.0,517.0,1,87.5,87.5,0,-2.0253835072084945,-0.6351070512272753
15181.0,245.0,3,689.4799999999999,229.82666666666663,0,-1.3042694044221304,-0.5595461443314924
15182.0,126.0,2,622.85,311.425,0,-1.0704740651754954,-0.8401354521233115
15184.0,61.0,2,406.76,203.38,0,-1.4943872954509065,-0.6624666387740382
15187.0,36.0,16,4777.18,298.57375,0,0.5158380525023853,1.8928153628057807
15189.0,7.0,41,16225.39,395.74121951219513,0,5.01662533291983,8.132437694072678
15192.0,3.0,3,1044.32,348.1066666666666,0,-0.78692983699083,-0.671172159180538
15193.0,62.0,1,499.32,499.32,0,-0.5044982052500298,-1.4057222199569903
15194.0,122.0,15,7616.53,507.76866666666666,0,2.0830531957905762,2.482013005621477
15195.0,152.0,1,3861.0,3861.0,0,11.718281560652972,-8.110208982672537
15197.0,341.0,3,1079.6100000000001,359.87000000000006,0,-0.7537700318718366,-0.721673859036281
15198.0,124.0,2,193.64,96.82,0,-1.9188954498648272,-0.5010714689804598
15199.0,31.0,4,1268.7,317.175,0,-0.797935750681978,-0.4374051388591601
15201.0,190.0,5,1236.54,247.308,0,-1.0260743986914371,-0.2301259500739139
15203.0,343.0,6,1827.8,304.6333333333333,0,-0.6341651760216682,-0.07077907046921783
15205.0,247.0,2,653.24,326.62,0,-1.0165076609547163,-0.8772944920408
15206.0,99.0,4,420.29999999999995,105.07499999999999,0,-1.7742964009771176,-0.2849141124137258
15208.0,120.0,5,870.12,174.024,0,-1.381902298763293,-0.1974964370246199
15211.0,62.0,2,894.4100000000001,447.20500000000004,0,-0.5303830174018775,-1.047558146393165
15212.0,7.0,1,101.8,101.8,0,-1.9476058885851457,-0.6080870182408895
15214.0,37.0,8,1661.44,207.68,0,-0.9491660686513498,0.26674171372474964
15215.0,246.0,3,734.94,244.98000000000002,0,-1.2396077131368268,-0.5773296340265601
15218.0,189.0,11,5756.89,523.3536363636364,0,1.454312787231748,1.3905254019173299
15220.0,252.0,6,1778.96,296.49333333333334,0,-0.6720614597959162,-0.0614563476904727
15221.0,486.0,1,403.25,403.25,0,-0.875350479390492,-1.2605410525091152
15223.0,251.0,2,755.75,377.875,0,-0.8140536164008431,-0.9586578452567989
15224.0,364.0,2,322.08,161.04,0,-1.677101842117557,-0.6285871223340184
15226.0,312.0,1,154.41,154.41,0,-1.7716575957483391,-0.7460484152220962
15227.0,128.0,5,1219.4,243.88000000000002,0,-1.0397521716632687,-0.22220913323571873
15228.0,245.0,4,3386.71,846.6775,0,1.6201377047824956,-0.8598560010091139
15234.0,130.0,1,197.0,197.0,0,-1.607551946400442,-0.8110600250965214
15235.0,160.0,12,2247.51,187.29250000000002,0,-0.7492011374409844,0.8236976910439892
15237.0,121.0,4,1412.32,353.08,0,-0.6377823931625439,-0.4742657657333737
15238.0,61.0,3,1071.99,357.33,0,-0.7504717564663832,-0.6882416941045347
15240.0,7.0,5,1706.57,341.31399999999996,0,-0.5558502934636432,-0.24229656162711577
15241.0,96.0,8,1756.44,219.555,0,-0.8826356616704788,0.27096517234879136
15244.0,215.0,2,631.57,315.785,0,-1.0577313420310157,-0.8567045489059526
15245.0,219.0,3,2515.84,838.6133333333333,0,1.296863545585384,-1.2667984433812953
15247.0,94.0,1,356.0,356.0,0,-1.0274078673980045,-1.1237866266844125
15249.0,3.0,13,6688.46,514.496923076923,0,1.7734072835895023,1.9561445896653367
15251.0,4.0,11,10484.99,953.180909090909,0,4.387945931226918,2.3278862886956637
15252.0,96.0,2,740.78,370.39,0,-0.8358179585733607,-0.9299724856211264
15253.0,2.0,5,918.1999999999999,183.64,0,-1.3287868795096005,-0.18793768287701196
15254.0,247.0,1,300.36,300.36,0,-1.2375147943432458,-1.029630528156606
15255.0,245.0,1,890.85,890.85,0,0.9103558150066091,-2.2053574339322153
15257.0,342.0,1,317.15,317.15,0,-1.1812443956063094,-1.073405229205958
15258.0,189.0,2,623.16,311.58,0,-1.0730439127283413,-0.8472358325506153
15260.0,188.0,7,1810.77,258.68142857142857,0,-0.762236749302761,0.11941905574944411
15264.0,184.0,1,393.74,393.74,0,-0.8946841376449153,-1.2087385758858815
15265.0,34.0,2,1506.1200000000001,753.0600000000001,0,0.6803454904946566,-1.5274349287545006
15266.0,224.0,1,119.3,119.3,0,-1.8949163523313715,-0.6665516780303781
15267.0,1.0,5,1717.36,343.472,0,-0.5449649510530277,-0.2423801771481207
15270.0,39.0,7,2379.49,339.9271428571428,0,-0.30485619899901384,0.17493826161305392
15271.0,5.0,15,2507.07,167.138,0,-0.6598758876515827,1.205758710145104
15274.0,213.0,2,716.57,358.285,0,-0.8895904029091062,-0.9235914483900971
15275.0,303.0,1,615.14,615.14,0,-0.09540507085672567,-1.6626001221763946
15276.0,245.0,1,135.31,135.31,0,-1.8377446132660746,-0.7007203667762417
15281.0,1.0,9,2332.15,259.1277777777778,0,-0.54207113858971,0.49356172924342034
15288.0,157.0,5,2306.52,461.304,0,0.02496924049161242,-0.2995726056449355
15289.0,61.0,3,939.78,313.26,0,-0.9386724015593494,-0.6368389640277538
15290.0,122.0,18,7943.22,441.29,0,2.0319757593517047,2.986264876816319
15291.0,5.0,15,4668.3,311.22,0,0.5028448426664285,1.7509818191260953
15296.0,36.0,6,3672.86,612.1433333333333,0,0.9866489554990618,-0.015464999998825668
15297.0,61.0,3,641.94,213.98000000000002,0,-1.3626469884626777,-0.5210399387946516
15298.0,124.0,12,4799.9,399.9916666666666,0,0.7670385904872348,1.369251609913273
15299.0,276.0,7,4507.01,643.8585714285715,0,1.3660230048885498,0.29618394531761383
15300.0,184.0,1,496.44,496.44,0,-0.5211368549284415,-1.4132627927333263
15301.0,219.0,12,5070.35,422.5291666666667,0,0.9227065978873465,1.4163052602705952
15304.0,62.0,8,694.4000000000001,86.80000000000001,0,-1.6580074262246487,0.15567379572989593
15306.0,124.0,3,1174.35,391.45,0,-0.6079452198757378,-0.7348945073426297
15307.0,216.0,1,205.3,205.3,0,-1.5817072700574206,-0.8369477473245333
15308.0,69.0,1,310.47,310.47,0,-1.1917496412036257,-1.0303943931720267
15311.0,1.0,91,60767.9,667.7791208791209,2,21.127039578025993,29.349147733193224
15312.0,128.0,4,924.85,231.2125,0,-1.197155266571602,-0.38315815670023456
15315.0,184.0,2,570.5,285.25,0,-1.1768969786296188,-0.8051184980413305
15318.0,182.0,1,312.62,312.62,0,-1.1896381684626451,-1.0469726941550406
15319.0,342.0,1,204.5,204.5,0,-1.5909824812734055,-0.8490658618460294
15326.0,71.0,1,311.71,311.71,0,-1.1873404686467717,-1.0330814585272698
15330.0,62.0,2,714.96,357.48,0,-0.8851449026392851,-0.9058886224877284
15332.0,486.0,4,1661.06,415.265,0,-0.3709726019966958,-0.560862909697257
15334.0,187.0,3,351.67,117.22333333333334,0,-1.7822110948787493,-0.42189539235876383
15339.0,245.0,2,574.07,287.035,0,-1.172920963679701,-0.8145748953446409
15342.0,306.0,1,406.09,406.09,0,-0.8559272165757917,-1.246609273517004
15344.0,90.0,3,563.94,187.98000000000002,0,-1.4751448693267877,-0.4938696180136942
15346.0,40.0,1,252.42000000000002,252.42000000000002,0,-1.4014279170701163,-0.9116336459194729
15347.0,486.0,1,201.60000000000002,201.60000000000002,0,-1.6088052949676772,-0.8589606403641568
15349.0,219.0,2,473.81,236.905,0,-1.3698154745222249,-0.7325938035604136
15350.0,698.0,1,115.65,115.65,0,-1.9321383962462346,-0.7108633800893831
15351.0,31.0,7,1960.1100000000001,280.0157142857143,0,-0.6361784519601505,0.14682486394792138
15353.0,517.0,2,777.02,388.51,0,-0.7854421645973146,-1.0043958311652468
15355.0,61.0,2,277.05,138.525,0,-1.7508161844681487,-0.5600651121885036
15356.0,122.0,10,2766.5,276.65,0,-0.33039744454111497,0.6873461197412515
15358.0,2.0,22,8347.2,379.41818181818184,0,2.0488096464724737,3.594273175421015
15363.0,667.0,1,326.0,326.0,0,-1.165473271040855,-1.1263961890078278
15364.0,216.0,2,913.19,456.595,0,-0.5010360147507975,-1.0791425485271016
15365.0,246.0,7,2314.32,330.6171428571429,0,-0.3668626150782861,0.14790857429298288
15367.0,99.0,4,1877.59,469.3975,0,-0.10311017712973514,-0.5595572318307442
15370.0,31.0,7,2386.05,340.86428571428576,0,-0.29926313641105284,0.17626219091365092
15373.0,333.0,12,2415.91,201.32583333333332,0,-0.6580234001227016,0.8406076188490298
15374.0,278.0,1,168.0,168.0,0,-1.7205094952150541,-0.7694126527525936
15376.0,340.0,3,1233.3600000000001,411.12000000000006,0,-0.5348567249802259,-0.7813424369502863
15379.0,99.0,7,3703.29,529.0414285714286,0,0.7392284377069582,0.25989879966236673
15380.0,333.0,5,1690.2600000000002,338.052,0,-0.5883154329306177,-0.2766584764366582
15381.0,67.0,2,596.85,298.425,0,-1.1188938826671915,-0.8131889907260107
15382.0,127.0,6,5955.71,992.6183333333333,0,2.9682581546483235,0.0017366782078509502
15386.0,188.0,1,394.14,394.14,0,-0.8934313071178698,-1.2099704439766725
15392.0,2.0,4,1535.53,383.8825,0,-0.49047627069269645,-0.4845365582455646
15393.0,283.0,2,231.86,115.93,0,-1.851369328526661,-0.5485471728338313
15399.0,121.0,3,815.77,271.92333333333335,0,-1.1182315064966204,-0.5951535487100346
15400.0,124.0,5,716.2,143.24,0,-1.5330604979902551,-0.18742501128628175
15405.0,280.0,1,349.1,349.1,0,-1.0619015469095634,-1.1302859463666628
15406.0,39.0,2,510.71000000000004,255.35500000000002,0,-1.2877729624715475,-0.7421375075124851
15407.0,96.0,4,1056.44,264.11,0,-1.0446343110193264,-0.4044755779067851
15410.0,306.0,8,3450.84,431.355,0,0.3465394356569842,0.43795405308133295
15411.0,66.0,4,1358.88,339.72,0,-0.6962875935481591,-0.4582092929949737
15414.0,37.0,3,774.9000000000001,258.3,0,-1.1721662632688805,-0.5701225911805711
15416.0,156.0,4,3984.32,996.08,0,2.309959124983092,-0.9627975421211376
15421.0,1.0,4,950.36,237.59,0,-1.1614850758927602,-0.37414569838346173
15423.0,334.0,1,43.5,43.5,0,-2.1761782561656577,-0.5275682450513931
15426.0,183.0,5,1447.39,289.478,0,-0.8189308840017667,-0.24375700474710543
15427.0,183.0,3,1483.14,494.38000000000005,0,-0.17136395481579159,-0.8613712167804992
15433.0,67.0,2,533.3,266.65,0,-1.2445284204595417,-0.7630184794739043
15434.0,122.0,5,1041.48,208.296,0,-1.213943037612292,-0.2094112500895699
15442.0,221.0,1,594.0,594.0,0,-0.1681543268301119,-1.6115771732868835
15443.0,121.0,7,3236.91,462.4157142857143,0,0.36921396961344444,0.22527257085283947
15449.0,158.0,3,974.52,324.84,0,-0.8941204337491327,-0.660901258728815
15450.0,91.0,1,429.84,429.84,0,-0.7586805424782999,-1.2705104903394893
15452.0,61.0,3,538.73,179.57666666666668,0,-1.509566197146174,-0.48091229511244477
15453.0,121.0,7,1388.37,198.3385714285714,0,-1.0929671765694193,0.0975173086346165
15454.0,364.0,1,179.1,179.1,0,-1.684480472313064,-0.8008764977378874
15456.0,342.0,3,447.22,149.07333333333335,0,-1.6540263292127122,-0.47591192416024214
15462.0,185.0,3,234.6,78.2,0,-1.9487589451082399,-0.37616139540938315
15463.0,61.0,1,126.14,126.14,0,-1.8618028465318597,-0.6624357249747529
15464.0,224.0,1,1048.85,1048.85,0,1.4861048419149592,-2.5177248598272848
15465.0,5.0,18,7354.62,408.59,0,1.7429424799994608,2.8347857953229445
15467.0,65.0,3,524.88,174.96,0,-1.5294837179004495,-0.4759627484942942
15469.0,33.0,2,538.55,269.275,0,-1.2324318383380812,-0.7634632990250529
15471.0,152.0,1,469.48,469.48,0,-0.6175809542309161,-1.3560904634666353
15473.0,1.0,7,1771.2,253.02857142857144,0,-0.7840892609419394,0.1370336151644267
15482.0,274.0,12,11054.96,921.2466666666666,0,4.470803629367293,2.6802995469759905
15483.0,338.0,4,233.81,58.4525,0,-2.0002328370411586,-0.27577584733653987
15484.0,121.0,4,3594.31,898.5775,0,1.8644729085088807,-0.8854869640787545
15485.0,91.0,3,2575.0,858.3333333333334,0,1.3875441118362426,-1.2758706876113464
15488.0,124.0,1,91.32000000000001,91.32000000000001,0,-1.991635169482608,-0.5999483017692004
15489.0,6.0,3,1134.28,378.0933333333333,0,-0.6590235313462165,-0.7064747141127709
15491.0,216.0,6,3100.09,516.6816666666667,0,0.4792137827634835,-0.041853058920238495
15492.0,30.0,2,659.4599999999999,329.72999999999996,0,-0.993248464337382,-0.8585910728122237
15493.0,153.0,5,2001.8,400.36,0,-0.27368100817536123,-0.27833689053910343
15494.0,64.0,2,1299.23,649.615,0,0.2698208003833562,-1.3673670741553892
15498.0,6.0,27,13316.4,493.2,0,4.110154044076859,5.719746906869115
15500.0,333.0,4,1131.56,282.89,0,-0.9704614553306915,-0.44442309706767935
15502.0,32.0,12,10384.93,865.4108333333334,0,4.0854773202803525,2.5644485150640155
15503.0,364.0,1,147.09,147.09,0,-1.80090937708185,-0.7371294657876759
15505.0,157.0,5,3610.96,722.192,0,1.304290999977845,-0.388614745019542
15508.0,250.0,6,1000.27,166.71166666666667,0,-1.3494640184380968,-0.07048409458677052
15511.0,334.0,5,909.23,181.846,0,-1.35435647188711,-0.22345355076729545
15512.0,157.0,2,121.0,60.5,0,-2.064167500395457,-0.4473157721612503
15513.0,6.0,19,14758.220000000001,776.7484210526317,0,5.331577599673404,5.07380296528893
15514.0,183.0,11,4139.46,376.31454545454545,0,0.4542500627604862,1.0774044856630631
15518.0,40.0,8,1942.45,242.80625,0,-0.7437039995566479,0.2978996908741677
15520.0,121.0,1,343.5,343.5,0,-1.0742377140891355,-1.1018313556148647
15521.0,36.0,8,3000.2,375.025,0,0.030448516410399806,0.41684556642330983
15522.0,153.0,2,398.84,199.42,0,-1.5146924112070734,-0.6662254945508951
15525.0,152.0,3,825.92,275.3066666666667,0,-1.105349093716132,-0.6024732421704894
15526.0,183.0,2,148.44,74.22,0,-2.011233761260862,-0.4718080106114353
15527.0,32.0,8,2429.78,303.7225,0,-0.3867228982667228,0.35337083428714045
15529.0,99.0,11,3995.23,363.20272727272726,0,0.3692887097427253,1.058565403675074
15530.0,160.0,4,1502.35,375.5875,0,-0.536508328658651,-0.495476929763468
15531.0,90.0,2,2007.44,1003.72,0,1.6685959918058848,-1.9293035131578393
15533.0,32.0,3,807.57,269.19,0,-1.1254079947516074,-0.5822804602913514
15539.0,302.0,1,538.46,538.46,0,-0.37426015687629177,-1.5097851977420382
15544.0,3.0,9,3546.71,394.0788888888889,0,0.29049963368584475,0.66997677438853
15545.0,638.0,2,292.71999999999997,146.35999999999999,0,-1.7489870153937617,-0.6352250451764154
15547.0,32.0,14,4954.84,353.9171428571429,0,0.7119053928398651,1.693721336458244
15549.0,218.0,3,1693.26,564.42,0,0.12597323835086427,-0.9468737419982461
15550.0,39.0,4,575.63,143.9075,0,-1.5931364335879747,-0.3076586567307882
15551.0,275.0,1,436.06,436.06,0,-0.7453522457657141,-1.302920288521699
15552.0,189.0,1,90.12,90.12,0,-1.9992836264552807,-0.6046318206620291
15553.0,62.0,1,437.23,437.23,0,-0.7303360901951694,-1.2820716978142654
15554.0,161.0,1,217.2,217.2,0,-1.5356452504735625,-0.8546611810678373
15555.0,1.0,16,4805.17,300.323125,0,0.5322772953108075,1.9039655851920356
15557.0,30.0,1,473.65000000000003,473.65000000000003,0,-0.596250230602122,-1.3511188901034756
15561.0,128.0,4,800.59,200.1475,0,-1.3396537398852704,-0.3597399255871694
15568.0,152.0,3,758.29,252.76333333333332,0,-1.2016202504186304,-0.5761789631061772
15569.0,40.0,5,1375.71,275.142,0,-0.8820063955645236,-0.22330284069054213
15570.0,70.0,12,4165.52,347.1266666666667,0,0.3933670784632459,1.2405076579573935
15571.0,183.0,4,650.4300000000001,162.60750000000002,0,-1.5146322765563336,-0.3374256285314276
15572.0,191.0,7,2552.86,364.69428571428574,0,-0.17540073416550628,0.17037950528452617
15573.0,122.0,2,607.45,303.725,0,-1.100716865243269,-0.8275424094528829
15574.0,667.0,4,702.25,175.5625,0,-1.4796575187564418,-0.3998604797791604
15576.0,303.0,1,940.6700000000001,940.6700000000001,0,1.0886343346222787,-2.310884136882809
15577.0,34.0,3,258.88,86.29333333333334,0,-1.9065680446589681,-0.3691695773079154
15579.0,304.0,2,348.6,174.3,0,-1.6216422511233675,-0.6429945516346689
15581.0,33.0,13,3679.9700000000003,283.0746153846154,0,0.05089024084763549,1.268093847957533
15582.0,281.0,3,682.9100000000001,227.63666666666668,0,-1.3154404701337064,-0.5609092661981827
15587.0,32.0,4,913.6800000000001,228.42000000000002,0,-1.2051149353803354,-0.37060634227355077
15589.0,312.0,3,478.53000000000003,159.51000000000002,0,-1.6079410419367899,-0.4848205360645689
15594.0,91.0,5,1771.78,354.356,0,-0.4961395730267959,-0.25588871110081446
15596.0,97.0,5,1406.59,281.318,0,-0.8546006042862054,-0.2316134622395558
15597.0,244.0,1,324.57,324.57,0,-1.1493050121812685,-1.077517615938862
15601.0,32.0,14,6776.56,484.04,0,1.7207792359959209,2.132440264689657
15602.0,30.0,9,1297.8700000000001,144.20777777777778,0,-1.2526125638240109,0.3399912760787708
15605.0,32.0,5,1198.23,239.64600000000002,0,-1.055664696072497,-0.21031735274088686
15606.0,3.0,9,2920.16,324.4622222222222,0,-0.13904729916808511,0.5788580082479539
15607.0,163.0,1,104.76,104.76,0,-1.9447205482108536,-0.6309576624774373
15608.0,30.0,4,1093.68,273.42,0,-0.9985940904901129,-0.4043117801319653
15609.0,127.0,1,298.48,298.48,0,-1.2382905718771993,-1.0128281862556234
15611.0,101.0,13,1591.45,122.41923076923078,0,-1.1472792866853987,0.7853095855491138
15612.0,92.0,2,195.15,97.575,0,-1.9142936614521155,-0.4987813283762783
15615.0,36.0,23,10399.74,452.1626086956522,0,2.9605929210199693,4.332341379365495
15618.0,124.0,4,776.851,194.21275,0,-1.366674995951548,-0.35483075793447877
15620.0,281.0,3,1553.18,517.7266666666667,0,-0.07661303344165848,-0.8992668329777014
15621.0,213.0,4,1293.03,323.2575,0,-0.7792291371117668,-0.46179560836591005
15622.0,311.0,9,3709.56,412.17333333333335,0,0.38658563919377786,0.6601434531681404
15625.0,337.0,4,1534.26,383.565,0,-0.5088565525122726,-0.5207518388458994
15628.0,66.0,9,2870.2400000000002,318.91555555555556,0,-0.17645389548026336,0.5647425283202797
15632.0,64.0,8,3285.31,410.66375,0,0.23764755943636295,0.44574241414879345
15636.0,32.0,2,724.76,362.38,0,-0.8642553195853303,-0.910360787666263
15640.0,40.0,15,12515.66,834.3773333333334,0,4.722880071066925,3.726861552578897
15641.0,311.0,4,1887.2,471.8,0,-0.1027996875830115,-0.584438140891597
15643.0,311.0,3,664.0,221.33333333333334,0,-1.3438743846000625,-0.5568217257177429
15646.0,160.0,3,447.64000000000004,149.21333333333334,0,-1.644233996480958,-0.4562700183062639
15649.0,163.0,2,816.0,408.0,0,-0.690497305916454,-0.9966469807033255
15651.0,275.0,3,646.3,215.4333333333333,0,-1.367251610669791,-0.5460225229270417
15652.0,93.0,1,337.74,337.74,0,-1.0937738369979368,-1.0873135206359155
15653.0,124.0,2,877.4399999999999,438.71999999999997,0,-0.5670638693391143,-1.0409077489834548
15655.0,68.0,1,560.67,560.67,0,-0.28165501179611374,-1.5285519712020597
15656.0,281.0,4,748.5,187.125,0,-1.4071187501799274,-0.3665723904536088
15658.0,284.0,5,1024.1000000000001,204.82000000000002,0,-1.239172452111645,-0.22585368168147413
15660.0,342.0,9,1600.86,177.87333333333333,0,-1.060652172593454,0.35010314638480367
15661.0,224.0,2,309.8,154.9,0,-1.6943060011224187,-0.6036577207133822
15665.0,68.0,2,2242.01,1121.005,0,2.1334382292138323,-2.112094321782205
15668.0,189.0,1,76.32000000000001,76.32000000000001,0,-2.0494779059244856,-0.5771495013582829
15671.0,37.0,7,2657.13,379.59000000000003,0,-0.08514402272716781,0.19434400151565845
15673.0,2.0,4,2881.02,720.255,0,1.052500317580341,-0.7381096773532262
15674.0,67.0,5,2446.6,489.32,0,0.16689857883414594,-0.29934080048648376
15675.0,156.0,3,323.69,107.89666666666666,0,-1.8204744735620257,-0.4076434647460587
15676.0,244.0,3,3435.76,1145.2533333333333,0,2.605104672629586,-1.627180230194646
15679.0,66.0,4,781.28,195.32,0,-1.3586658181254556,-0.3493539067813375
15680.0,486.0,3,1333.68,444.56,0,-0.3994272034942048,-0.8362341480333344
15681.0,30.0,5,1426.16,285.232,0,-0.8320226682832188,-0.2256584010654118
15687.0,188.0,9,2993.1,332.56666666666666,0,-0.09838748912256023,0.5693339662872382
15689.0,3.0,2,254.1,127.05,0,-1.793256853952876,-0.5356353393266041
15690.0,213.0,2,239.76,119.88,0,-1.8322151702540395,-0.5471665629437267
15691.0,341.0,1,136.8,136.8,0,-1.8371749129717068,-0.7141343596832413
15692.0,30.0,1,191.04,191.04,0,-1.6241781523986427,-0.7883088713765389
15694.0,61.0,14,6479.4,462.8142857142857,0,1.5547461103889049,2.0577204105383866
15696.0,183.0,8,2736.46,342.0575,0,-0.16995503381812216,0.37129955754542443
15701.0,152.0,4,1542.14,385.535,0,-0.49047393133412226,-0.5021052562380238
15704.0,128.0,4,2293.62,573.405,0,0.37251828338453685,-0.6411186604876978
15706.0,154.0,4,1060.56,265.14,0,-1.0428396947977887,-0.41156358677588967
15707.0,184.0,4,945.58,236.395,0,-1.1762116512245306,-0.39315887220641355
15708.0,101.0,7,3364.2400000000002,480.6057142857143,0,0.47094141632108255,0.23624892619877824
15709.0,342.0,1,133.25,133.25,0,-1.850137728532887,-0.7071734523973395
15712.0,96.0,5,1072.3600000000001,214.47200000000004,0,-1.1823441667560841,-0.20868982978518458
15713.0,486.0,2,356.7,178.35,0,-1.6148235006750964,-0.6691944196819118
15716.0,578.0,4,1118.81,279.7025,0,-0.9974600209237808,-0.46868105885174705
15719.0,153.0,13,5045.61,388.1238461538461,0,0.8260399438523638,1.5658795705738577
15722.0,219.0,5,2222.56,444.512,0,-0.06050620928659278,-0.30058825394278177
15723.0,425.0,1,203.1,203.1,0,-1.6002677341307794,-0.8553098423207876
15727.0,10.0,7,5178.96,739.8514285714285,0,1.9109684303544636,0.37156943960368716
15729.0,36.0,1,85.0,85.0,0,-2.0101770198396687,-0.5777860553568197
15730.0,124.0,3,1120.88,373.6266666666667,0,-0.6840596476279567,-0.7141055808075305
15732.0,36.0,2,294.12,147.06,0,-1.715806842678845,-0.5708207880252908
15733.0,311.0,1,162.3,162.3,0,-1.7429090430207566,-0.7616523127817848
15737.0,37.0,8,1205.1200000000001,150.64000000000001,0,-1.283053154171626,0.2156154973597746
15738.0,96.0,16,4812.42,300.77625,0,0.5312781054820357,1.8955293169939904
15739.0,245.0,1,449.12,449.12,0,-0.6963339726696125,-1.3256643247986046
15743.0,127.0,4,784.46,196.115,0,-1.358100729099419,-0.3565912211457859
15745.0,183.0,4,1094.59,273.6475,0,-1.0052799354409392,-0.4211327066835201
15747.0,33.0,3,974.04,324.68,0,-0.8884888338142366,-0.647112163938399
15749.0,40.0,3,44534.3,14844.766666666668,2,61.11909212503651,-17.58393234620495
15750.0,152.0,8,2465.48,308.185,0,-0.3666636686849867,0.3443122981902429
15752.0,155.0,7,2637.38,376.7685714285714,0,-0.1067273688806728,0.18013831636460476
15753.0,131.0,1,79.2,79.2,0,-2.0360724742338436,-0.5765733945893871
15754.0,160.0,3,458.57,152.85666666666665,0,-1.6286751654480094,-0.46051955948877066
15755.0,2.0,6,2364.25,394.0416666666667,0,-0.1501968587494491,-0.027302254111991053
15756.0,65.0,4,532.96,133.24,0,-1.6433828903808132,-0.3024463170820866
15757.0,189.0,2,714.42,357.21,0,-0.8926283671904991,-0.9192824235320036
15759.0,220.0,3,253.04,84.34666666666666,0,-1.9242778116301076,-0.3871394875198209
15762.0,215.0,2,583.75,291.875,0,-1.1522686134272422,-0.8189523247033447
15763.0,122.0,2,1086.92,543.46,0,-0.15283343746517064,-1.2060672722388381
15764.0,1.0,6,3279.97,546.6616666666666,0,0.6465809761249619,-0.016321090665927573
15766.0,184.0,1,315.06,315.06,0,-1.180864275951947,-1.0520495264062615
15769.0,91.0,26,56252.72,2163.566153846154,2,23.224700567269768,19.3380640517569
15773.0,243.0,1,635.6800000000001,635.6800000000001,0,-0.017664472449896218,-1.6969757786639081
15774.0,304.0,1,270.8,270.8,0,-1.3479119806432915,-0.9769653311568927
15775.0,129.0,1,104.9,104.9,0,-1.9424936838269025,-0.6275365960488487
15777.0,7.0,4,1047.11,261.7775,0,-1.0508375439090074,-0.39303227118552575
15780.0,37.0,3,475.28000000000003,158.42666666666668,0,-1.598674676269066,-0.45363150892049153
15781.0,162.0,3,345.46,115.15333333333332,0,-1.7897880404851323,-0.4167604741518383
15782.0,32.0,3,2614.7400000000002,871.58,0,1.4470945375277644,-1.2849010768321296
15785.0,153.0,5,2328.9700000000003,465.79400000000004,0,0.047189020381805946,-0.3006697818481631
15787.0,92.0,3,948.05,316.01666666666665,0,-0.9284661646564405,-0.6434277208529742
15796.0,70.0,8,2711.56,338.945,0,-0.18246559007006924,0.3808063900972448
15797.0,97.0,4,2207.4,551.85,0,0.2752092858767008,-0.6214960931806144
15799.0,101.0,3,884.14,294.7133333333333,0,-1.019896580795599,-0.6195591412481244
15800.0,160.0,2,699.08,349.54,0,-0.9214895750810519,-0.9040162542373341
15801.0,62.0,3,1063.95,354.65000000000003,0,-0.7619671978675158,-0.685224593382026
15804.0,90.0,13,4206.39,323.5684615384616,0,0.34914830147090514,1.3817137304900298
15805.0,122.0,17,5528.4800000000005,325.204705882353,0,0.8598774745956896,2.1992661310347446
15806.0,130.0,3,784.58,261.5266666666667,0,-1.163085074383439,-0.5840063769269251
15808.0,192.0,4,3734.9700000000003,933.7425000000001,0,2.0221916685728165,-0.9197221689449727
15809.0,70.0,5,515.77,103.154,0,-1.7269029988569904,-0.16786722765687467
15811.0,455.0,6,2218.62,369.77,0,-0.2997881771351989,-0.0783266800775545
15812.0,34.0,5,1801.14,360.228,0,-0.46446534315316335,-0.2516901211331125
15814.0,275.0,4,1945.33,486.3325,0,-0.03431887262645916,-0.5914758981540299
15815.0,36.0,5,2100.6,420.12,0,-0.1708727700903946,-0.2723491447818281
15819.0,130.0,4,1905.45,476.3625,0,-0.07272706810238883,-0.5681811835917268
15821.0,92.0,2,570.96,285.48,0,-1.1713398353664641,-0.7954702321316536
15822.0,182.0,2,885.47,442.735,0,-0.5541191448404117,-1.0535587015797143
15823.0,667.0,1,15.0,15.0,0,-2.296663192412066,-0.5070482684668799
15827.0,96.0,14,1836.0900000000001,131.14928571428572,0,-1.018500660898156,0.935678407557648
15829.0,336.0,2,636.14,318.07,0,-1.054809528932164,-0.8734795982564953
15830.0,303.0,1,576.0,576.0,0,-0.2377676866846008,-1.5846538919192477
15831.0,1.0,3,801.76,267.25333333333333,0,-1.1321124270487475,-0.576648141829257
15834.0,160.0,4,2233.75,558.4375,0,0.302244153086215,-0.633317701018062
15837.0,184.0,1,391.98,391.98,0,-0.901085726910553,-1.2052335844384472
15838.0,64.0,19,33643.08,1770.6884210526316,2,14.608377240187158,10.468844727490989
15839.0,183.0,3,1048.49,349.49666666666667,0,-0.7900872767253125,-0.692380999490787
15840.0,1.0,2,355.56,177.78,0,-1.5925754822257407,-0.6155168354308852
15841.0,220.0,4,1224.06,306.015,0,-0.8586759596454813,-0.44955915433693766
15843.0,100.0,1,118.95000000000002,118.95000000000002,0,-1.8899250357999384,-0.6523610097963024
15845.0,193.0,8,3711.77,463.97125,0,0.5431692757371296,0.47948535623185784
15847.0,334.0,2,389.27,194.635,0,-1.5427556717480555,-0.678366693346674
15852.0,188.0,2,160.71,80.355,0,-1.9872293024631729,-0.48203884709597467
15854.0,213.0,12,2974.65,247.88750000000002,0,-0.3204413982257157,0.9722348343268105
15855.0,96.0,5,712.24,142.448,0,-1.5355297115309932,-0.18410774457499218
15856.0,34.0,27,16387.57,606.947037037037,0,5.45882754295898,6.710237295497135
15858.0,31.0,5,1438.85,287.77,0,-0.8196275454082643,-0.22663345060718382
15860.0,156.0,8,977.21,122.15125,0,-1.455825537865107,0.17713084526239942
15862.0,333.0,4,832.88,208.22,0,-1.3129807214607934,-0.3881334039335228
15864.0,245.0,6,1936.3200000000002,322.72,0,-0.5347958770512358,-0.058826273922917394
15865.0,2.0,3,895.13,298.37666666666667,0,-0.9992509558193854,-0.6130588518403263
15867.0,37.0,15,3812.64,254.176,0,0.04089147168797447,1.531638430469957
15869.0,160.0,2,149.64,74.82,0,-2.007699495531546,-0.47025251383832034
15870.0,153.0,1,354.09000000000003,354.09000000000003,0,-1.037335669490348,-1.1264032814755902
15874.0,129.0,7,4405.88,629.4114285714286,0,1.2934562380285142,0.30519121320088793
15877.0,121.0,2,493.28,246.64,0,-1.3263735874356977,-0.7373003517540818
15880.0,578.0,1,343.28000000000003,343.28000000000003,0,-1.0981251099412601,-1.1511238717683137
15881.0,425.0,5,501.39000000000004,100.278,0,-1.758940354221631,-0.20551665950173442
15882.0,547.0,4,516.36,129.09,0,-1.6867695566475756,-0.3517689901162264
15883.0,152.0,2,396.48,198.24,0,-1.5193074706054395,-0.6642535369795215
15885.0,124.0,3,379.35,126.45,0,-1.739625976618103,-0.42580162169826946
15886.0,62.0,1,181.09,181.09,0,-1.66198556434315,-0.7719759538677753
15889.0,187.0,2,446.87,223.435,0,-1.4214576294642316,-0.7078433790046597
15894.0,578.0,2,263.55,131.775,0,-1.8036232136939228,-0.6056671594238825
15898.0,121.0,5,1388.88,277.776,0,-0.8731820380336285,-0.23301623793349746
15899.0,547.0,1,56.25,56.25,0,-2.1405636602716127,-0.5761381317521709
15901.0,126.0,3,363.88,121.29333333333334,0,-1.761748525757962,-0.42000458586362066
15903.0,30.0,7,5126.76,732.3942857142857,0,1.868668244897715,0.3657854267823647
15904.0,333.0,1,164.68,164.68,0,-1.7353637671289288,-0.768786052315532
15906.0,250.0,7,1567.69,223.9557142857143,0,-0.957643369064246,0.09587262034847588
15907.0,182.0,3,967.45,322.48333333333335,0,-0.9053970199916137,-0.6607641451778246
15910.0,90.0,8,1232.18,154.0225,0,-1.2659309947467041,0.21287985867482695
15916.0,91.0,8,1528.09,191.01125,0,-1.049465631334949,0.24592487542168584
15917.0,190.0,1,123.1,123.1,0,-1.8793770920881965,-0.6704194006345222
15918.0,308.0,2,334.23,167.115,0,-1.6502529552267702,-0.6320852163353854
15919.0,547.0,2,639.89,319.945,0,-1.0580555194388377,-0.8994010664944903
15920.0,126.0,4,167.5,41.875,0,-2.0655655657387353,-0.24020916888802601
15922.0,698.0,1,369.5,369.5,0,-1.0088182626768396,-1.2163986522093817
15923.0,667.0,1,127.08,127.08,0,-1.8889983487230455,-0.7302524965512188
15930.0,276.0,1,426.63,426.63,0,-0.7797021891007297,-1.2842495234455054
15932.0,2.0,8,2495.87,311.98375,0,-0.33684960143638676,0.36404016922436144
15935.0,7.0,2,416.86,208.43,0,-1.4716921736477975,-0.6645639687493601
15937.0,184.0,1,145.35,145.35,0,-1.7981447954243206,-0.7140767431425823
15938.0,221.0,5,404.58,80.916,0,-1.843580302691065,-0.17670909446512367
15939.0,5.0,15,6115.01,407.6673333333334,0,1.2811607589540839,2.115949788288975
15940.0,343.0,1,35.8,35.8,0,-2.2046398804823526,-0.5132132855011645
15944.0,130.0,1,325.1,325.1,0,-1.1416180913276055,-1.066167641242166
15945.0,455.0,1,181.0,181.0,0,-1.6821668975458381,-0.8145628954275149
15948.0,333.0,2,955.24,477.62,0,-0.4238164138604045,-1.125071473146026
15950.0,122.0,4,1765.51,441.3775,0,-0.23280284789572314,-0.5409373172612673
15951.0,333.0,2,708.22,354.11,0,-0.9121601357402839,-0.9300577880241485
15952.0,183.0,4,806.57,201.6425,0,-1.3355745618999988,-0.3668520135788603
15953.0,6.0,8,1659.3799999999999,207.42249999999999,0,-0.9491072704928973,0.26988432398928486
15955.0,31.0,14,4416.26,315.44714285714286,0,0.41368873884379154,1.5641256789506337
15957.0,122.0,1,428.89,428.89,0,-0.7637020357379191,-1.271992004769194
15965.0,30.0,4,845.64,211.41,0,-1.2830405842992414,-0.3575657794456246
15969.0,152.0,3,666.1,222.03333333333333,0,-1.332852513266528,-0.5403358522539087
15970.0,100.0,1,314.1,314.1,0,-1.180112453306074,-1.0409968512547139
15971.0,2.0,12,4199.85,349.9875,0,0.4171715459381271,1.2551924879885266
15973.0,486.0,1,307.82000000000005,307.82000000000005,0,-1.222454833719928,-1.0704948401064702
15974.0,6.0,7,3442.15,491.7357142857143,0,0.5373669444774121,0.2519712777577735
15976.0,281.0,2,430.94,215.47,0,-1.4576990727823862,-0.7054962583705375
15980.0,2.0,3,2398.86,799.62,0,1.1413054018362083,-1.1977031850856015
15981.0,7.0,8,3408.48,426.06,0,0.3306500235973511,0.46574514183935667
15983.0,455.0,4,1475.02,368.755,0,-0.5827528501577619,-0.5224281113447354
15984.0,152.0,10,2837.67,283.767,0,-0.2857465509790189,0.6963327751643019
15985.0,125.0,2,1142.42,571.21,0,-0.043264823866365876,-1.250209048254721
15986.0,91.0,1,168.12,168.12,0,-1.7106259644116544,-0.7493023303267019
15987.0,33.0,7,1451.28,207.32571428571427,0,-1.038760168077505,0.11144125011657768
15992.0,182.0,1,41.989999999999995,41.989999999999995,0,-2.173991636053291,-0.508020514939617
15993.0,183.0,7,2797.57,399.65285714285716,0,0.018567175579372153,0.18816232413972844
15996.0,2.0,6,1060.68,176.78,0,-1.2843752398199935,-0.04277954087103264
15998.0,275.0,5,3089.97,617.9939999999999,0,0.7873719153362198,-0.3658922764726256
16000.0,152.0,3,12393.7,4131.233333333334,0,15.36136037072311,-5.0999807902196945
16003.0,61.0,5,2735.37,547.074,0,0.45041115032542667,-0.318399557756709
16005.0,66.0,4,615.39,153.8475,0,-1.548904605651646,-0.3180900217069259
16006.0,6.0,1,101.4,101.4,0,-1.9490102762053683,-0.6071816094941972
16007.0,5.0,4,1701.94,425.485,0,-0.2997927163732902,-0.5162249026655139
16009.0,153.0,4,992.71,248.1775,0,-1.120597975173879,-0.3986676514221633
16010.0,129.0,3,407.5,135.83333333333334,0,-1.699807108500067,-0.43729033032948916
16011.0,3.0,16,3362.71,210.169375,0,-0.22389524426949003,1.5254034147524824
16012.0,156.0,3,1415.29,471.7633333333333,0,-0.2665842671972888,-0.8320532684811325
16013.0,3.0,47,37130.6,790.0127659574467,2,13.077417505887306,16.22864297454492
16014.0,65.0,3,662.38,220.79333333333332,0,-1.3337527694072733,-0.5294222098478785
16015.0,182.0,3,705.39,235.13,0,-1.2784388553524995,-0.5588762437791314
16016.0,182.0,8,1508.76,188.595,0,-1.0682065284906987,0.2338565368830673
16018.0,5.0,2,408.90000000000003,204.45000000000002,0,-1.4873275780849258,-0.6580621864711789
16019.0,163.0,9,3786.2400000000002,420.6933333333334,0,0.44663233658411094,0.6874003042125635
16020.0,215.0,3,851.01,283.67,0,-1.0728162326896156,-0.6190837821082829
16025.0,61.0,1,439.65999999999997,439.65999999999997,0,-0.7214470132575768,-1.2868021559972544
16027.0,70.0,6,934.62,155.77,0,-1.3974897431173536,-0.05167599639835074
16029.0,31.0,63,81024.84,1286.1085714285714,2,28.974153441444376,34.259397411067674
16030.0,284.0,1,331.24,331.24,0,-1.127065205013509,-1.0951535281903229
16031.0,124.0,2,548.94,274.47,0,-1.2164886634348977,-0.7815684421964063
16033.0,6.0,20,8816.4,440.82,0,2.3568962338770327,3.5000165673379646
16034.0,40.0,3,437.7,145.9,0,-1.6523212809576868,-0.4393470114815526
16037.0,131.0,3,855.02,285.00666666666666,0,-1.0628644078737028,-0.6115019927646294
16038.0,302.0,3,471.78000000000003,157.26000000000002,0,-1.6170444618249569,-0.4811079646935486
16040.0,215.0,3,1313.55,437.84999999999997,0,-0.41439155693664254,-0.7989175221409147
16041.0,91.0,3,3166.4,1055.4666666666667,0,2.2294007150279844,-1.5058046908441445
16042.0,40.0,5,1197.27,239.454,0,-1.0570103626022742,-0.211122380608051
16043.0,6.0,4,773.99,193.4975,0,-1.3639946784384593,-0.34145083526380576
16045.0,3.0,4,1340.7,335.175,0,-0.7139532950810867,-0.4479274159493638
16048.0,698.0,2,256.44,128.22,0,-1.82374154090964,-0.613112435862853
16053.0,94.0,2,1511.95,755.975,0,0.6888399089038115,-1.5385666975499261
16055.0,281.0,1,134.8,134.8,0,-1.8414183043645789,-0.7036222279746361
16057.0,6.0,7,2263.12,323.30285714285714,0,-0.3952368600299192,0.1704868160673848
16059.0,215.0,6,1459.8600000000001,243.31000000000003,0,-0.9478269982379368,-0.06121869011640513
16062.0,7.0,4,1153.62,288.405,0,-0.9286943571019994,-0.41310530994178335
16065.0,455.0,1,372.09,372.09,0,-0.9871216175624793,-1.1951133588878675
16066.0,92.0,5,1521.87,304.37399999999997,0,-0.7412878358507502,-0.23893847024994924
16070.0,153.0,2,852.15,426.075,0,-0.6185257341551418,-1.0240979486137172
16076.0,31.0,10,2234.73,223.473,0,-0.6707480955853679,0.6057094953348384
16078.0,342.0,1,79.2,79.2,0,-2.046731989787273,-0.5995343684576667
16080.0,69.0,2,217.16,108.58,0,-1.8696192740633368,-0.5136546016921694
16081.0,158.0,5,2806.9,561.38,0,0.5156634257104393,-0.3338377727479613
16085.0,1.0,5,981.51,196.302,0,-1.2666454551144977,-0.19215045538337555
16086.0,31.0,5,1121.39,224.27800000000002,0,-1.1309745493076382,-0.2049633718255897
16091.0,126.0,2,315.06,157.53,0,-1.6789564316130636,-0.597145968908743
16094.0,61.0,4,1078.23,269.5575,0,-1.017877880539018,-0.40477346254233737
16098.0,158.0,7,2005.63,286.5185714285714,0,-0.6065883935001265,0.1361507044858773
16102.0,278.0,3,1842.14,614.0466666666667,0,0.33487245002670574,-1.01128688965347
16103.0,188.0,6,1429.64,238.27333333333334,0,-0.9727560646911235,-0.05863935808297138
16104.0,92.0,1,302.36,302.36,0,-1.2224098112727089,-1.0167464068714664
16105.0,221.0,1,336.96,336.96,0,-1.1030773409434755,-1.0996891041684103
16106.0,215.0,1,108.38,108.38,0,-1.934180632631821,-0.6438254212446826
16107.0,30.0,7,3204.1600000000003,457.7371428571429,0,0.3479061993638486,0.23291177128085816
16109.0,220.0,2,611.88,305.94,0,-1.096909886031808,-0.841704078708866
16110.0,343.0,3,1337.48,445.82666666666665,0,-0.3867936903853336,-0.8221503444117318
16112.0,71.0,4,195.73999999999998,48.934999999999995,0,-2.0304020448925746,-0.23954623483717757
16113.0,96.0,1,161.38,161.38,0,-1.735393736641039,-0.7364239051677904
16115.0,5.0,8,1667.97,208.49625,0,-0.9427714909766105,0.270955569696701
16116.0,6.0,1,612.78,612.78,0,-0.08898486787479032,-1.6255807722151938
16117.0,280.0,1,232.21,232.21,0,-1.4870616430802412,-0.8975027359742789
16119.0,333.0,2,423.36,211.68,0,-1.4753112676919578,-0.7051707410489318
16120.0,31.0,4,1309.14,327.285,0,-0.7515601007479303,-0.44502652358644446
16121.0,128.0,2,867.11,433.555,0,-0.5876877357921457,-1.0331878529518113
16122.0,40.0,4,684.4200000000001,171.10500000000002,0,-1.4684291149255362,-0.32827020758241326
16125.0,517.0,1,289.35,289.35,0,-1.2912012383056681,-1.0370857578548969
16126.0,61.0,4,6287.77,1571.9425,0,4.956301233145899,-1.3865714000343496
16128.0,275.0,5,1880.22,376.044,0,-0.399083190715779,-0.28331375380509766
16133.0,30.0,33,14589.04,442.09212121212124,0,4.474646382245034,6.784342509474465
16136.0,31.0,3,709.38,236.46,0,-1.2651307254117845,-0.5439957531622874
16140.0,215.0,2,725.18,362.59,0,-0.8726699874638735,-0.9306063830256956
16141.0,2.0,1,620.4,620.4,0,-0.06106682004364594,-1.6403205128791885
16142.0,251.0,1,535.34,535.34,0,-0.38303195817228164,-1.4980219949628166
16143.0,36.0,6,2424.94,404.1566666666667,0,-0.09911083132140308,-0.03028155430150492
16144.0,160.0,1,175.2,175.2,0,-1.68835992982704,-0.7709105199272432
16145.0,4.0,11,3799.4900000000002,345.40818181818184,0,0.2530245965506188,1.0309306408420662
16146.0,218.0,3,734.13,244.71,0,-1.2393462134910282,-0.5739677553214221
16149.0,213.0,2,280.52,140.26,0,-1.751635095345838,-0.5793451630796174
16150.0,2.0,5,2053.02,410.604,0,-0.21581892460161978,-0.2654014225699767
16153.0,158.0,5,1824.23,364.846,0,-0.4480843230509727,-0.2667599162737313
16156.0,34.0,9,3122.04,346.8933333333333,0,-0.002209535001869045,0.6048438744262218
16159.0,283.0,1,348.2,348.2,0,-1.065326643968123,-1.128820080538778
16160.0,215.0,2,1025.44,512.72,0,-0.27907397932019007,-1.167651193545876
16161.0,31.0,19,5575.56,293.4505263157895,0,0.8180967343317884,2.444703933598085
16162.0,341.0,1,37.4,37.4,0,-2.19871921581511,-0.5161820017997358
16163.0,455.0,2,856.6,428.3,0,-0.624985098479448,-1.0604746425717213
16168.0,4.0,27,3787.6,140.28148148148148,0,-0.07861067161488489,2.6373547823114025
16169.0,61.0,4,1822.97,455.7425,0,-0.16382739755478049,-0.5451283107569208
16170.0,96.0,6,1885.05,314.175,0,-0.5718762921368743,-0.043220855215207576
16171.0,31.0,1,73.2,73.2,0,-2.0528441708971723,-0.5537425819728721
16172.0,7.0,5,1140.21,228.042,0,-1.111304489672455,-0.2036363656378774
16173.0,93.0,6,1418.32,236.38666666666666,0,-0.9778057861549192,-0.04843588121447151
16174.0,34.0,3,1009.5500000000001,336.5166666666667,0,-0.837990945710803,-0.6610271326118801
16175.0,185.0,4,1037.59,259.3975,0,-1.0707472456652902,-0.41060803839622273
16179.0,62.0,1,215.83,215.83,0,-1.535626921679369,-0.8411597055063366
16180.0,247.0,8,10254.18,1281.7725,0,5.327490264492955,1.206622476029788
16182.0,337.0,4,6617.65,1654.4125,0,5.32065667988728,-1.478775352911924
16183.0,276.0,1,338.71000000000004,338.71000000000004,0,-1.0994906710523593,-1.1091592688668555
16184.0,6.0,6,1158.79,193.13166666666666,0,-1.1992161608341612,-0.04204995995528038
16186.0,6.0,12,4006.94,333.9116666666667,0,0.30250931154321337,1.213820252040541
16187.0,122.0,15,6911.4400000000005,460.7626666666667,0,1.703721630089598,2.30413681386428
16188.0,37.0,4,981.86,245.465,0,-1.1271802948159624,-0.3839997490613476
16191.0,39.0,13,5180.52,398.5015384615385,0,0.9089741442430741,1.6089929552962694
16200.0,213.0,2,1080.6200000000001,540.3100000000001,0,-0.1698853913700803,-1.2109962418020457
16201.0,182.0,4,1863.47,465.8675,0,-0.12349574377658445,-0.5659281967219956
16203.0,1.0,4,592.9,148.225,0,-1.5714118767192842,-0.3067782358558883
16205.0,91.0,4,761.38,190.345,0,-1.3827496503234797,-0.34832401664504475
16206.0,156.0,4,537.0600000000001,134.26500000000001,0,-1.643278337718311,-0.313121609505453
16209.0,2.0,5,2262.62,452.524,0,-0.010254973183145721,-0.27970888969220353
16210.0,67.0,18,21086.3,1171.461111111111,0,8.620674568031161,6.6589816266453665
16211.0,2.0,1,547.02,547.02,0,-0.3279694452212004,-1.494186267190138
16212.0,342.0,2,690.34,345.17,0,-0.9479624944427443,-0.9169215289016428
16214.0,341.0,3,1062.75,354.25,0,-0.7777702049016183,-0.715118757084125
16217.0,311.0,2,304.25,152.125,0,-1.7096731738937416,-0.6087435100250679
16218.0,61.0,7,3084.68,440.6685714285714,0,0.25183233388849424,0.22128092314780012
16221.0,99.0,3,864.86,288.2866666666667,0,-1.0472405804567424,-0.6118455132134131
16224.0,251.0,4,1295.3,323.825,0,-0.7785456771725618,-0.4663585677564166
16225.0,161.0,5,1096.32,219.26399999999998,0,-1.1621292765039848,-0.2173986447354822
16229.0,36.0,2,1010.6,505.3,0,-0.2993688625456732,-1.1364567896288968
16230.0,280.0,2,542.03,271.015,0,-1.238030287766242,-0.7930891237976134
16232.0,128.0,4,990.88,247.72,0,-1.1214336007668257,-0.3956022722675586
16233.0,486.0,3,536.6800000000001,178.89333333333335,0,-1.5339549558510162,-0.5263636702238311
16235.0,40.0,5,867.31,173.462,0,-1.3806166670394866,-0.18859904162117136
16239.0,280.0,2,414.2,207.1,0,-1.4907425295600438,-0.6921717917227628
16241.0,1.0,13,2607.87,200.6053846153846,0,-0.560786090446667,1.0275469402438655
16242.0,97.0,7,3603.21,514.7442857142858,0,0.6601669533946721,0.2531997662600566
16243.0,183.0,2,409.1,204.55,0,-1.4959245776109173,-0.6775900005874235
16244.0,6.0,2,1522.75,761.375,0,0.7146365357716509,-1.5375167805744754
16245.0,64.0,3,1413.66,471.22,0,-0.2642568177656429,-0.8214081109808455
16248.0,92.0,1,152.94,152.94,0,-1.7658901908588387,-0.7191805988739473
16250.0,698.0,2,389.44,194.72,0,-1.5608085192513776,-0.7181113028420842
16253.0,245.0,2,3683.86,1841.93,0,4.974947317693591,-3.2696457716103824
16255.0,160.0,8,2619.91,327.48875,0,-0.25407215425898344,0.3607441189567636
16258.0,247.0,5,5203.51,1040.702,0,2.861628212905305,-0.507117288536695
16261.0,159.0,4,746.83,186.7075,0,-1.4028705454874237,-0.35298164635307405
16265.0,131.0,9,5447.0,605.2222222222222,0,1.5868242615248347,0.9324058028066181
16271.0,152.0,5,1429.24,285.848,0,-0.835165298419882,-0.23914465770667714
16274.0,698.0,1,357.95,357.95,0,-1.0508286922325873,-1.1933971458355943
16282.0,254.0,1,168.3,168.3,0,-1.7182058584811795,-0.7673984197237981
16283.0,33.0,5,1570.81,314.162,0,-0.6903095995525299,-0.23585878750507394
16284.0,122.0,2,823.97,411.985,0,-0.6726698137436677,-0.9984774070344105
16292.0,64.0,1,302.25,302.25,0,-1.221395377732162,-1.0134803910277466
16293.0,93.0,10,2248.9900000000002,224.89900000000003,0,-0.6646301169655303,0.6014173943194013
16295.0,1.0,4,1328.55,332.1375,0,-0.7277855939798661,-0.4454199686607039
16298.0,188.0,3,598.2,199.4,0,-1.4313266994950973,-0.5178541103764874
16302.0,217.0,1,233.22,233.22,0,-1.4802053048290449,-0.8926584768856529
16303.0,71.0,3,5360.63,1786.8766666666668,0,5.353892689192307,-2.3567363234777305
16306.0,39.0,6,632.27,105.37833333333333,0,-1.6589849644125951,-0.05189238476056557
16308.0,189.0,4,2560.0,640.0,0,0.6749150010614469,-0.6979590525035123
16313.0,182.0,2,274.15000000000003,137.07500000000002,0,-1.7626621132624338,-0.5709428567545741
16316.0,99.0,8,2938.91,367.36375,0,-0.017579772201679722,0.4031229720007743
16317.0,3.0,3,1341.65,447.2166666666667,0,-0.36368123396918517,-0.7867728984115288
16318.0,244.0,1,328.15,328.15,0,-1.136283597652301,-1.0846470871785294
16319.0,189.0,1,404.40000000000003,404.40000000000003,0,-0.8561634705435631,-1.2305117707186501
16320.0,67.0,2,1038.46,519.23,0,-0.24585740376113696,-1.1618247023553214
16321.0,162.0,5,373.65000000000003,74.73,0,-1.8709340931094167,-0.16817742031255634
16322.0,121.0,2,326.75,163.375,0,-1.6555934077120167,-0.6058307177837706
16324.0,278.0,3,428.68,142.89333333333335,0,-1.6771847605708587,-0.46173917878192594
16325.0,129.0,3,594.24,198.08,0,-1.4339831279792252,-0.5098941107888952
16326.0,92.0,14,3110.96,222.21142857142857,0,-0.31227186473771273,1.2431365003067114
16327.0,578.0,6,3844.22,640.7033333333333,0,1.1083603686200956,-0.07241076419974335
16332.0,30.0,7,1593.2,227.6,0,-0.9263509653470835,0.1215760050961564
16333.0,125.0,22,26626.8,1210.3090909090909,0,10.58926263484521,9.124518808922474
16337.0,275.0,1,151.05,151.05,0,-1.7820096074699223,-0.7353307360028065
16338.0,218.0,1,214.79999999999998,214.79999999999998,0,-1.5472542751516078,-0.8560843748137579
16344.0,248.0,1,101.10000000000001,101.10000000000001,0,-1.9623270617100843,-0.6329185548608363
16347.0,275.0,2,887.65,443.825,0,-0.5545076855017095,-1.0653999753070371
16348.0,153.0,7,1469.45,209.92142857142858,0,-1.0304501193551039,0.09963863122647632
16350.0,71.0,4,1116.47,279.1175,0,-0.9745303296656809,-0.41306842969258134
16351.0,40.0,1,153.9,153.9,0,-1.7597714252807004,-0.7154337837596845
16352.0,303.0,2,494.44,247.22,0,-1.3332748006739554,-0.7580213315544386
16353.0,10.0,23,6675.71,290.24826086956523,0,1.2451672256617194,3.188096040373571
16354.0,154.0,2,395.8,197.9,0,-1.5207528278760356,-0.663934340229879
16356.0,161.0,3,211.77,70.59,0,-1.9800449433017295,-0.36467350609148524
16357.0,67.0,3,658.88,219.62666666666667,0,-1.3388360497946719,-0.5282790631216107
16358.0,121.0,4,2027.5,506.875,0,0.06769169997364233,-0.5902035366663805
16359.0,10.0,9,1750.92,194.54666666666668,0,-0.9410024897554258,0.40805444371150335
16360.0,2.0,6,3512.53,585.4216666666667,0,0.8488705878899221,-0.013668725540704418
16362.0,31.0,5,734.77,146.954,0,-1.5101498112227643,-0.17857237498019218
16365.0,4.0,9,1540.42,171.1577777777778,0,-1.0850128850507612,0.3780944819071762
16367.0,303.0,2,804.49,402.245,0,-0.720324549808209,-1.0027950060424886
16368.0,30.0,2,497.43,248.715,0,-1.3135720545575942,-0.7306740320855708
16370.0,66.0,4,1320.56,330.14,0,-0.7402320768684536,-0.4509874467350939
16372.0,183.0,2,367.93,183.965,0,-1.5773151979242308,-0.6450877197337772
16374.0,245.0,2,473.03000000000003,236.51500000000001,0,-1.3726709825394816,-0.7348073350470354
16376.0,333.0,2,987.01,493.505,0,-0.3610090296642916,-1.1501527814462529
16378.0,190.0,3,362.95,120.98333333333333,0,-1.7663055967064496,-0.42660747151426937
16379.0,213.0,4,2157.4,539.35,0,0.21201024304383864,-0.6246961107576703
16380.0,92.0,1,1780.59,1780.59,0,4.154306836536181,-3.9606006724060174
16384.0,32.0,2,584.5,292.25,0,-1.1415409257341114,-0.7996304035872632
16385.0,62.0,3,555.89,185.29666666666665,0,-1.4851894938052845,-0.4876928556707383
16386.0,30.0,2,317.2,158.6,0,-1.669875953004727,-0.5883887253512335
16389.0,342.0,4,1382.07,345.5175,0,-0.6836370943407297,-0.49261397579315086
16393.0,128.0,13,3046.21,234.32384615384615,0,-0.31645037279929644,1.113500854259824
16394.0,221.0,5,1555.34,311.068,0,-0.714979287737233,-0.2552609115718684
16395.0,62.0,5,1486.9,297.38,0,-0.7740688841036396,-0.233286796058655
16398.0,126.0,2,1705.8,852.9,0,1.0704531213268749,-1.695086752838789
16400.0,185.0,1,303.93,303.93,0,-1.2213975725549082,-1.0299932582274325
16401.0,120.0,12,4098.32,341.52666666666664,0,0.35096904855360744,1.2208063221031527
16402.0,578.0,2,299.6,149.8,0,-1.7323545262444464,-0.634127378631411
16405.0,70.0,2,167.25,83.625,0,-1.9683388691166805,-0.4743612150755399
16407.0,37.0,10,2126.93,212.69299999999998,0,-0.7409787757747907,0.5864998163889018
16409.0,4.0,5,2028.88,405.776,0,-0.239595123862411,-0.2639712460242619
16411.0,578.0,2,214.65,107.325,0,-1.9002955803036148,-0.5670623128427966
16414.0,252.0,2,126.25,63.125,0,-2.0585878732805947,-0.4617983435086457
16418.0,124.0,3,675.27,225.09,0,-1.3183845055046428,-0.5408541584528344
16419.0,99.0,6,972.23,162.03833333333333,0,-1.366232003827667,-0.05438522652367206
16422.0,31.0,51,34684.4,680.086274509804,2,12.024796499243413,15.760250883089084
16424.0,339.0,1,133.56,133.56,0,-1.8488586187849674,-0.7074643495013684
16425.0,70.0,1,302.7,302.7,0,-1.220061721935824,-1.015029472301936
16426.0,124.0,10,1908.25,190.825,0,-0.8872269939402845,0.539388781744338
16431.0,67.0,3,642.81,214.26999999999998,0,-1.3617116595567471,-0.5220311100746863
16432.0,184.0,1,287.4,287.4,0,-1.281471070888049,-0.9969653994539702
16433.0,30.0,1,184.26,184.26,0,-1.6488388201378608,-0.7748066884142636
16434.0,61.0,7,1522.25,217.46428571428572,0,-0.9840379682042338,0.11329913517046752
16438.0,243.0,5,798.35,159.67000000000002,0,-1.4585041395515912,-0.20598219133800205
16440.0,61.0,5,3640.67,728.134,0,1.3382787324778342,-0.3801960748643041
16441.0,275.0,2,381.2,190.6,0,-1.5557289548161979,-0.665575342362438
16442.0,121.0,3,616.79,205.59666666666666,0,-1.401479100177873,-0.517790904199953
16444.0,216.0,4,654.67,163.6675,0,-1.5114370713537713,-0.3418157582513232
16445.0,183.0,1,230.51,230.51,0,-1.4883446503354731,-0.8835617140791167
16446.0,90.0,2,168472.5,84236.25,1,330.7600337837153,-133.34766961563716
16449.0,252.0,2,707.69,353.845,0,-0.9091158724311206,-0.9208249691958955
16454.0,184.0,2,6.9,3.45,0,-2.291100369656662,-0.3601759309022723
16455.0,154.0,7,1841.18,263.0257142857143,0,-0.736465022456534,0.12522060722144168
16456.0,192.0,5,2158.37,431.674,0,-0.12209615556991005,-0.29326845803971086
16457.0,220.0,1,208.36,208.36,0,-1.5707793102993546,-0.843476932034742
16458.0,2.0,18,3482.7400000000002,193.48555555555558,0,-0.19708230999808352,1.7549130177378842
16460.0,30.0,3,814.72,271.5733333333333,0,-1.1151289473678443,-0.5848427127190052
16462.0,158.0,3,136.0,45.333333333333336,0,-2.0877518150618473,-0.3348879675709422
16466.0,5.0,7,1603.46,229.06571428571428,0,-0.9169724072408608,0.12500558300982256
16469.0,160.0,4,650.43,162.6075,0,-1.5134703388419788,-0.3349227735600038
16471.0,69.0,1,223.95000000000002,223.95000000000002,0,-1.506445949875771,-0.8580921999720177
16473.0,163.0,3,316.11,105.37,0,-1.8316182201581892,-0.4054581289097303
16474.0,32.0,7,1871.5,267.35714285714283,0,-0.7063188101958056,0.14059207942402496
16475.0,2.0,4,544.3,136.075,0,-1.6271957435939315,-0.2977278247335449
16477.0,69.0,7,2494.46,356.3514285714286,0,-0.2154313702766516,0.1796194104861244
16478.0,184.0,3,331.0,110.33333333333333,0,-1.811483237460874,-0.41353251798791163
16484.0,308.0,2,404.3,202.15,0,-1.5117287685531278,-0.6874030404649698
16488.0,183.0,3,498.8,166.26666666666668,0,-1.572569786377779,-0.4786636808620469
16495.0,130.0,3,684.41,228.13666666666666,0,-1.3056768497329772,-0.5450606733357356
16496.0,333.0,3,1599.52,533.1733333333333,0,-0.013275134670003297,-0.9229422720751109
16497.0,71.0,6,2965.69,494.2816666666667,0,0.369603569361173,-0.027669921837497946
16498.0,338.0,2,100.97,50.485,0,-2.1129095534668556,-0.45119916532843696
16499.0,425.0,2,365.45,182.725,0,-1.5944436146714072,-0.6694642332145724
16500.0,213.0,6,400.86,66.81,0,-1.8691148426705884,-0.07357455767475163
16503.0,97.0,4,1431.93,357.9825,0,-0.6140816452399127,-0.47534982180407637
16505.0,122.0,1,777.6,777.6,0,0.5046492101828366,-1.9664383500162486
16510.0,667.0,1,248.1,248.1,0,-1.448816341377888,-0.9712604880105935
16513.0,213.0,4,874.59,218.6475,0,-1.2590863813848343,-0.382935761054217
16515.0,4.0,5,1627.13,325.42600000000004,0,-0.6336090431485366,-0.2365474630263869
16516.0,91.0,1,101.69999999999999,101.69999999999999,0,-1.9522132138569144,-0.6170287326343232
16517.0,161.0,1,162.7,162.7,0,-1.7338762817106395,-0.7461259345421727
16518.0,92.0,2,484.32,242.16,0,-1.3426219180467038,-0.7270709702137543
16519.0,455.0,2,215.07999999999998,107.53999999999999,0,-1.8932316552780082,-0.5540169497558081
16520.0,188.0,3,1046.57,348.8566666666666,0,-0.7930729876704756,-0.6921786099190809
16523.0,32.0,21,9418.470000000001,448.4985714285715,0,2.5937842839588865,3.79699467439547
16525.0,10.0,26,13027.45,501.0557692307693,0,4.022472568357484,5.511334603204372
16528.0,182.0,1,244.41,244.41,0,-1.437736125172389,-0.9111343608428282
16529.0,307.0,1,455.25,455.25,0,-0.6771697081643788,-1.344618877136933
16531.0,247.0,7,1244.59,177.79857142857142,0,-1.2130614660395143,0.07386917326766207
16532.0,224.0,3,6748.8,2249.6,0,7.322220228493187,-2.9131008079700775
16533.0,304.0,3,1095.56,365.18666666666667,0,-0.7291960376974489,-0.7238488246427452
16535.0,243.0,1,593.75,593.75,0,-0.17017506217045864,-1.6134733403736128
16539.0,152.0,4,1388.81,347.2025,0,-0.6663092034505298,-0.47320844812144336
16546.0,667.0,2,787.15,393.575,0,-0.7729936169298484,-1.0287160804942421
16549.0,32.0,10,4154.64,415.46400000000006,0,0.5746061464684775,0.9360951986187424
16550.0,158.0,5,2298.97,459.794,0,0.017514103935698966,-0.2991660562623094
16551.0,163.0,3,922.12,307.37333333333333,0,-0.9689643140029177,-0.6410724429088986
16552.0,37.0,2,379.73,189.865,0,-1.5466115272425065,-0.6385157206043413
16553.0,69.0,12,5719.82,476.65166666666664,0,1.3156374098426276,1.5704506594257808
16554.0,10.0,3,837.1,279.03333333333336,0,-1.082260685821013,-0.591367573419631
16555.0,244.0,2,285.89,142.945,0,-1.7425850174417101,-0.5869580042394034
16556.0,129.0,7,3313.79,473.3985714285714,0,0.4296213153680126,0.22971530014739772
16558.0,38.0,20,8338.49,416.92449999999997,0,2.1246182471578705,3.356821475935126
16561.0,31.0,2,511.12,255.56,0,-1.2865582648179643,-0.7415906299793106
16565.0,425.0,1,173.7,173.7,0,-1.707203372999955,-0.7967605533693282
16567.0,163.0,2,865.6,432.8,0,-0.5924410812980343,-1.0358044529000914
16569.0,182.0,1,124.2,124.2,0,-1.8749719465487016,-0.6717394620382386
16570.0,153.0,10,3738.4,373.84000000000003,0,0.29848731334747836,0.8512761879149712
16571.0,283.0,3,1421.69,473.8966666666667,0,-0.2638897981755418,-0.8483616756431045
16572.0,34.0,3,1009.6,336.53333333333336,0,-0.8379197708204419,-0.6610465724160086
16581.0,66.0,1,105.84,105.84,0,-1.9358919542396802,-0.6225529338912907
16583.0,698.0,1,233.45,233.45,0,-1.5036683874438919,-0.9454588303778835
16586.0,221.0,1,463.95,463.95,0,-0.6411808518279447,-1.3525861859352752
16589.0,338.0,3,459.24,153.08,0,-1.6367138094456553,-0.48014997394728687
16591.0,304.0,1,213.5,213.5,0,-1.5563273584393378,-0.8628539618739463
16592.0,91.0,16,4113.68,257.105,0,0.16528317836925188,1.712800079028486
16593.0,280.0,3,330.03,110.00999999999999,0,-1.8177138573155354,-0.42360208479897765
16595.0,92.0,1,360.16,360.16,0,-1.0121758001625611,-1.1318535123610702
16596.0,486.0,2,250.15,125.075,0,-1.8254664590035765,-0.5850769063237382
16597.0,213.0,1,90.04,90.04,0,-2.0007870645309507,-0.607084177621754
16600.0,213.0,6,813.52,135.58666666666667,0,-1.5100776979583208,-0.06867504544757086
16602.0,275.0,1,528.08,528.08,0,-0.410650970638451,-1.4861755799949403
16603.0,93.0,2,482.47,241.235,0,-1.3463297761008288,-0.7257192794393944
16607.0,1.0,14,3347.71,239.12214285714285,0,-0.1765617931954815,1.3100548362314668
16609.0,4.0,7,5493.46,784.78,0,2.1600386637129803,0.393957906328514
16610.0,250.0,1,75.66,75.66,0,-2.0549601627936926,-0.5824731362288365
16611.0,188.0,1,129.49,129.49,0,-1.8560339202718599,-0.6829272697928723
16612.0,3.0,4,1187.66,296.915,0,-0.8894560019531598,-0.4190852616797397
16614.0,66.0,1,506.19,506.19,0,-0.479712259638509,-1.419838914561929
16616.0,218.0,2,500.42,250.21,0,-1.3171585817593887,-0.7534926518265461
16618.0,122.0,5,2647.59,529.518,0,0.3612397773339173,-0.31904562995445385
16620.0,182.0,2,178.96,89.48,0,-1.9508470330492758,-0.4957936676737243
16621.0,128.0,4,813.48,203.37,0,-1.324871788162969,-0.362169194853606
16623.0,129.0,1,129.45,129.45,0,-1.8531987881045127,-0.6764272437957306
16625.0,69.0,1,333.08,333.08,0,-1.1095110427399504,-1.0754215844370776
16626.0,90.0,17,4413.1,259.59411764705885,0,0.29047982129930006,1.9003359809410783
16628.0,61.0,5,2188.05,437.61,0,-0.08636967930414974,-0.2810390477121615
16629.0,246.0,2,417.73,208.865,0,-1.4820462842600286,-0.6912587311896686
16633.0,5.0,6,2883.1,480.51666666666665,0,0.3010799332436924,-0.021468407346767804
16634.0,340.0,2,217.9,108.95,0,-1.881846995871074,-0.5437289666647146
16637.0,62.0,4,1154.47,288.6175,0,-0.9304981436113285,-0.41925059022697164
16638.0,161.0,10,1680.72,168.072,0,-1.0366900672237713,0.49619529156436715
16639.0,122.0,3,1257.51,419.17,0,-0.48946610416494674,-0.7670091500065451
16642.0,213.0,2,688.33,344.165,0,-0.9454191888612065,-0.9012969521232288
16643.0,129.0,1,487.51,487.51,0,-0.5508390992100568,-1.3894938561072798
16644.0,36.0,2,833.78,416.89,0,-0.6489313955502896,-0.9968635591080874
16652.0,1.0,7,6773.97,967.71,0,3.1730639370896125,0.4827822563447416
16654.0,219.0,4,601.27,150.3175,0,-1.5728265044726188,-0.33207837129381507
16655.0,10.0,6,3794.52,632.42,0,1.0938134148432446,-0.011191216489393585
16656.0,4.0,15,8625.8,575.0533333333333,0,2.6319918901713324,2.7494667736975
16658.0,547.0,1,123.24,123.24,0,-1.8969031688482774,-0.7095468687201391
16659.0,280.0,1,39.12,39.12,0,-2.1893814563200067,-0.512969327687296
16665.0,364.0,1,135.39999999999998,135.39999999999998,0,-1.843429023965546,-0.7138491532760243
16667.0,304.0,2,570.13,285.065,0,-1.1836907301613009,-0.8178847696941358
16668.0,66.0,6,306.71999999999997,51.12,0,-1.943595579475144,-0.05869577404467574
16670.0,40.0,11,4095.9,372.3545454545455,0,0.4345328178435972,1.0845152786762773
16671.0,30.0,3,1692.27,564.09,0,0.13406155336078807,-0.926030714979645
16672.0,7.0,20,8134.9400000000005,406.747,0,2.0279417319524007,3.3006888057377126
16674.0,305.0,2,319.61,159.805,0,-1.6790042611158777,-0.6202167762752236
16676.0,67.0,4,1592.1200000000001,398.03000000000003,0,-0.42886391399817825,-0.5022748826524973
16678.0,3.0,12,3109.99,259.1658333333333,0,-0.22953051056056628,1.0238071570745495
16679.0,486.0,1,129.75,129.75,0,-1.870142902204081,-0.7158733474674779
16682.0,124.0,5,1028.0,205.6,0,-1.2272645053744147,-0.2087087338469225
16684.0,213.0,28,66653.56,2380.4842857142858,2,27.27605291049165,23.23387311463105
16685.0,92.0,2,324.24,162.12,0,-1.6590904752426034,-0.6006933865593532
16686.0,162.0,7,3062.83,437.54714285714283,0,0.22944672716041037,0.20878004025492647
16688.0,62.0,4,1260.86,315.215,0,-0.8084925700088728,-0.4393010135982818
16693.0,304.0,2,482.01,241.005,0,-1.3578986840599931,-0.7483170993316557
16696.0,67.0,4,657.9000000000001,164.47500000000002,0,-1.5002056469701341,-0.3262103416059198
16697.0,7.0,1,112.75,112.75,0,-1.9077778190063204,-0.6298936411666881
16700.0,4.0,13,5076.55,390.50384615384615,0,0.8512664526659601,1.5891362155385131
16701.0,10.0,13,5398.3,415.25384615384615,0,1.035019866357346,1.661719353212427
16705.0,7.0,20,14034.99,701.7495,0,4.875577608263887,5.025517434972763
16706.0,303.0,3,531.35,177.11666666666667,0,-1.5322972164797357,-0.5043773671137004
16709.0,129.0,5,3029.87,605.9739999999999,0,0.7358049768848931,-0.3459021133261399
16710.0,67.0,10,2483.04,248.304,0,-0.5114933677700737,0.6445362238327333
16711.0,70.0,5,1651.03,330.206,0,-0.6135035165700776,-0.24536100210906553
16712.0,36.0,11,3645.43,331.40272727272725,0,0.1561232697614705,0.9975614903141031
16713.0,7.0,15,6923.13,461.54200000000003,0,1.7158204250209073,2.319600177038694
16714.0,220.0,3,1161.53,387.1766666666667,0,-0.6310442887459927,-0.7403568405752232
16716.0,343.0,2,901.2,450.6,0,-0.5311554424447715,-1.08349697342918
16717.0,153.0,6,3858.38,643.0633333333334,0,1.1421509441441406,-0.025994235437466484
16718.0,578.0,1,623.75,623.75,0,-0.07798093872909462,-1.7096721395307561
16719.0,224.0,7,1790.42,255.77428571428572,0,-0.7801521303673156,0.11409512580612402
16722.0,96.0,13,4730.81,363.90846153846155,0,0.648838736156794,1.5004281860906228
16723.0,93.0,2,589.15,294.575,0,-1.1354298155707279,-0.8099394232690516
16725.0,70.0,7,781.02,111.57428571428571,0,-1.570799958224567,0.06109228409781864
16727.0,425.0,1,272.82,272.82,0,-1.3466775048124486,-0.9941552989771055
16729.0,7.0,21,7239.92,344.7580952380952,0,1.5608029967864603,3.150365223041066
16732.0,122.0,1,603.75,603.75,0,-0.1276895931302986,-1.6202208709614454
16735.0,101.0,5,2300.56,460.11199999999997,0,0.021953071734469587,-0.293071863422545
16743.0,6.0,7,2238.09,319.7271428571429,0,-0.41503540054781796,0.1687569567117193
16744.0,183.0,7,1304.76,186.3942857142857,0,-1.1622342335506661,0.08499207464986869
16745.0,3.0,17,7194.3,423.1941176470588,0,1.718699024663846,2.6638685710393917
16746.0,3.0,18,6697.66,372.09222222222223,0,1.41384471722459,2.6517209750230313
16747.0,276.0,2,836.06,418.03,0,-0.6565485397759996,-1.0247802872127751
16748.0,101.0,5,1515.9,303.18,0,-0.7475975490671518,-0.23951033120820125
16750.0,64.0,5,623.93,124.78599999999999,0,-1.6205226089768288,-0.17459739887297127
16751.0,91.0,1,1764.72,1764.72,0,4.096633934177655,-3.928887185425343
16752.0,667.0,1,207.5,207.5,0,-1.59648936648294,-0.8904067080300069
16753.0,1.0,1,223.92000000000002,223.92000000000002,0,-1.5031197737626116,-0.8506327106667131
16754.0,666.0,1,2002.4,2002.4,0,4.932091023510134,-4.464791722907636
16756.0,97.0,1,239.4,239.4,0,-1.4516647133396803,-0.8919074026359888
16758.0,215.0,1,369.34000000000003,369.34000000000003,0,-0.9849995333359006,-1.1635200622233508
16759.0,91.0,3,789.79,263.2633333333333,0,-1.1536984085965094,-0.5817880330438387
16761.0,246.0,1,316.62,316.62,0,-1.178322319937602,-1.0619030498157407
16764.0,122.0,13,2799.25,215.32692307692307,0,-0.45742029707350707,1.057941258638194
16766.0,38.0,2,1145.6,572.8,0,-0.03258299892459271,-1.2432522265013755
16767.0,66.0,11,5580.6,507.32727272727277,0,1.3514928561441208,1.3697108017503639
16770.0,667.0,5,770.1,154.02,0,-1.507630227936082,-0.2501934105733487
16771.0,99.0,5,2246.81,449.36199999999997,0,-0.03066088251611776,-0.289185204977085
16774.0,276.0,4,661.52,165.38,0,-1.5066127927907913,-0.34963590669071437
16775.0,94.0,11,1695.66,154.1509090909091,0,-1.0527219594175254,0.6130037065853909
16776.0,62.0,1,388.28,388.28,0,-0.9083802916457187,-1.1845891231824988
16778.0,69.0,2,245.94,122.97,0,-1.8127229405045038,-0.5363754091482767
16779.0,10.0,22,10629.720000000001,483.169090909091,0,3.115602696075771,4.285619482563504
16781.0,667.0,1,311.25,311.25,0,-1.2191229538068529,-1.0970219709114324
16782.0,161.0,13,2279.9,175.37692307692308,0,-0.756483803475337,0.9354839355824313
16788.0,125.0,2,597.48,298.74,0,-1.1205785142607532,-0.8199979010993657
16789.0,333.0,1,80.8,80.8,0,-2.0404576919026174,-0.6017413462866745
16790.0,30.0,6,1545.6200000000001,257.60333333333335,0,-0.8638650090664005,-0.04006880207384289
16791.0,40.0,7,1721.78,245.96857142857144,0,-0.8251503490339628,0.12937415630173021
16792.0,311.0,2,110.38000000000001,55.190000000000005,0,-2.09294253411094,-0.45568989843662006
16794.0,5.0,10,1222.71,122.271,0,-1.3259104388708431,0.4343290460507575
16795.0,455.0,1,414.88,414.88,0,-0.8314829785416621,-1.280328463453614
16796.0,32.0,1,305.62,305.62,0,-1.207521180201232,-1.0167094200568978
16801.0,38.0,4,1619.73,404.9325,0,-0.395736357283448,-0.5043225321461974
16803.0,215.0,1,332.3,332.3,0,-1.1197238892445491,-1.089755924034165
16806.0,281.0,4,801.49,200.3725,0,-1.3463510526031426,-0.37655896752331197
16807.0,128.0,3,1121.59,373.8633333333333,0,-0.6832510403090643,-0.7148169051516212
16808.0,68.0,2,288.42,144.21,0,-1.7286920097437983,-0.5698030695870439
16809.0,92.0,5,914.69,182.93800000000002,0,-1.3367760038959269,-0.1974918677343307
16811.0,213.0,2,547.07,273.535,0,-1.2246817350224557,-0.7897771028789715
16813.0,246.0,10,1692.98,169.298,0,-1.0330313837580491,0.48905605431112875
16814.0,7.0,21,6509.1,309.95714285714286,0,1.213853699203979,2.932533212091454
16817.0,38.0,9,1604.75,178.30555555555554,0,-1.0426275009193198,0.3837500801344724
16818.0,96.0,11,3349.57,304.50636363636363,0,-0.029894608483385876,0.9336368508894662
16820.0,216.0,1,497.61,497.61,0,-0.5184978619673287,-1.419075048460625
16825.0,158.0,2,775.1800000000001,387.59000000000003,0,-0.7709434020701088,-0.9638769137506882
16828.0,155.0,2,128.5,64.25,0,-2.049239412239828,-0.4530191213379481
16829.0,187.0,1,197.22,197.22,0,-1.6096313325125948,-0.8177008765653272
16830.0,334.0,1,325.91,325.91,0,-1.1489777876947775,-1.0899799692956669
16832.0,127.0,3,199.15,66.38333333333334,0,-1.9962918385728825,-0.35606702696298
16833.0,101.0,4,1106.53,276.6325,0,-0.9874448610411779,-0.4144597154137567
16835.0,278.0,2,180.85,90.425,0,-1.951960443407366,-0.5077324558472212
16837.0,31.0,11,3170.98,288.2709090909091,0,-0.13706717258785983,0.9060645141892781
16839.0,2.0,34,16594.35,488.06911764705876,0,5.285722831593329,7.574022468100602
16841.0,67.0,6,1869.82,311.63666666666666,0,-0.583662187054292,-0.04024590734732736
16842.0,70.0,3,1264.19,421.3966666666667,0,-0.47733014919763317,-0.7639476792070776
16843.0,7.0,16,10196.57,637.285625,0,3.3578992627801765,3.317429317065581
16849.0,188.0,1,124.57,124.57,0,-1.87392927208262,-0.6731292255193626
16850.0,71.0,1,332.41,332.41,0,-1.1120490494429642,-1.0743049374828892
16851.0,213.0,3,342.45,114.14999999999999,0,-1.796649239468878,-0.4211400067929769
16858.0,547.0,1,375.69000000000005,375.69000000000005,0,-0.9786752085583665,-1.212294079461497
16861.0,31.0,2,173.76,86.88,0,-1.9534987474242156,-0.4752566618280816
16863.0,122.0,2,502.8,251.4,0,-1.3076036375480597,-0.7449248799086983
16866.0,65.0,3,207.73999999999998,69.24666666666666,0,-1.9809318124831838,-0.3526599588675615
16871.0,32.0,6,2812.34,468.72333333333336,0,0.23815078500913445,-0.025246674931746926
16872.0,127.0,3,680.02,226.67333333333332,0,-1.3117744480135098,-0.5430273991891479
16873.0,92.0,6,7123.62,1187.27,0,3.986172958841586,0.019411966119200708
16875.0,254.0,5,2095.53,419.10600000000005,0,-0.18685829115938302,-0.2957257747804077
16877.0,65.0,6,853.72,142.28666666666666,0,-1.4676246461620845,-0.05209242320076901
16880.0,65.0,7,1519.08,217.01142857142855,0,-0.9867474903309363,0.11264477277862373
16881.0,245.0,1,432.0,432.0,0,-0.7586039773444522,-1.2915703170826527
16882.0,245.0,3,705.12,235.04,0,-1.282005898717161,-0.5656269150629111
16883.0,219.0,2,276.73,138.365,0,-1.7594308121794455,-0.5770060087914896
16884.0,303.0,2,429.84000000000003,214.92000000000002,0,-1.460985125479397,-0.707021881878812
16887.0,244.0,1,194.88,194.88,0,-1.621022121192948,-0.8192435586560467
16889.0,68.0,3,1578.67,526.2233333333334,0,-0.02956752071999469,-0.8859986316914374
16891.0,121.0,5,809.7,161.94,0,-1.4412093728740474,-0.19348093827771828
16892.0,61.0,5,525.54,105.10799999999999,0,-1.7168664582770856,-0.16755475780102946
16893.0,486.0,1,145.93,145.93,0,-1.8112919281597524,-0.7480953711149138
16895.0,184.0,1,219.14,219.14,0,-1.5297508909292028,-0.8610274925210921
16898.0,547.0,3,508.81,169.60333333333332,0,-1.5767095006329175,-0.5221659300659043
16899.0,32.0,6,1281.56,213.59333333333333,0,-1.093712929386846,-0.04342162604676625
16900.0,154.0,3,887.11,295.7033333333333,0,-1.0183463009542684,-0.6264813140257732
16903.0,61.0,1,373.24,373.24,0,-0.9630342627028365,-1.1545285583048757
16904.0,61.0,16,3754.27,234.641875,0,-0.021587520238967928,1.621794600618304
16905.0,243.0,7,3102.43,443.2042857142857,0,0.2566779858647268,0.20270245100798168
16906.0,188.0,4,579.77,144.9425,0,-1.5959161136587054,-0.3246530349350464
16907.0,60.0,5,981.65,196.32999999999998,0,-1.2694887737809495,-0.19858037899828374
16910.0,93.0,8,1510.06,188.7575,0,-1.0627591311605893,0.24368714977668537
16912.0,30.0,11,2575.38,234.12545454545455,0,-0.505389871256779,0.7906297270808674
16914.0,275.0,1,208.46,208.46,0,-1.573194130344774,-0.8496611672512175
16915.0,221.0,6,621.6800000000001,103.61333333333334,0,-1.6773933168902637,-0.07182332004043457
16916.0,667.0,2,576.26,288.13,0,-1.189910496159254,-0.8622257717931138
16917.0,130.0,1,391.52,391.52,0,-0.9000308418823457,-1.1984412389345445
16918.0,154.0,6,1068.82,178.13666666666666,0,-1.2849718799408456,-0.05922350141777255
16919.0,7.0,11,2596.45,236.04090909090908,0,-0.4911963289471615,0.797220063242969
16921.0,92.0,1,169.79,169.79,0,-1.704602248173614,-0.752736909038304
16923.0,65.0,19,7247.61,381.4531578947368,0,1.637998740213757,2.9192354485656193
16924.0,184.0,3,846.75,282.25,0,-1.0773142433855598,-0.6140540975741743
16926.0,639.0,1,230.25,230.25,0,-1.5123270178216668,-0.9326657515546666
16927.0,130.0,3,543.05,181.01666666666665,0,-1.5069024997620346,-0.49010045910342526
16928.0,33.0,17,2847.6,167.50588235294117,0,-0.5080919626256971,1.4820855304239786
16929.0,157.0,7,1295.39,185.0557142857143,0,-1.1683323378103625,0.08717381476792474
16930.0,304.0,3,380.55,126.85000000000001,0,-1.7470112048400381,-0.4458557376432811
16931.0,68.0,21,4604.22,219.24857142857144,0,0.3064498003042455,2.3581167633798685
16933.0,121.0,2,563.23,281.615,0,-1.1880866335635512,-0.7925234400638355
16938.0,5.0,4,2736.38,684.095,0,0.8864789779337361,-0.711177059374021
16942.0,183.0,9,1920.59,213.39888888888888,0,-0.833420794462307,0.41390362121764357
16943.0,6.0,3,816.73,272.24333333333334,0,-1.1110552600299122,-0.583012518092184
16945.0,1.0,19,4345.5,228.71052631578948,0,0.2151797402727471,2.096152911148366
16949.0,158.0,6,1286.27,214.37833333333333,0,-1.0959803654149514,-0.057076996668375735
16950.0,156.0,3,1178.56,392.8533333333333,0,-0.6035689031012135,-0.740013571853976
16951.0,131.0,3,1277.75,425.9166666666667,0,-0.4611091798262813,-0.7758577607500889
16953.0,91.0,1,20.8,20.8,0,-2.246468084078557,-0.4559186143971443
16954.0,62.0,9,2085.08,231.67555555555555,0,-0.7145377818483931,0.45099249035543243
16955.0,127.0,4,518.67,129.6675,0,-1.6629025094152077,-0.30650002810263777
16957.0,283.0,2,416.64,208.32,0,-1.4860703530227983,-0.6944245460700895
16960.0,62.0,3,507.05,169.01666666666668,0,-1.5547131267100607,-0.4687040549979452
16963.0,219.0,1,110.55000000000001,110.55000000000001,0,-1.9264898401728554,-0.648582195507041
16966.0,333.0,7,2154.97,307.8528571428571,0,-0.49730241446907336,0.1274283452707582
16967.0,280.0,1,319.02,319.02,0,-1.1713105270859172,-1.070382456174149
16968.0,213.0,2,439.43,219.715,0,-1.437479557964526,-0.7047990724906674
16969.0,339.0,3,650.41,216.8033333333333,0,-1.364634252669874,-0.5545849408338509
16971.0,334.0,1,357.21,357.21,0,-1.035131342232016,-1.1523130558324246
16979.0,61.0,6,1852.0,308.6666666666667,0,-0.5988634636951875,-0.03980456552116729
16982.0,62.0,1,384.06,384.06,0,-0.9237295568167363,-1.1761851095983098
16983.0,5.0,7,1931.25,275.89285714285717,0,-0.6576929986766529,0.14765962209067074
16984.0,2.0,2,4481.35,2240.675,0,6.563813332784122,-3.87279313937949
16985.0,2.0,10,5464.12,546.412,0,1.4255535275087703,1.1647745084076369
16986.0,61.0,2,1873.2,936.6,0,1.4046766164328703,-1.8201699357140675
16987.0,181.0,7,1625.05,232.15,0,-0.908786230147842,0.10734541748971416
16988.0,243.0,1,126.12,126.12,0,-1.8710700555171447,-0.6822010957351449
16989.0,4.0,6,1133.25,188.875,0,-1.2213363428465631,-0.04213555681546788
16990.0,220.0,1,179.0,179.0,0,-1.677569458503402,-0.7850073019798154
16992.0,275.0,5,1614.31,322.86199999999997,0,-0.6598728391971076,-0.2651625201101009
16996.0,64.0,6,1456.96,242.82666666666668,0,-0.9427217857937785,-0.04482133483043238
16997.0,284.0,3,702.0,234.0,0,-1.2884174540869942,-0.5686578427585718
16998.0,131.0,4,295.0,73.75,0,-1.9196041310574554,-0.26478211430150306
17001.0,90.0,11,3989.57,362.6881818181818,0,0.3662427221703719,1.0584467682503589
17002.0,128.0,3,1493.73,497.91,0,-0.15351056632905924,-0.8595034793197877
17004.0,124.0,2,1412.94,706.47,0,0.49158750733757395,-1.463666344978781
17006.0,121.0,4,781.78,195.445,0,-1.360870976481395,-0.3554332255270958
17007.0,97.0,6,889.9300000000001,148.3216666666667,0,-1.4377365418083436,-0.0551447348703491
17011.0,91.0,1,270.9,270.9,0,-1.3367877003649244,-0.9539858649672119
17014.0,153.0,3,586.33,195.44333333333336,0,-1.4464554523797737,-0.5094304085285446
17015.0,30.0,3,1842.56,614.1866666666666,0,0.3479990388083476,-0.9844628782293188
17017.0,152.0,20,8694.26,434.713,0,2.290570065780872,3.448422305793051
17019.0,547.0,4,1272.61,318.1525,0,-0.8195196737933852,-0.494293030670351
17022.0,122.0,1,71.0,71.0,0,-2.06544338930558,-0.5592639427679084
17024.0,218.0,3,95.85,31.95,0,-2.147936393885389,-0.32580699173767086
17025.0,62.0,3,357.77,119.25666666666666,0,-1.7672128793723254,-0.4106645757916683
17026.0,158.0,2,154.82999999999998,77.41499999999999,0,-1.9973381388047184,-0.4741321984832736
17027.0,342.0,6,890.29,148.38166666666666,0,-1.4498004844010637,-0.08180130702504018
17030.0,154.0,1,146.87,146.87,0,-1.7911005792176846,-0.7138391877698333
17031.0,126.0,2,380.35,190.175,0,-1.549882018199019,-0.6486901495483974
17033.0,97.0,3,1030.14,343.38000000000005,0,-0.8118638248167904,-0.6758880901781017
17035.0,129.0,2,433.53000000000003,216.76500000000001,0,-1.44489990542914,-0.6910003663808835
17038.0,91.0,1,112.4,112.4,0,-1.9132944609351394,-0.6383374874567932
17042.0,64.0,5,1044.3799999999999,208.87599999999998,0,-1.2081687760860969,-0.2032976591379534
17043.0,153.0,4,1735.18,433.795,0,-0.2691506753090849,-0.5385946919381579
17045.0,187.0,3,339.44,113.14666666666666,0,-1.799620473061088,-0.417140416268914
17046.0,218.0,1,642.02,642.02,0,0.006658773749384839,-1.7068812192301688
17048.0,10.0,3,925.35,308.45,0,-0.9566370043335746,-0.6256788277065677
17049.0,97.0,9,5659.9800000000005,628.8866666666668,0,1.7345556437324303,0.9670792206808986
17050.0,191.0,6,3228.84,538.14,0,0.5924964172946316,-0.03760391562136134
17052.0,30.0,1,413.75,413.75,0,-0.8141225016314968,-1.2318296925459102
17053.0,337.0,1,498.48,498.48,0,-0.5214462427589195,-1.4339748230055256
17054.0,30.0,5,1356.33,271.26599999999996,0,-0.9005080248077993,-0.2208917482546049
17059.0,61.0,5,3095.04,619.008,0,0.8031553602809736,-0.34295092559951124
17061.0,220.0,11,5232.2300000000005,475.65727272727275,0,1.1282492285005028,1.285370409126826
17062.0,455.0,4,538.37,134.5925,0,-1.6568812505218973,-0.34590560875297244
17064.0,1.0,3,859.35,286.45,0,-1.050133188330769,-0.599038908224551
17068.0,184.0,21,4552.14,216.76857142857145,0,0.27586514698551046,2.3299704330195152
17069.0,30.0,9,2709.7000000000003,301.0777777777778,0,-0.28469739949368844,0.5453128108329807
17071.0,2.0,9,2429.03,269.89222222222224,0,-0.47570316451584715,0.5075421059566659
17076.0,38.0,3,841.0799999999999,280.35999999999996,0,-1.0780096974179147,-0.5959619357065206
17078.0,274.0,2,378.2,189.1,0,-1.5616092558225434,-0.6630981270852996
17082.0,183.0,2,2003.85,1001.925,0,1.6568005072726457,-1.9365895728816271
17083.0,100.0,3,1405.78,468.5933333333333,0,-0.2772926656046818,-0.822261909979367
17084.0,244.0,2,2949.75,1474.875,0,3.5237064041716653,-2.689982679361923
17085.0,125.0,5,1566.65,313.33000000000004,0,-0.6990372456289415,-0.24558624239445048
17086.0,91.0,6,2050.08,341.68,0,-0.42803842098713984,-0.0407173550995078
17088.0,30.0,4,1991.01,497.7525,0,0.03044304984912749,-0.57342397492262
17090.0,2.0,7,2043.95,291.99285714285713,0,-0.5683965947449936,0.1557749407788972
17091.0,122.0,9,3827.76,425.3066666666667,0,0.47716868533106394,0.6979001423176995
17092.0,161.0,4,1777.78,444.445,0,-0.2207021399415714,-0.5474937118454261
17095.0,101.0,3,1324.16,441.3866666666667,0,-0.3935290756612899,-0.7906371935012457
17096.0,1.0,4,1022.13,255.5325,0,-1.0791809118035764,-0.38767158319743794
17097.0,152.0,8,954.42,119.3025,0,-1.472298791945568,0.175012726616656
17101.0,61.0,4,1621.73,405.4325,0,-0.3946047415886016,-0.5072023102000784
17105.0,192.0,2,665.78,332.89,0,-0.988938286490126,-0.8812092972379835
17107.0,156.0,6,10815.43,1802.5716666666667,0,7.195019712792451,0.056280360663857554
17109.0,61.0,6,885.04,147.50666666666666,0,-1.440172428583896,-0.051285281711723085
17114.0,101.0,8,808.62,101.0775,0,-1.5764034597487837,0.1642270639857658
17115.0,66.0,3,837.5,279.1666666666667,0,-1.0845203524374225,-0.5976169996091698
17119.0,31.0,2,606.91,303.455,0,-1.0971871810236415,-0.8172134981593148
17122.0,3.0,1,138.32,138.32,0,-1.8145708351989276,-0.6803803116496863
17123.0,338.0,1,345.29999999999995,345.29999999999995,0,-1.0786532638981525,-1.1290298985153084
17124.0,158.0,1,298.89,298.89,0,-1.238365382522462,-1.0170181031674363
17126.0,65.0,5,1004.75,200.95,0,-1.2470861815423187,-0.20070130276448256
17128.0,101.0,1,157.09,157.09,0,-1.7512502056313253,-0.7284245874215006
17131.0,183.0,5,2463.17,492.634,0,0.17728930002427146,-0.3130949768530956
17133.0,160.0,7,4892.240000000001,698.8914285714287,0,1.6765972262233149,0.3354308401791547
17135.0,303.0,7,1139.73,162.81857142857143,0,-1.298833997967662,0.06052823986052869
17138.0,99.0,1,380.5,380.5,0,-0.9385474301623193,-1.17312179971746
17139.0,2.0,12,10668.47,889.0391666666666,0,4.25522695515939,2.627882434809795
17140.0,190.0,1,465.32,465.32,0,-0.6346317065844802,-1.3519410899191628
17144.0,120.0,2,984.57,492.285,0,-0.35507220967916686,-1.1250478730120128
17147.0,343.0,4,1714.59,428.6475,0,-0.3023614235580031,-0.5553900272638495
17157.0,302.0,2,319.0,159.5,0,-1.6800586374303066,-0.6194087431803179
17158.0,153.0,3,1266.97,422.3233333333333,0,-0.47756590487144235,-0.7740605741700255
17160.0,7.0,6,3518.03,586.3383333333334,0,0.8534032985455067,-0.01414752294690691
17162.0,30.0,10,1715.46,171.546,0,-1.0075369754264218,0.5164308485203212
17164.0,34.0,7,2467.35,352.4785714285714,0,-0.23510700896147363,0.18155449168204174
17166.0,334.0,2,206.34,103.17,0,-1.9043973082288521,-0.5339498306661419
17169.0,96.0,2,835.78,417.89,0,-0.6480086573888876,-1.0049716763205774
17173.0,1.0,8,3766.6,470.825,0,0.5929877693285004,0.5065219223013636
17174.0,189.0,1,59.9,59.9,0,-2.109201823959583,-0.5444495243316515
17175.0,5.0,4,1443.69,360.9225,0,-0.5959478003363905,-0.46755470964322926
17180.0,7.0,4,796.03,199.0075,0,-1.3387702389001215,-0.3457133474138503
17181.0,698.0,2,239.92000000000002,119.96000000000001,0,-1.8564005899156135,-0.6000704713328012
17183.0,153.0,6,3347.31,557.885,0,0.6974916276412113,-0.032062169605898805
17186.0,62.0,2,144.0,72.0,0,-2.0138985721580935,-0.45513559173237583
17188.0,61.0,7,2474.23,353.4614285714286,0,-0.2310289948830384,0.1790918442957793
17190.0,1.0,2,444.74,222.37,0,-1.4162719719138321,-0.6859213388685381
17191.0,30.0,7,2095.13,299.30428571428575,0,-0.5293281350574686,0.1562651104253311
17193.0,1.0,7,1699.3000000000002,242.7571428571429,0,-0.8409616166445737,0.13206450259261848
17194.0,38.0,2,262.62,131.31,0,-1.7781814911337093,-0.5461702748824159
17197.0,61.0,1,1013.01,1013.01,0,1.3639798080227568,-2.4286128641713782
17198.0,455.0,3,692.22,230.74,0,-1.310978016952709,-0.5834635996846519
17203.0,62.0,6,3563.85,593.975,0,0.8904906995199018,-0.019588590056812016
17204.0,7.0,4,1564.56,391.14,0,-0.457437938113436,-0.49055169569426194
17211.0,5.0,8,2317.2200000000003,289.65250000000003,0,-0.4677184793311877,0.34369771550438
17213.0,486.0,7,2781.23,397.31857142857143,0,-0.009664907134411704,0.15406064944801567
17214.0,62.0,6,1069.1200000000001,178.1866666666667,0,-1.2800631124028328,-0.04920851963204287
17218.0,32.0,10,1960.72,196.072,0,-0.848543070650759,0.5584324206534431
17219.0,122.0,1,114.23,114.23,0,-1.9082043529683537,-0.6453552951955135
17220.0,187.0,14,3198.25,228.44642857142858,0,-0.2687297163892661,1.2538203891012678
17221.0,274.0,2,335.13,167.565,0,-1.6467560621595463,-0.6290958624176644
17222.0,215.0,1,354.15,354.15,0,-1.0402496134183081,-1.1332695962650967
17223.0,312.0,2,426.79,213.395,0,-1.467469463796955,-0.7055933911570732
17226.0,253.0,1,393.49,393.49,0,-0.8990792674450306,-1.2157492726968242
17227.0,62.0,6,939.32,156.55333333333334,0,-1.3929963295395855,-0.050749635046883346
17228.0,154.0,8,1906.09,238.26125,0,-0.7760676011396082,0.28142045155264317
17229.0,246.0,2,318.76,159.38,0,-1.6777040372940002,-0.613125363784146
17230.0,312.0,8,3638.41,454.80125,0,0.483480362124203,0.45831652798442735
17231.0,128.0,10,3174.32,317.432,0,-0.06615640318598681,0.7568955940800596
17232.0,152.0,2,421.52,210.76,0,-1.4698048926932372,-0.6840217447175662
17233.0,244.0,1,190.88,190.88,0,-1.635571187705761,-0.811277669002787
17234.0,66.0,1,149.89000000000001,149.89000000000001,0,-1.7756703592673269,-0.7102772936978142
17235.0,667.0,2,550.06,275.03,0,-1.2417063244859192,-0.8415417844633704
17236.0,37.0,6,916.13,152.68833333333333,0,-1.4119099431729842,-0.04830447538537841
17238.0,30.0,17,3744.65,220.2735294117647,0,-0.04869930027019653,1.7256286766886881
17242.0,5.0,2,1135.04,567.52,0,-0.05179235743131205,-1.2313244215711712
17243.0,30.0,26,8676.85,333.725,0,2.0883564843390494,4.116618217023411
17248.0,33.0,1,318.65,318.65,0,-1.1601781150668027,-1.0427671253837578
17250.0,182.0,2,384.52,192.26,0,-1.5444672440863254,-0.6580761270440308
17251.0,364.0,1,283.28000000000003,283.28000000000003,0,-1.3055500349868492,-1.0083480937570384
17252.0,188.0,2,353.86,176.93,0,-1.605383339054952,-0.6345240437654373
17254.0,213.0,2,272.44,136.22,0,-1.7676087706465804,-0.5729662845443378
17259.0,547.0,2,603.37,301.685,0,-1.130253368694174,-0.8705697986592907
17262.0,486.0,5,1253.3600000000001,250.67200000000003,0,-1.0245319170811578,-0.2634847522905573
17265.0,5.0,2,562.9,281.45,0,-1.1828788161648327,-0.7796398219208149
17266.0,152.0,3,310.64,103.54666666666667,0,-1.8388490438220515,-0.40213439674303536
17267.0,246.0,2,317.62,158.81,0,-1.679957748908214,-0.6122253734957526
17268.0,4.0,4,763.64,190.91,0,-1.3757627792689577,-0.33928261874935733
17274.0,244.0,1,111.97999999999999,111.97999999999999,0,-1.9225515246709974,-0.6541504955922378
17278.0,7.0,1,246.04,246.04,0,-1.422966550133109,-0.8953369991374371
17282.0,337.0,3,1703.41,567.8033333333334,0,0.13440997639816943,-0.9637695762189316
17284.0,33.0,6,1652.58,275.43,0,-0.7709554189720037,-0.03912532532571256
17287.0,341.0,7,1064.11,152.01571428571427,0,-1.3605685686893918,0.05116688103815026
17288.0,341.0,7,1419.73,202.81857142857143,0,-1.079275840803844,0.07574429150805873
17289.0,5.0,3,944.41,314.80333333333334,0,-0.9292525409726077,-0.6325451821335497
17290.0,182.0,2,525.24,262.62,0,-1.266272245531809,-0.769169665099049
17291.0,253.0,1,550.8000000000001,550.8000000000001,0,-0.32690085416237713,-1.5290277980353983
17293.0,1.0,9,1875.1100000000001,208.34555555555556,0,-0.8554062757560336,0.42709469408758427
17295.0,30.0,3,556.95,185.65,0,-1.4820639771357431,-0.484622746514544
17298.0,156.0,2,498.42,249.21,0,-1.317980281858673,-0.7451668950513236
17299.0,32.0,4,669.11,167.2775,0,-1.4855821140245,-0.3245143031352734
17302.0,94.0,5,1135.63,227.12600000000003,0,-1.1201914530916437,-0.21279105207752502
17306.0,130.0,19,8631.31,454.2794736842105,0,2.314643901116803,3.3079211238908814
17309.0,216.0,1,82.75,82.75,0,-2.027454295343729,-0.5928928030727868
17312.0,156.0,3,644.3,214.76666666666665,0,-1.3640868415882275,-0.5322953767793145
17313.0,122.0,1,2328.84,2328.84,0,6.146922694516848,-5.055690016446925
17314.0,1.0,8,2527.92,315.99,0,-0.31334825603145655,0.36773987968441246
17315.0,6.0,38,6292.26,165.58578947368423,0,1.041206717689449,4.378346545285418
17317.0,32.0,3,2600.34,866.7800000000001,0,1.4265961691037514,-1.2793024132430995
17320.0,547.0,3,1200.6200000000001,400.2066666666667,0,-0.5919194826179037,-0.7911389479497092
17321.0,276.0,2,700.86,350.43,0,-0.9238308294616917,-0.9180445968699777
17323.0,92.0,7,921.07,131.58142857142857,0,-1.4611328871143447,0.06837730614950976
17324.0,10.0,4,990.23,247.5575,0,-1.116217759959865,-0.3826390380645421
17325.0,252.0,1,96.8,96.8,0,-1.9781693843355939,-0.624790502609047
17330.0,276.0,2,363.9,181.95,0,-1.5899805360629555,-0.6520264147848516
17331.0,125.0,1,175.2,175.2,0,-1.6865917637399783,-0.7671018275794244
17334.0,70.0,2,307.02,153.51,0,-1.6920219635740088,-0.5847047612235635
17337.0,5.0,4,2027.8700000000001,506.96750000000003,0,0.07397621495717766,-0.5776501727981497
17338.0,10.0,8,6643.93,830.49125,0,2.697861218184086,0.8279193766091654
17339.0,185.0,2,243.36,121.68,0,-1.8236836533395047,-0.5469616836603981
17340.0,33.0,11,12353.29,1123.0263636363636,0,5.542007545929415,2.687171953505099
17341.0,187.0,3,781.36,260.4533333333333,0,-1.1705483220930553,-0.5889571810789211
17345.0,155.0,4,537.74,134.435,0,-1.6424480105281238,-0.31314094357212224
17346.0,1.0,15,2676.56,178.43733333333333,0,-0.568489839168274,1.2489519857546023
17348.0,30.0,5,1159.52,231.904,0,-1.093528259915957,-0.2074573369744263
17350.0,333.0,4,1286.07,321.5175,0,-0.7932729867028555,-0.4735422898029095
17351.0,38.0,3,587.15,195.71666666666667,0,-1.4394784956060767,-0.497234946459134
17353.0,126.0,2,1740.0,870.0,0,1.1380644697532851,-1.7220864614905915
17356.0,343.0,1,178.22,178.22,0,-1.6866203672936457,-0.7968387866054789
17358.0,100.0,2,365.85,182.925,0,-1.5772341535722751,-0.6344135903366428
17360.0,127.0,3,585.79,195.26333333333332,0,-1.4459106463881426,-0.5063911443284334
17361.0,188.0,3,488.2,162.73333333333332,0,-1.5879114582896383,-0.47508654129361994
17362.0,284.0,2,312.23,156.115,0,-1.6925331787556557,-0.612105307946933
17364.0,10.0,11,4481.18,407.38000000000005,0,0.6743405870887418,1.1625223853182272
17365.0,40.0,8,4801.56,600.195,0,1.348292636755319,0.6182351494805486
17368.0,153.0,8,1912.67,239.08375,0,-0.7712025286751616,0.28226649631578005
17370.0,124.0,4,446.18,111.545,0,-1.7458807956385272,-0.29251199163487823
17372.0,62.0,8,1342.68,167.835,0,-1.183664158778373,0.2283072624749125
17374.0,220.0,2,495.77,247.885,0,-1.3264523908794836,-0.7500392783708318
17376.0,343.0,2,203.2,101.6,0,-1.9110595711475322,-0.53245028807953
17377.0,32.0,20,4100.92,205.046,0,0.07967490404619038,2.1186574262268567
17381.0,3.0,29,20275.61,699.1589655172414,0,7.041763510425515,8.235687228759309
17382.0,215.0,1,65.4,65.4,0,-2.0905103523119966,-0.5582319369204063
17383.0,212.0,1,199.29,199.29,0,-1.6033651663686868,-0.8245437189950455
17384.0,250.0,2,336.4,168.2,0,-1.6430328915982981,-0.627486808424751
17386.0,302.0,6,2686.42,447.7366666666667,0,0.114953245222152,-0.056123064075032536
17387.0,183.0,2,784.11,392.055,0,-0.754552303535241,-0.9736473322105927
17388.0,6.0,4,1259.56,314.89,0,-0.8071543139855548,-0.4329621058381744
17389.0,10.0,34,31833.68,936.2847058823529,2,11.598663256049223,12.78250007702666
17392.0,192.0,2,457.91,228.955,0,-1.3998848068818779,-0.7171031733359324
17394.0,250.0,1,203.86999999999998,203.86999999999998,0,-1.5886262083917542,-0.8377998143399455
17396.0,276.0,8,7330.8,916.35,0,3.187002535373925,0.8759304155603828
17400.0,217.0,5,2129.96,425.992,0,-0.1512220696087816,-0.2940496627792945
17402.0,91.0,13,2633.85,202.60384615384615,0,-0.550470989429183,1.0236666727236612
17403.0,275.0,1,281.62,281.62,0,-1.3070917038254242,-0.995357289009339
17404.0,6.0,15,31906.82,2127.1213333333335,0,15.15685329338026,8.6224556436912
17405.0,4.0,3,1031.41,343.80333333333334,0,-0.8053577127131389,-0.6662616215359058
17406.0,71.0,3,2200.42,733.4733333333334,0,0.8553406838277915,-1.1280590553743801
17409.0,127.0,2,771.85,385.925,0,-0.7759605223488016,-0.9578745815280272
17410.0,1.0,5,1214.72,242.94400000000002,0,-1.0379261368401544,-0.2080695603813456
17412.0,31.0,7,1258.06,179.72285714285712,0,-1.1914946873013819,0.09830517714628151
17414.0,127.0,2,778.0,389.0,0,-0.7638023412721227,-0.96272979229436
17416.0,61.0,7,6893.42,984.7742857142857,0,3.264516840965712,0.48450843103025554
17419.0,130.0,12,4226.57,352.21416666666664,0,0.42655900778536715,1.2469337414813837
17420.0,698.0,3,598.83,199.61,0,-1.4561946017165885,-0.5735971404052971
17422.0,5.0,6,1979.37,329.895,0,-0.485215415931943,-0.032198393740094366
17423.0,189.0,2,698.41,349.205,0,-0.924279176790114,-0.9066430862362329
17425.0,62.0,2,759.17,379.585,0,-0.7977443846880689,-0.940790877443757
17426.0,93.0,6,5037.26,839.5433333333334,0,2.1708732340675745,-0.005468206180706092
17428.0,7.0,28,17256.85,616.3160714285714,0,5.788608808728629,7.119154323443978
17429.0,158.0,3,524.9200000000001,174.97333333333336,0,-1.5341250478766388,-0.4860985400046587
17430.0,153.0,2,265.76,132.88,0,-1.7777835880663333,-0.5611634703584433
17432.0,302.0,2,365.76,182.88,0,-1.5876169224472965,-0.6563241343077529
17433.0,2.0,1,303.15999999999997,303.15999999999997,0,-1.214953285174845,-1.0085458044791555
17434.0,152.0,7,2373.82,339.1171428571429,0,-0.31504977658563693,0.16224976445104333
17436.0,121.0,2,216.29999999999998,108.14999999999999,0,-1.8739464320891224,-0.5186342902810932
17440.0,187.0,3,186.42000000000002,62.14000000000001,0,-2.017444107522367,-0.3576468397138198
17442.0,64.0,6,2248.56,374.76,0,-0.2539857712679434,-0.0354226679399261
17443.0,250.0,1,534.24,534.24,0,-0.3869824324322464,-1.4957225555268039
17444.0,34.0,3,2940.04,980.0133333333333,0,1.910057336155321,-1.411594082055378
17446.0,312.0,2,120.9,60.45,0,-2.072195644210834,-0.4641038917564939
17449.0,152.0,7,2520.86,360.1228571428572,0,-0.1987422497078153,0.17241191066187322
17450.0,4.0,46,194550.79,4229.365,3,74.31752392316137,72.83284697767552
17451.0,121.0,7,1721.4,245.91428571428574,0,-0.8295429676730581,0.12053349166367433
17453.0,184.0,2,486.71999999999997,243.35999999999999,0,-1.3425250128741997,-0.7389771064960673
17456.0,455.0,1,249.86,249.86,0,-1.4317047175277624,-0.951695685808382
17457.0,217.0,5,1737.7,347.54,0,-0.5359287279265805,-0.2672736749292722
17459.0,62.0,2,657.3,328.65,0,-0.9991352637581982,-0.8603680610589879
17460.0,185.0,6,622.4300000000001,103.73833333333334,0,-1.6749220900706594,-0.0678969031611637
17461.0,61.0,3,757.46,252.48666666666668,0,-1.198204521772265,-0.5659536622533139
17462.0,62.0,2,675.69,337.845,0,-0.9627793369289089,-0.8748863254480712
17464.0,248.0,1,289.96000000000004,289.96000000000004,0,-1.2753928863076185,-1.0090280348394969
17469.0,218.0,5,1870.97,374.194,0,-0.40527548834342164,-0.27647961371531
17470.0,189.0,5,1125.07,225.01399999999998,0,-1.135347418136606,-0.22240809708589393
17472.0,339.0,3,710.29,236.76333333333332,0,-1.2793952039733547,-0.5778660502582337
17481.0,155.0,4,1255.59,313.8975,0,-0.8192343531305961,-0.44842806094306875
17483.0,95.0,3,414.04,138.01333333333335,0,-1.688779785784825,-0.43613318414305424
17489.0,1.0,2,376.64,188.32,0,-1.5509015867629126,-0.6321587611145107
17490.0,90.0,7,2092.32,298.90285714285716,0,-0.5345819656487414,0.14954172039555647
17491.0,121.0,10,3558.87,355.887,0,0.18364663176129792,0.8238540130423283
17492.0,221.0,1,374.57,374.57,0,-0.9662797430567511,-1.1745883816331852
17495.0,302.0,2,497.56,248.78,0,-1.3270562288039958,-0.7603756430886753
17500.0,61.0,3,1138.0,379.3333333333333,0,-0.6565066662115864,-0.7139061235150809
17501.0,281.0,2,288.6,144.3,0,-1.739096714157101,-0.5931237867478023
17502.0,61.0,4,689.1,172.275,0,-1.4641230996002426,-0.3314374230040544
17503.0,152.0,2,558.96,279.48,0,-1.1980942573796163,-0.7925258370305402
17504.0,189.0,9,2997.0299999999997,333.00333333333333,0,-0.09574369892671653,0.5697966838946397
17505.0,338.0,2,1145.84,572.92,0,-0.04726424263927198,-1.2760876325509134
17507.0,283.0,2,605.58,302.79,0,-1.1125473070670682,-0.8435860943938185
17508.0,252.0,1,387.31,387.31,0,-0.9215070561762678,-1.2033331534011715
17509.0,62.0,8,6115.14,764.3925,0,2.308321202726924,0.7630149731892985
17511.0,7.0,31,91062.38,2937.496129032258,2,36.930503151088736,32.196553705058975
17512.0,30.0,10,2924.9900000000002,292.499,0,-0.2229406033699065,0.72464010858102
17514.0,278.0,1,208.65,208.65,0,-1.572654606778592,-0.8503660063538461
17515.0,122.0,4,639.02,159.755,0,-1.5246353378612332,-0.3286372756826678
17516.0,3.0,5,768.08,153.616,0,-1.4760666942798832,-0.17779918889698182
17517.0,253.0,1,153.94,153.94,0,-1.7703864882311193,-0.7386920560872292
17519.0,547.0,6,1844.02,307.33666666666664,0,-0.6303587564936008,-0.09278572580607913
17521.0,61.0,3,723.2099999999999,241.06999999999996,0,-1.2469593216696564,-0.5526373964252391
17522.0,96.0,5,1070.71,214.142,0,-1.1839623944270792,-0.20857719943808684
17526.0,213.0,4,1195.8999999999999,298.97499999999997,0,-0.8906155584296214,-0.4434903388663767
17527.0,220.0,4,939.37,234.8425,0,-1.185151819678221,-0.3959060381645691
17528.0,1.0,8,3628.5,453.5625,0,0.4919406828314148,0.49104916090584527
17530.0,120.0,10,2385.0,238.5,0,-0.5777673381132357,0.6218921077425043
17531.0,307.0,1,296.7,296.7,0,-1.2538583320660042,-1.0288709260058484
17535.0,252.0,1,164.4,164.4,0,-1.7322901602690544,-0.7594140377491372
17537.0,61.0,2,897.62,448.81,0,-0.5239865209307961,-1.0499835097922747
17550.0,68.0,3,267.16,89.05333333333334,0,-1.896499129871164,-0.3760886814380602
17552.0,62.0,4,930.41,232.6025,0,-1.1874449320441351,-0.37702389729929275
17553.0,306.0,1,1487.6,1487.6,0,3.0778130144923055,-3.40040660324125
17554.0,31.0,5,1952.45,390.49,0,-0.31591740490956055,-0.2616922059219533
17555.0,101.0,2,483.26,241.63,0,-1.34517214573945,-0.7272135151708777
17560.0,157.0,4,854.95,213.7375,0,-1.2787800101238909,-0.3731404686279772
17562.0,64.0,7,1122.38,160.34,0,-1.300483668201617,0.08533708411442287
17566.0,332.0,2,901.21,450.605,0,-0.5305799637029989,-1.0823078504858037
17567.0,124.0,8,4331.48,541.435,0,1.0000938287289192,0.5564263973547957
17569.0,40.0,1,344.14,344.14,0,-1.0678178219313141,-1.0942914956687195
17571.0,161.0,4,1498.51,374.6275,0,-0.540962470235376,-0.49486205722651644
17572.0,336.0,4,226.75000000000003,56.68750000000001,0,-2.0082280425135206,-0.2742276692927336
17573.0,61.0,3,380.6,126.86666666666667,0,-1.7346639054023627,-0.41943197057540993
17574.0,37.0,1,185.65,185.65,0,-1.6441366527420707,-0.7783365735383352
17576.0,3.0,19,3622.68,190.66736842105263,0,-0.14010392841442654,1.8891979063529454
17578.0,219.0,1,143.45999999999998,143.45999999999998,0,-1.8067873954386866,-0.7141215526292359
17579.0,213.0,3,448.90000000000003,149.63333333333335,0,-1.6451178978899788,-0.4625273497827156
17580.0,341.0,3,215.72,71.90666666666667,0,-1.9835155525538015,-0.38579681126356846
17581.0,67.0,25,11045.04,441.8016,0,3.1730926271443987,4.759864600483343
17584.0,247.0,2,1242.3,621.15,0,0.14802862278976514,-1.342336842287311
17585.0,224.0,4,1133.07,283.2675,0,-0.9632232481213239,-0.43284631782601285
17589.0,34.0,4,2404.17,601.0425,0,0.5040432369976686,-0.6517240244220911
17590.0,152.0,3,1479.22,493.0733333333333,0,-0.17537797625728024,-0.8564737229144649
17591.0,94.0,7,2225.9700000000003,317.9957142857143,0,-0.4290679035301801,0.1583431852926529
17593.0,93.0,5,3927.34,785.4680000000001,0,1.6178120182985198,-0.40324663611195927
17595.0,303.0,2,388.79,194.395,0,-1.542138512991214,-0.6746143368449966
17596.0,154.0,7,2827.93,403.98999999999995,0,0.04404675764881416,0.19341632113287
17597.0,67.0,1,2044.3700000000001,2044.3700000000001,0,5.115008003500108,-4.483190771056077
17602.0,152.0,6,5102.97,850.495,0,2.2250639648410773,-0.01110839844380207
17604.0,189.0,2,309.36,154.68,0,-1.6934076886408431,-0.5995016636928502
17608.0,183.0,2,193.42,96.71,0,-1.9223109995000458,-0.5073181537447121
17609.0,69.0,5,1112.22,222.44400000000002,0,-1.1418876953624348,-0.20847257183091
17611.0,37.0,15,3984.22,265.61466666666666,0,0.13319984372980476,1.5749236805539182
17612.0,97.0,6,2048.45,341.4083333333333,0,-0.4297597258047178,-0.0413896267778916
17613.0,162.0,14,4559.150000000001,325.65357142857147,0,0.48620364405174143,1.5842820235636954
17615.0,337.0,3,329.6,109.86666666666667,0,-1.821205546142999,-0.4296376300213484
17616.0,517.0,3,571.1999999999999,190.39999999999998,0,-1.486381901508501,-0.5431583242165539
17618.0,221.0,3,971.58,323.86,0,-0.9014882162590796,-0.6666138444721288
17620.0,31.0,1,81.44,81.44,0,-2.0228730938807775,-0.5701523146585873
17623.0,153.0,1,527.0500000000001,527.0500000000001,0,-0.4082340334763137,-1.470848350082543
17624.0,219.0,2,843.48,421.74,0,-0.6390000601131283,-1.0244353912011084
17629.0,33.0,8,1814.12,226.765,0,-0.8372487921913067,0.2842833013937901
17631.0,121.0,3,528.33,176.11,0,-1.5274017162048286,-0.4833980027356762
17633.0,33.0,4,1324.84,331.21,0,-0.7336567445478193,-0.4482030093464659
17634.0,36.0,9,2361.9700000000003,262.4411111111111,0,-0.5233954621459215,0.4940897404409085
17637.0,122.0,2,547.0600000000001,273.53000000000003,0,-1.22010427259622,-0.7798666081229899
17639.0,130.0,1,108.5,108.5,0,-1.9294500429964296,-0.6348147165181488
17642.0,3.0,2,712.29,356.145,0,-0.8874427096400997,-0.8973603833958821
17643.0,698.0,1,101.55,101.55,0,-1.9834238557039006,-0.6827836190616423
17644.0,33.0,11,2895.64,263.24,0,-0.3074635124658137,0.8524322058538271
17646.0,250.0,3,1008.39,336.13,0,-0.8505543138759056,-0.6840812019312079
17647.0,215.0,1,133.06,133.06,0,-1.8444128922477647,-0.6929749604052955
17648.0,62.0,4,1797.5,449.375,0,-0.19308631925201614,-0.5404370150831947
17651.0,122.0,10,3945.0,394.5,0,0.43407042683752217,0.8902138559541056
17652.0,62.0,12,4867.72,405.6433333333334,0,0.8104107161591805,1.3903903518196121
17653.0,33.0,4,1207.56,301.89,0,-0.8681507164633755,-0.42610023979117634
17654.0,161.0,1,117.55,117.55,0,-1.8980988699740162,-0.656210955081003
17655.0,131.0,7,2638.94,376.99142857142857,0,-0.10428096394477082,0.1828578049645717
17656.0,2.0,5,1674.69,334.938,0,-0.5868638184000516,-0.23957630789272444
17658.0,6.0,2,595.42,297.71,0,-1.1186392459904277,-0.8054220488763512
17659.0,31.0,12,2999.46,249.955,0,-0.29652630564398375,0.997304903639023
17663.0,126.0,7,1802.91,257.55857142857144,0,-0.7653217698753383,0.12562266627183738
17664.0,36.0,2,604.64,302.32,0,-1.1019274300072386,-0.8159655111410118
17666.0,182.0,2,728.16,364.08,0,-0.8651115782017745,-0.9293679364330762
17667.0,6.0,5,2055.51,411.10200000000003,0,-0.2135789480587178,-0.2660066711283346
17668.0,121.0,2,347.75,173.875,0,-1.6140776674501858,-0.6224094862541756
17669.0,94.0,7,3406.7200000000003,486.67428571428576,0,0.5048964079564073,0.23994651866069794
17671.0,5.0,4,1572.71,393.1775,0,-0.4479906699088234,-0.4918700176925425
17672.0,284.0,2,3178.17,1589.085,0,3.9732582805772814,-2.8746651036646633
17673.0,121.0,6,1629.12,271.52,0,-0.7958125981275929,-0.04898000666862512
17674.0,547.0,2,551.04,275.52,0,-1.2337066395466318,-0.8292570865613722
17675.0,4.0,31,20374.28,657.2348387096774,0,6.97789823627194,8.516845358080706
17676.0,1.0,6,1387.68,231.28,0,-0.9998165389421076,-0.03878825005227926
17677.0,30.0,30,16363.23,545.441,0,5.313323760637683,7.058155524778651
17682.0,190.0,6,2474.33,412.3883333333333,0,-0.0639187159227782,-0.04645339315626096
17685.0,2.0,7,3191.53,455.9328571428572,0,0.3393304978451215,0.23508584766562324
17686.0,33.0,7,5739.46,819.9228571428572,0,2.3531577495431213,0.4078035470314071
17690.0,91.0,15,4757.95,317.19666666666666,0,0.5467310344925653,1.7642397223465198
17691.0,547.0,2,290.40000000000003,145.20000000000002,0,-1.7489762843963272,-0.6234908858886892
17692.0,162.0,4,740.9399999999999,185.23499999999999,0,-1.409776617370698,-0.3521980672193364
17696.0,157.0,8,2285.71,285.71375,0,-0.49845308309865255,0.32362671980424884
17700.0,67.0,4,2534.64,633.66,0,0.6519960656219623,-0.6799036544912721
17701.0,341.0,1,417.95,417.95,0,-0.8145574004523629,-1.274036828686738
17702.0,91.0,4,1824.37,456.0925,0,-0.163737481100107,-0.5486567503556283
17703.0,244.0,3,798.74,266.24666666666667,0,-1.1486875149738753,-0.6019171845318908
17705.0,39.0,9,1823.52,202.61333333333334,0,-0.8926948063194565,0.41545684166118046
17706.0,62.0,17,10504.49,617.9111764705882,0,3.4103567321677972,3.5549382489504717
17707.0,158.0,2,152.4,76.2,0,-2.002142103035016,-0.47221379813169817
17708.0,219.0,2,267.08,133.54,0,-1.7785082832997632,-0.5693876699467557
17716.0,61.0,11,5655.99,514.180909090909,0,1.3983734850173484,1.3848802071102182
17719.0,2.0,15,5396.04,359.736,0,0.8945134452761068,1.9348984865136818
17720.0,517.0,4,1195.94,298.985,0,-0.9059274728033445,-0.4765790908633671
17722.0,246.0,4,2424.04,606.01,0,0.5161196555335941,-0.678538548895949
17723.0,97.0,6,3276.4000000000005,546.0666666666667,0,0.6386250506442459,-0.026810176287495935
17725.0,251.0,11,3439.08,312.64363636363635,0,0.017636067821229395,0.9341343050139358
17728.0,182.0,3,2876.01,958.6700000000001,0,1.8114339549621081,-1.4028047965305295
17730.0,30.0,13,5298.4800000000005,407.5753846153847,0,0.9769076283538654,1.6368221397263114
17731.0,96.0,4,1240.11,310.0275,0,-0.8340058336853376,-0.4390903091842411
17732.0,667.0,1,303.97,303.97,0,-1.2456022548601724,-1.0825240517424997
17733.0,334.0,2,692.19,346.095,0,-0.943901003171207,-0.9175114812064391
17735.0,126.0,19,13110.02,690.001052631579,0,4.515615186182053,4.589334661837759
17737.0,1.0,2,168.24,84.12,0,-1.9628958853612724,-0.46763422067487315
17738.0,311.0,4,1879.05,469.7625,0,-0.1121459177255063,-0.582902179330584
17739.0,71.0,7,2791.35,398.7642857142857,0,0.019305334144612107,0.1999202664928511
17742.0,40.0,2,355.11,177.555,0,-1.5954353474426488,-0.6194055475798033
17744.0,182.0,6,2322.4,387.06666666666666,0,-0.1957021112828341,-0.047386699812701494
17750.0,243.0,9,1797.57,199.73,0,-0.9207913564514345,0.389483714344265
17754.0,90.0,5,1772.26,354.452,0,-0.495618296855084,-0.25581265651133117
17757.0,65.0,30,5605.29,186.843,0,0.7146680618017693,3.4783186484692603
17758.0,65.0,8,3456.7000000000003,432.08750000000003,0,0.3630022551390879,0.46483617637740526
17760.0,698.0,2,287.59,143.795,0,-1.7621598595212575,-0.6377042757606203
17761.0,153.0,1,712.78,712.78,0,0.2673154973798757,-1.8407245214075276
17764.0,6.0,2,818.8199999999999,409.40999999999997,0,-0.6769908472050458,-0.9817885667948494
17765.0,248.0,3,371.88,123.96,0,-1.7565238650893638,-0.43639096785087567
17768.0,183.0,3,2273.1800000000003,757.7266666666668,0,0.9532562528027473,-1.1685356738553048
17769.0,31.0,10,3997.98,399.798,0,0.4730346572431279,0.9092364668047709
17770.0,36.0,5,1143.27,228.654,0,-1.1097684648015005,-0.20700101739575272
17774.0,162.0,4,1225.41,306.3525,0,-0.8541977072928538,-0.44350203009835354
17781.0,279.0,2,188.02,94.01,0,-1.9378363025490284,-0.5135017408634827
17783.0,190.0,2,283.47,141.735,0,-1.744641184594702,-0.5791712303457028
17787.0,65.0,4,1865.19,466.2975,0,-0.11561256121077945,-0.5535204361530571
17788.0,306.0,2,1117.9,558.95,0,-0.10088333759374646,-1.250547742829902
17789.0,283.0,1,225.9,225.9,0,-1.5101643525973805,-0.8852630043903602
17790.0,4.0,14,1965.55,140.39642857142857,0,-0.942157584889241,0.9768672600064369
17791.0,61.0,1,106.1,106.1,0,-1.9346936697610528,-0.6225266178119214
17796.0,101.0,4,697.9,174.475,0,-1.4560522258421138,-0.33744867582151616
17797.0,66.0,3,780.43,260.1433333333333,0,-1.165759372295645,-0.575428407176813
17799.0,37.0,10,3055.93,305.59299999999996,0,-0.13835624500622568,0.7464184646211812
17800.0,38.0,9,1199.01,133.22333333333333,0,-1.3207926474138587,0.3247435711984298
17802.0,5.0,3,1285.04,428.34666666666664,0,-0.444366482898203,-0.7649807917398873
17809.0,39.0,12,5411.91,450.9925,0,1.1344593550778295,1.508374428776663
17811.0,2.0,39,7837.7300000000005,200.9674358974359,0,1.670295722685414,5.0011828528222315
17812.0,334.0,4,732.16,183.04,0,-1.4285345901792228,-0.36926037728234495
17813.0,184.0,5,1770.8799999999999,354.176,0,-0.5017205125539985,-0.2659475160330955
17816.0,215.0,4,36.56,9.14,0,-2.2202207012033783,-0.22521697522115036
17817.0,160.0,3,387.68,129.22666666666666,0,-1.7295869250020552,-0.43295780519527544
17819.0,66.0,7,3704.87,529.2671428571429,0,0.7421453337709862,0.26359904852344007
17827.0,37.0,5,1995.46,399.092,0,-0.27403871780531974,-0.265281022324497
17828.0,127.0,4,1820.09,455.0225,0,-0.17046437051391805,-0.5517676470883551
17830.0,121.0,3,398.7,132.9,0,-1.7119297369551592,-0.43299836655192975
17831.0,183.0,1,35.400000000000006,35.400000000000006,0,-2.1980117421642094,-0.49500553151723775
17835.0,152.0,3,350.64,116.88,0,-1.7819091315331275,-0.41768624004589616
17837.0,31.0,8,1593.38,199.1725,0,-0.998662119613379,0.25976917158326585
17838.0,32.0,5,2779.3,555.86,0,0.4949602880363144,-0.3182424817625428
17841.0,1.0,124,40991.57,330.5771774193548,2,14.474505893607084,24.30750874301837
17843.0,100.0,1,205.48,205.48,0,-1.5751923544615112,-0.8246831177204444
17848.0,251.0,9,901.1999999999999,100.13333333333333,0,-1.535724252139818,0.2582546397651432
17849.0,71.0,4,605.8000000000001,151.45000000000002,0,-1.5601547894040602,-0.31682677443337504
17850.0,667.0,34,5391.21,158.565,0,0.6108945534160721,3.6720232793430894
17854.0,158.0,2,311.26,155.63,0,-1.6880854126543277,-0.5976282342844852
17855.0,667.0,1,208.97,208.97,0,-1.5911425845394813,-0.8933341724775797
17856.0,121.0,4,1418.03,354.5075,0,-0.6312342981792747,-0.475341881133789
17857.0,33.0,23,26879.04,1168.6539130434783,0,10.557530791998628,9.408617101806133
17858.0,3.0,12,5155.66,429.6383333333333,0,0.9842360747360912,1.4579137584074249
17859.0,131.0,1,148.21,148.21,0,-1.7850647042215373,-0.7140049058322516
17860.0,547.0,1,252.8,252.8,0,-1.4256589044982642,-0.9675620345892233
17861.0,61.0,8,2100.8,262.6,0,-0.6289009879357963,0.31335605234440755
17863.0,31.0,6,3160.0,526.6666666666666,0,0.5406848346238866,-0.021010087930631527
17864.0,32.0,3,597.5,199.16666666666666,0,-1.4244421791149642,-0.5006060672255517
17865.0,2.0,20,10526.32,526.316,0,3.1823844580207825,4.00033218132527
17867.0,91.0,6,1197.1000000000001,199.51666666666668,0,-1.1701784483623885,-0.050844786737031855
17869.0,128.0,5,428.18,85.636,0,-1.815736473387148,-0.168199810065641
17870.0,93.0,12,1894.35,157.86249999999998,0,-0.9553583741524422,0.7560454010544814
17873.0,127.0,5,1859.16,371.832,0,-0.4122608436652111,-0.2657708533690271
17874.0,158.0,6,683.46,113.91000000000001,0,-1.6204585828433478,-0.06423415986729708
17880.0,425.0,1,458.92,458.92,0,-0.6697821853038237,-1.364768315095017
17881.0,131.0,1,133.35000000000002,133.35000000000002,0,-1.8391144863166375,-0.6844116257703915
17883.0,159.0,4,671.77,167.9425,0,-1.4889476049347437,-0.3388357230684557
17884.0,182.0,4,717.45,179.3625,0,-1.4377247827829436,-0.34994750124320173
17886.0,122.0,3,899.61,299.87,0,-0.9989359693700945,-0.6278590320541972
17887.0,305.0,1,111.35,111.35,0,-1.9279246635413587,-0.6595338746351909
17888.0,31.0,8,726.05,90.75625,0,-1.6332831879082184,0.16259328352262037
17889.0,36.0,2,203.87,101.935,0,-1.8942256788040943,-0.49957155686081245
17892.0,157.0,3,244.1,81.36666666666666,0,-1.9338211830699712,-0.3768080043155575
17894.0,246.0,8,1119.81,139.97625,0,-1.3560325364353223,0.18331400755349114
17897.0,517.0,3,566.6,188.86666666666667,0,-1.492929991421727,-0.5413698622367249
17899.0,279.0,1,155.8,155.8,0,-1.7649346671101926,-0.7452255090915175
17900.0,308.0,2,112.19999999999999,56.099999999999994,0,-2.0891929461950713,-0.4568002656932897
17901.0,60.0,1,110.38,110.38,0,-1.9190756495612842,-0.6309412999595431
17905.0,187.0,4,800.24,200.06,0,-1.343035734564356,-0.36609433114834833
17906.0,189.0,1,72.9,72.9,0,-2.0619173577929404,-0.5703386657047458
17908.0,698.0,1,243.28,243.28,0,-1.467914056488654,-0.9650350042007694
17912.0,312.0,5,311.01,62.202,0,-1.9399457546234684,-0.18022452997676786
17913.0,1.0,2,411.6,205.8,0,-1.4817877639270263,-0.6597584632919087
17914.0,182.0,1,336.43,336.43,0,-1.103034850045126,-1.0943896523160694
17917.0,364.0,3,341.28,113.75999999999999,0,-1.8059431055932236,-0.4371169023626726
17919.0,2.0,1,1304.04,1304.04,0,2.4255141376612244,-3.0017707135178178
17920.0,183.0,17,4204.1,247.3,0,0.17878485000083844,1.833549683009251
17921.0,183.0,4,826.52,206.63,0,-1.3126963666432172,-0.3706118213263708
17923.0,311.0,1,207.50000000000003,207.50000000000003,0,-1.5785045914259697,-0.8516668658636204
17924.0,39.0,7,2962.5,423.2142857142857,0,0.1563002974988017,0.21523092253780862
17925.0,667.0,1,244.08,244.08,0,-1.4634381532232652,-0.9632547689090676
17928.0,159.0,2,212.54,106.27,0,-1.8832994497162412,-0.5198010529516431
17929.0,253.0,4,843.0,210.75,0,-1.297333818725523,-0.3813350522214558
17930.0,184.0,5,1740.48,348.096,0,-0.5315351314620214,-0.2638723872138412
17932.0,6.0,3,1331.57,443.8566666666666,0,-0.37818164895917095,-0.7831802932433065
17934.0,1.0,2,704.25,352.125,0,-0.9032362692782258,-0.8907954439044803
17936.0,243.0,1,389.84,389.84,0,-0.9118501003273836,-1.207392200574562
17937.0,122.0,7,4301.22,614.46,0,1.2110246035430379,0.29871974830792825
17939.0,279.0,1,99.14,99.14,0,-1.971022194264189,-0.6323886821530929
17940.0,70.0,10,4106.4400000000005,410.64400000000006,0,0.5414201089900208,0.9236628684071305
17941.0,337.0,1,304.56,304.56,0,-1.2267849873000938,-1.0477884926154915
17942.0,302.0,1,77.50000000000001,77.50000000000001,0,-2.0508945818128623,-0.5917960741003813
17947.0,303.0,1,176.68,176.68,0,-1.6902009966587226,-0.7894191278343238
17949.0,4.0,45,58510.48,1300.232888888889,2,21.496627027192222,23.682282595034305
17950.0,455.0,3,482.2,160.73333333333332,0,-1.6099410264257048,-0.5018086464229806
17951.0,698.0,3,1008.5400000000001,336.18,0,-0.8729733151192118,-0.7328907833956755
17954.0,125.0,12,2332.72,194.39333333333332,0,-0.696874938663837,0.8455885879993809
17955.0,220.0,4,557.3,139.325,0,-1.6233007952049654,-0.32390053710736
17956.0,251.0,1,12.75,12.75,0,-2.283831125405018,-0.45729842648855973
17957.0,245.0,1,111.68,111.68,0,-1.9236932236905173,-0.6536618736496096
17961.0,2.0,39,1296.44,33.242051282051285,0,-0.9577221636530264,2.7058397080040537
17964.0,122.0,2,471.7,235.85,0,-1.369086471935819,-0.7203725132691938
17965.0,10.0,14,2622.57,187.32642857142858,0,-0.5786011090011638,1.1344423402569364
17966.0,34.0,5,1098.43,219.686,0,-1.1536439896287165,-0.20372256282462015
17967.0,639.0,1,123.07,123.07,0,-1.9021692550324913,-0.719219738295571
17968.0,698.0,1,277.35,277.35,0,-1.3439923824657691,-1.0328844693224097
17970.0,5.0,1,582.59,582.59,0,-0.19874342834918723,-1.5653494002758495
17972.0,7.0,1,136.04,136.04,0,-1.8230658792354666,-0.6762750336727932
17974.0,250.0,3,740.79,246.92999999999998,0,-1.2314823270888076,-0.5800393702350686
17975.0,154.0,13,4488.81,345.29307692307697,0,0.507472953267847,1.4390331091998774
17976.0,667.0,1,353.19,353.19,0,-1.0665759914200086,-1.180544323925861
17977.0,61.0,1,288.14,288.14,0,-1.2725656527629332,-0.9850542559317739
17978.0,455.0,1,300.91999999999996,300.91999999999996,0,-1.2459858834917046,-1.053380267232243
17979.0,244.0,4,757.71,189.4275,0,-1.3946877325813765,-0.3642817893377727
17987.0,158.0,1,198.57,198.57,0,-1.603255970663812,-0.817233590663681
17988.0,338.0,7,201.12,28.731428571428573,0,-2.0430355685894908,-0.008149141653143177
17994.0,38.0,4,678.49,169.6225,0,-1.4751284627216998,-0.32693499108019514
17995.0,283.0,1,76.1,76.1,0,-2.0550268935022276,-0.5869404368757815
17997.0,65.0,8,1970.6699999999998,246.33374999999998,0,-0.7243185410033034,0.29834097278158667
17999.0,303.0,2,382.06,191.03,0,-1.5554433192751247,-0.6693012362828145
18004.0,364.0,1,169.47,169.47,0,-1.7195073499426612,-0.7816986183976644
18005.0,182.0,2,249.72,124.86,0,-1.8109587577670305,-0.5516562227673363
18008.0,37.0,9,2116.19,235.13222222222223,0,-0.6919465719627739,0.45823729231059807
18011.0,697.0,1,102.78999999999999,102.78999999999999,0,-1.9788631260538696,-0.6851442250727865
18013.0,157.0,2,187.29,93.645,0,-1.9331161469689437,-0.4996494179661618
18014.0,30.0,1,166.42,166.42,0,-1.7137276567850068,-0.739278820560725
18015.0,213.0,1,120.03,120.03,0,-1.8917054383511354,-0.6668084352970691
18016.0,153.0,5,1483.56,296.712,0,-0.7819418010337105,-0.2429614050361319
18017.0,312.0,3,523.0,174.33333333333334,0,-1.5446380944495788,-0.5021102978565245
18022.0,244.0,1,668.11,668.11,0,0.10024156527167616,-1.7616680488090783
18024.0,65.0,2,389.78,194.89,0,-1.5281578129868512,-0.649496799393433
18027.0,305.0,1,115.31,115.31,0,-1.913521087693674,-0.667420105391918
18030.0,213.0,2,230.64999999999998,115.32499999999999,0,-1.8502250937676241,-0.539974535288232
18032.0,101.0,1,73.5,73.5,0,-2.0552893230828353,-0.5619574083925043
18033.0,214.0,1,97.97,97.97,0,-1.971994059200358,-0.6229853736407078
18035.0,244.0,3,730.4,243.46666666666667,0,-1.245969355119502,-0.575346860248953
18036.0,129.0,3,405.62,135.20666666666668,0,-1.7024832843776465,-0.43655939369425467
18037.0,126.0,6,70.02,11.67,0,-2.152568882326886,-0.06803530005371361
18040.0,129.0,2,357.20000000000005,178.60000000000002,0,-1.595799736580833,-0.6307404903167879
18041.0,67.0,21,4183.39,199.20904761904762,0,0.10671559409292541,2.2327908041897713
18043.0,486.0,3,559.51,186.50333333333333,0,-1.5014565009121128,-0.5352398847889389
18044.0,213.0,10,2088.6,208.85999999999999,0,-0.7747339805741604,0.560749384398319
18055.0,278.0,10,6784.1900000000005,678.4190000000001,0,2.2679115926885687,1.3619779344039258
18059.0,276.0,3,306.46,102.15333333333332,0,-1.8510636245075485,-0.4140028820073018
18061.0,34.0,10,2119.41,211.94099999999997,0,-0.745705282655112,0.5855317781714217
18062.0,193.0,3,720.52,240.17333333333332,0,-1.257457042870862,-0.5659557461034673
18065.0,96.0,14,2392.83,170.91642857142855,0,-0.7101764269661017,1.0697562988381724
18069.0,2.0,5,2036.67,407.334,0,-0.23185408970511234,-0.26428535822146326
18071.0,455.0,2,453.0,226.5,0,-1.4228780875115887,-0.7418465018738435
18072.0,158.0,1,247.44,247.44,0,-1.4255027505435194,-0.9145568475023824
18073.0,157.0,12,3877.5200000000004,323.1266666666667,0,0.21809158694672393,1.169924565038838
18074.0,698.0,1,489.6,489.6,0,-0.5719825406296293,-1.4555744890485067
18075.0,31.0,10,2611.75,261.175,0,-0.42618324461619195,0.670609956859633
18077.0,33.0,11,2633.0099999999998,239.36454545454544,0,-0.4698977941389926,0.8014832174766241
18078.0,189.0,2,336.13,168.065,0,-1.6404850045070711,-0.6206356461667901
18079.0,217.0,4,3651.97,912.9925,0,1.9257462263144949,-0.9068003555571557
18080.0,37.0,2,1231.5,615.75,0,0.1372866671774795,-1.310958464415618
18081.0,275.0,3,343.45,114.48333333333333,0,-1.798357921587307,-0.4282756293202563
18085.0,698.0,2,689.95,344.975,0,-0.9667182761045773,-0.955353479653579
18086.0,69.0,1,101.34,101.34,0,-1.9524112111597716,-0.6139177673754723
18087.0,305.0,2,4055.7199999999993,2027.8599999999997,0,5.707061088866457,-3.569745474844966
18088.0,92.0,1,167.67000000000002,167.67000000000002,0,-1.7123132534254046,-0.7485149875220766
18092.0,3.0,11,9068.26,824.3872727272727,0,3.5117617479206866,2.0531561323370817
18093.0,33.0,4,2106.52,526.63,0,0.16275566990436396,-0.5955196268940336
18094.0,220.0,7,3017.3,431.04285714285714,0,0.1905027380301909,0.19932184904980865
18095.0,40.0,2,580.0500000000001,290.02500000000003,0,-1.1507424610380657,-0.7969878418527979
18096.0,154.0,3,911.15,303.71666666666664,0,-0.984125413668625,-0.6358279718507927
18097.0,217.0,6,2697.8,449.6333333333334,0,0.12914859561266945,-0.04673826791759983
18099.0,247.0,1,168.31,168.31,0,-1.717815852597485,-0.7666565959783673
18102.0,90.0,60,259657.3,4327.621666666667,3,95.56217230197679,100.42487975719635
18104.0,303.0,1,754.64,754.64,0,0.4119936237776278,-1.9404105238338292
18105.0,303.0,1,113.48000000000002,113.48000000000002,0,-1.920076247561168,-0.6635580713128192
18109.0,5.0,26,8052.97,309.7296153846154,0,1.812410342698274,3.9196472093954275
18113.0,547.0,1,76.32000000000001,76.32000000000001,0,-2.067563719043574,-0.6161069830874019
18116.0,276.0,8,1418.03,177.25375,0,-1.139342009357235,0.21346206366624398
18118.0,30.0,26,5653.82,217.45461538461538,0,0.7451310592158464,3.149006814540222
18119.0,517.0,1,181.12,181.12,0,-1.684862605476106,-0.8215486985618203
18120.0,97.0,1,111.15,111.15,0,-1.9181441584067471,-0.636501065628347
18121.0,126.0,2,673.1,336.55,0,-0.9711328295489714,-0.8798060766774949
18122.0,4.0,6,1826.21,304.36833333333334,0,-0.6184226128998442,-0.03390804265623948
18123.0,122.0,2,589.4399999999999,294.71999999999997,0,-1.1363215548678203,-0.8133241418265975
18125.0,61.0,4,1142.99,285.7475,0,-0.9436126211490844,-0.4169782319523011
18126.0,62.0,1,206.82999999999998,206.82999999999998,0,-1.5683623213331983,-0.823236453786502
18129.0,68.0,1,112.55000000000001,112.55000000000001,0,-1.911586933226554,-0.6361333533473665
18130.0,30.0,3,1059.39,353.13000000000005,0,-0.766841738874568,-0.6799694502417798
18133.0,36.0,1,931.4999999999999,931.4999999999999,0,1.0687691809343822,-2.2635674532279206
18135.0,60.0,5,681.9100000000001,136.382,0,-1.5634569932378835,-0.17811988188370237
18136.0,6.0,3,784.33,261.4433333333333,0,-1.1571765889839405,-0.5704155250168667
18142.0,128.0,2,1019.52,509.76,0,-0.28638230849187685,-1.1535102387886882
18144.0,36.0,12,2888.75,240.72916666666666,0,-0.3624669632229307,0.9732673078174586
18146.0,281.0,2,160.35000000000002,80.17500000000001,0,-1.9926392707561396,-0.4918748793035436
18149.0,38.0,3,612.0799999999999,204.02666666666664,0,-1.4039906952720047,-0.506927632797642
18150.0,153.0,3,566.58,188.86,0,-1.4745695340724299,-0.501751685897757
18154.0,182.0,2,399.19,199.595,0,-1.5154655341034178,-0.6696575810183567
18156.0,578.0,2,734.94,367.47,0,-0.8717134612165671,-0.9778131436745578
18158.0,2.0,2,453.4,226.7,0,-1.3992021904369172,-0.6928669269810334
18159.0,39.0,1,530.15,530.15,0,-0.3911993373881687,-1.4646164594880662
18161.0,184.0,5,1618.69,323.738,0,-0.6509799484622883,-0.2555589023817038
18164.0,303.0,1,399.65000000000003,399.65000000000003,0,-0.8791996565682438,-1.233457731831157
18167.0,244.0,3,1384.8600000000001,461.62000000000006,0,-0.3143469802042711,-0.8297983444487116
18168.0,70.0,6,1169.94,194.99,0,-1.1927482588598757,-0.04888204201144586
18169.0,62.0,1,202.65,202.65,0,-1.583566095839088,-0.8149120990988457
18170.0,183.0,3,980.31,326.77,0,-0.8871413572217837,-0.6658728825810606
18171.0,1.0,5,1231.31,246.262,0,-1.0216555931663354,-0.20920200732580047
18172.0,5.0,20,7561.68,378.084,0,1.7513610906297132,3.133318838416557
18173.0,69.0,4,2106.84,526.71,0,0.16130395333171577,-0.5994974467164119
18174.0,302.0,1,104.0,104.0,0,-1.954507016165476,-0.6445700930532272
18177.0,122.0,6,1341.42,223.57000000000002,0,-1.0461781138477404,-0.05250468858288515
18178.0,250.0,4,1590.81,397.7025,0,-0.43961117416498496,-0.5219420180235123
18179.0,163.0,6,1793.17,298.8616666666667,0,-0.6552017759275655,-0.05160267181725142
18180.0,2.0,6,1843.75,307.2916666666667,0,-0.6030607995790311,-0.03348215067150162
18183.0,69.0,2,632.07,316.035,0,-1.0493670934901815,-0.8412115934091081
18185.0,251.0,1,304.25,304.25,0,-1.223567903283771,-1.0378126349698662
18196.0,216.0,2,689.13,344.565,0,-0.9439891939444087,-0.9022549835995335
18198.0,122.0,17,5425.56,319.15058823529415,0,0.8071879984755197,2.1713614864576654
18202.0,343.0,3,1396.99,465.66333333333336,0,-0.30208133587748676,-0.8452875992855632
18203.0,218.0,1,160.42000000000002,160.42000000000002,0,-1.7450488343933004,-0.7477881049776912
18205.0,275.0,2,517.36,258.68,0,-1.2865488027185363,-0.7730689192638827
18209.0,30.0,1,139.10000000000002,139.10000000000002,0,-1.8130977810675195,-0.6848717942289608
18210.0,61.0,6,2621.38,436.8966666666667,0,0.07053991535469506,-0.03066971669320151
18211.0,191.0,5,600.07,120.01400000000001,0,-1.6503390787879357,-0.1867888080266366
18215.0,32.0,1,299.34000000000003,299.34000000000003,0,-1.2303632146263483,-1.00420297330128
18216.0,122.0,1,481.75,481.75,0,-0.571436121771095,-1.377261236537022
18217.0,61.0,2,621.75,310.875,0,-1.0693649621703814,-0.8321937546527219
18218.0,6.0,2,662.08,331.04,0,-0.9868564247593016,-0.8580477967924081
18219.0,97.0,10,2069.77,206.977,0,-0.7810883932666685,0.5701310709138617
18221.0,6.0,5,1041.61,208.32199999999997,0,-1.2079553332838655,-0.19679702935721938
18222.0,124.0,1,443.0,443.0,0,-0.7124812416760888,-1.3003093200838003
18223.0,191.0,14,6484.54,463.18142857142857,0,1.551025183325438,2.04481168851565
18225.0,162.0,12,5509.12,459.0933333333333,0,1.1859235609399361,1.515618290773674
18226.0,33.0,11,5228.05,475.27727272727276,0,1.1351109950822158,1.304908807844734
18227.0,189.0,1,93.75,93.75,0,-1.986080348594903,-0.6118608655223624
18229.0,1.0,20,7276.900000000001,363.845,0,1.614115222269413,3.0505011456123676
18230.0,61.0,7,2810.2000000000003,401.4571428571429,0,0.03472073175693535,0.20231121495990145
18232.0,218.0,4,592.97,148.2425,0,-1.5822942320897448,-0.3304053207202514
18235.0,33.0,3,1796.48,598.8266666666667,0,0.2822527027583306,-0.9668736140885219
18236.0,61.0,6,882.24,147.04,0,-1.4426085842694345,-0.05131852611204313
18237.0,3.0,5,987.1,197.42000000000002,0,-1.2612641339760942,-0.1927496729099118
18239.0,220.0,5,1561.6100000000001,312.322,0,-0.7087795035563942,-0.2555800871094734
18241.0,31.0,17,2073.09,121.9464705882353,0,-0.9044981743676285,1.2723106877539685
18242.0,67.0,4,2232.4900000000002,558.1225000000001,0,0.30549748432689694,-0.6229599998090524
18245.0,6.0,7,2567.06,366.72285714285715,0,-0.15482262091644605,0.1914925472923551
18248.0,94.0,2,804.02,402.01,0,-0.7106952341227578,-0.9796806231092705
18250.0,312.0,1,349.27,349.27,0,-1.062899820576654,-1.1341067296806462
18255.0,32.0,1,103.3,103.3,0,-1.9434129644193137,-0.6137947213950182
18257.0,276.0,8,2337.63,292.20375,0,-0.4664752407640418,0.31649429668086326
18259.0,486.0,3,2338.6000000000004,779.5333333333334,0,1.031074212940434,-1.2269431073311088
18260.0,101.0,6,2643.2000000000003,440.53333333333336,0,0.08750376734750032,-0.03476343908535684
18261.0,216.0,2,324.24,162.12,0,-1.6653548350939076,-0.6141870394487687
18263.0,157.0,3,1213.1599999999999,404.3866666666666,0,-0.5543663980023532,-0.7535747360923168
18265.0,248.0,2,801.51,400.755,0,-0.7234372843371244,-0.9944573118748776
18269.0,486.0,1,168.6,168.6,0,-1.7288350936983847,-0.7932420507247635
18270.0,334.0,2,283.15,141.575,0,-1.7525485458711745,-0.5945886500095611
18272.0,4.0,6,3078.58,513.0966666666667,0,0.47120892134942327,-0.019038653503052005
18273.0,152.0,3,204.0,68.0,0,-1.990650849984323,-0.36067318249760816
18274.0,91.0,1,175.92,175.92,0,-1.6822552847116692,-0.7648358151505584
18277.0,1.0,1,110.38,110.38,0,-1.9160950267288086,-0.6245209328589341
18280.0,161.0,1,180.60000000000002,180.60000000000002,0,-1.6687692090658013,-0.7817732907405103
18281.0,5.0,1,80.82,80.82,0,-2.0238147043827324,-0.5660882874468093
18282.0,217.0,2,178.05,89.025,0,-1.9544142145476835,-0.4988839467211589
18283.0,61.0,16,2094.88,130.93,0,-0.89136379750437,1.1865512447597788
18287.0,1.0,3,1837.28,612.4266666666666,0,0.3419480222869178,-0.9792542612537196
